seed,sample_size,measure,perturbation,lambda,median_discrepancy,mean_discrepancy,median_rho,mean_rho,q025_rho,q975_rho,exceedance_rate,n_repetitions
20260829,100,JS,contamination,0.0,0.08614323483947228,0.08747035383030587,0.7017732709734613,0.7125847599650672,0.4301718955276176,1.0700861441879599,0.046,1000
20260829,100,JS,contamination,0.05,0.10118629581589977,0.10245499937787728,0.8243228609273716,0.8346584636040507,0.520789946677757,1.217328005767883,0.178,1000
20260829,100,JS,contamination,0.1,0.11480351322891297,0.11615052582056837,0.9352566936687936,0.9462302475903523,0.6086381567656897,1.3302945629649547,0.357,1000
20260829,100,JS,contamination,0.2,0.14698285885431123,0.1486038081735839,1.197408500243087,1.2106137032748514,0.8373627314043637,1.635255036614533,0.836,1000
20260829,100,JS,contamination,0.3,0.18591494543335252,0.1879958078837709,1.5145720917347387,1.5315240166421005,1.0821784971931527,2.0081235041389,0.989,1000
20260829,100,JS,contamination,0.4,0.22819625440431202,0.22890908073775648,1.859020411476658,1.864827512505422,1.3904848128497087,2.3730376575413876,1.0,1000
20260829,100,JS,contamination,0.5,0.2760691901565464,0.2766797708308376,2.249021399674441,2.253995547647744,1.6963987900999473,2.816874712909946,1.0,1000
20260829,100,JS,contamination,0.6,0.32941374040295446,0.33101765323051946,2.6835973659101113,2.696663779697034,2.1569327284999757,3.321849644899416,1.0,1000
20260829,100,JS,contamination,0.8,0.4673167062379513,0.4668064428601852,3.807035736796812,3.80287883230698,3.167921374162752,4.42373524253635,1.0,1000
20260829,100,JS,contamination,1.0,0.6557052820654714,0.6532137786513529,5.341759471270871,5.321462224437433,4.9437671004479835,5.590315286201057,1.0,1000
20260829,100,JS,location,0.0,0.08681477836110513,0.08847455411779977,0.7072440580254629,0.7207655639687749,0.44232075854639336,1.0824154297037365,0.057,1000
20260829,100,JS,location,0.05,0.08577741804051991,0.08791635649066634,0.6987931129604003,0.7162181589941065,0.440192769943833,1.0627032546548836,0.057,1000
20260829,100,JS,location,0.1,0.08814405003263658,0.08988171672195301,0.7180730840155054,0.7322291351400733,0.43961882758975057,1.0809159513514806,0.062,1000
20260829,100,JS,location,0.2,0.09089259643516581,0.09236313680142308,0.7404643536598332,0.7524442372206257,0.4600349972753907,1.127899116124176,0.08,1000
20260829,100,JS,location,0.3,0.09607164808121435,0.0971894460831241,0.7826559432949437,0.7917621808485904,0.4751298042032277,1.182418075218888,0.117,1000
20260829,100,JS,location,0.4,0.10635349916958858,0.10771050153172487,0.8664179274298157,0.8774728638757214,0.5297081470184558,1.2956427928321004,0.232,1000
20260829,100,JS,location,0.5,0.1123392419037945,0.11396083692911396,0.9151812953903664,0.928391758721972,0.5772579864194407,1.3940823408085479,0.33,1000
20260829,100,JS,location,0.6,0.1237748850296184,0.12563962518043506,1.008342745584913,1.0235340115919622,0.6463701376578723,1.4984350177802392,0.518,1000
20260829,100,JS,location,0.8,0.1524657178905533,0.15439258817334145,1.24207508290997,1.257772497380342,0.8230938106433572,1.790779598820247,0.854,1000
20260829,100,JS,location,1.0,0.1893079346869506,0.1915436058175105,1.5422133704876497,1.5604264576213946,1.0704709466516278,2.173257399613856,0.988,1000
20260829,100,JS,scale,0.0,0.08656268262137258,0.08747952074974663,0.7051903384013941,0.7126594390626502,0.42478850993399137,1.063654370363802,0.051,1000
20260829,100,JS,scale,0.05,0.08709504023243483,0.08926622450391204,0.7095272354628867,0.727214974853218,0.41162631696659413,1.0734093323894602,0.065,1000
20260829,100,JS,scale,0.1,0.09056662866242388,0.09235847427623073,0.7378088291658282,0.752406253558167,0.4611874256819698,1.0901352164587639,0.081,1000
20260829,100,JS,scale,0.2,0.10071887783322007,0.1021351955335658,0.8205150001333325,0.8320531540831049,0.5079612683925504,1.2247086986307578,0.172,1000
20260829,100,JS,scale,0.3,0.10864645564932576,0.10981752663884428,0.8850976945871969,0.8946379251158973,0.5492153894543701,1.287506358333234,0.281,1000
20260829,100,JS,scale,0.4,0.11914770836830679,0.12083328462354755,0.970647052974438,0.9843787448980094,0.6323045521992193,1.405103740733382,0.441,1000
20260829,100,JS,scale,0.5,0.13197864812532278,0.1323499023761059,1.0751754071710762,1.0781998618530992,0.6910127882371692,1.5166112878002023,0.641,1000
20260829,100,JS,scale,0.6,0.14163162973482535,0.14335437191028397,1.1538142520132855,1.1678487193021962,0.790305682831183,1.6377298680655514,0.759,1000
20260829,100,JS,scale,0.8,0.16523130593675564,0.16613563203441198,1.3460710437741907,1.3534382141011652,0.919662665846667,1.8369283332348043,0.947,1000
20260829,100,JS,scale,1.0,0.18881949070070472,0.18993158574317462,1.5382342195473135,1.5472939974514266,1.1137690800299402,2.070980004848093,0.996,1000
20260829,100,MMD2,contamination,0.0,0.006546616499536029,0.008599658804909285,0.2761947906289862,0.3628104629728916,0.033658556009832294,1.2127639155799523,0.055,1000
20260829,100,MMD2,contamination,0.05,0.009780065170231333,0.011970644276300929,0.4126105526757712,0.5050287564303372,0.07083584632293508,1.546929197513203,0.092,1000
20260829,100,MMD2,contamination,0.1,0.019643349978248792,0.021994094927289987,0.8287320534017586,0.9279074838044092,0.19559229679544027,2.2266706569917196,0.379,1000
20260829,100,MMD2,contamination,0.2,0.05614149474848079,0.05865340428836394,2.368549981315374,2.474524774477025,0.8432924976272155,4.812846464782408,0.957,1000
20260829,100,MMD2,contamination,0.3,0.11458845042841193,0.11830980806506458,4.834364908471147,4.991365031112164,2.2315219219355225,9.306034490622888,1.0,1000
20260829,100,MMD2,contamination,0.4,0.19534321643853875,0.19988881212029266,8.241322638779693,8.433096488323963,4.450222450168459,13.635921208589837,1.0,1000
20260829,100,MMD2,contamination,0.5,0.30388543034031634,0.30971582252248864,12.820603255741563,13.066581303814806,7.712481818849277,19.390272870419874,1.0,1000
20260829,100,MMD2,contamination,0.6,0.43913769258368257,0.44138427925744833,18.52675241768663,18.62153352118255,12.21161520062815,25.67879048505034,1.0,1000
20260829,100,MMD2,contamination,0.8,0.7689649381686829,0.7724051364483807,32.441813280735595,32.586951588997685,25.180687840091675,39.87237943714151,1.0,1000
20260829,100,MMD2,contamination,1.0,1.2092394541243578,1.2056651310103992,51.01652706796814,50.86573017553215,46.03202102216474,55.46424648433655,1.0,1000
20260829,100,MMD2,location,0.0,0.006593958017191315,0.00899779786868509,0.2781920789316975,0.3796075268254286,0.03899651076682312,1.319847461205119,0.055,1000
20260829,100,MMD2,location,0.05,0.006346348671269597,0.008846964798357868,0.2677457038523759,0.3732440399338555,0.037885835460150494,1.3401224861790801,0.059,1000
20260829,100,MMD2,location,0.1,0.007747836473192771,0.01082249363965816,0.3268729843412639,0.45658950163046286,0.04373824178961365,1.588890797568768,0.098,1000
20260829,100,MMD2,location,0.2,0.013176401042028552,0.01653013727099469,0.5558983525771752,0.6973889188337745,0.04436693078537589,2.3027651027396097,0.241,1000
20260829,100,MMD2,location,0.3,0.02201050208959998,0.026736649123819498,0.9285996845403689,1.1279908037071287,0.0784652309642853,3.327249788498568,0.465,1000
20260829,100,MMD2,location,0.4,0.03519349361183777,0.038695773262200875,1.484776082471455,1.6325335377653087,0.22995359864930578,4.069963939907043,0.694,1000
20260829,100,MMD2,location,0.5,0.052434596802819256,0.05670090725506705,2.2121598976656647,2.3921510002757453,0.49286398559297406,5.175739114792359,0.861,1000
20260829,100,MMD2,location,0.6,0.07293487691051304,0.07626760991478035,3.0770449222552885,3.2176493847896617,0.8486696416592899,6.4693026341189395,0.959,1000
20260829,100,MMD2,location,0.8,0.11891152293700358,0.12377815602615283,5.016750741896554,5.2220688183748285,2.1423147323044764,9.183368134064997,0.998,1000
20260829,100,MMD2,location,1.0,0.18154950954678867,0.18423369362651099,7.659380808639725,7.772623681497956,3.7576358687996816,12.482607329462894,1.0,1000
20260829,100,MMD2,scale,0.0,0.006266267256725633,0.008538731963098695,0.2643671541046076,0.3602400242861664,0.032513389143104685,1.213679870029087,0.046,1000
20260829,100,MMD2,scale,0.05,0.007047621781401614,0.00957883746443524,0.297331670869136,0.4041209696865978,0.05547871850656653,1.2751878011421411,0.067,1000
20260829,100,MMD2,scale,0.1,0.00791923132242478,0.010685071201225152,0.3341039508262988,0.45079179504211764,0.05756242816699571,1.4324175118093725,0.086,1000
20260829,100,MMD2,scale,0.2,0.01373001552613895,0.016799075753773395,0.5792547591329712,0.7087351475228088,0.10828911618075607,2.0760271856407515,0.227,1000
20260829,100,MMD2,scale,0.3,0.021451885645839497,0.024677470839130137,0.9050322506243498,1.0411162609188287,0.16068882217282865,2.7472188493441414,0.444,1000
20260829,100,MMD2,scale,0.4,0.03199067873090078,0.03433614306507362,1.3496527274488286,1.4486053743238263,0.3005918395646309,3.2998312269846353,0.665,1000
20260829,100,MMD2,scale,0.5,0.04050958679355532,0.0436646465264945,1.7090564024493735,1.8421650185448546,0.481285617652228,3.9105979213145514,0.821,1000
20260829,100,MMD2,scale,0.6,0.05357530373023078,0.05658452352682979,2.2602851102862287,2.387240894505018,0.7766501692513487,4.72789559927479,0.923,1000
20260829,100,MMD2,scale,0.8,0.07741620840052738,0.08022523338186344,3.2661075338671512,3.3846173116503295,1.3902845733898535,6.20508595573634,0.992,1000
20260829,100,MMD2,scale,1.0,0.10557859498584449,0.10670733306512635,4.4542486854216214,4.501868945063272,1.9527195093470706,7.687362746683712,0.999,1000
20260829,100,TV,contamination,0.0,0.28,0.28759,0.7777777777777779,0.7988611111111112,0.5833333333333334,1.0555555555555556,0.045,1000
20260829,100,TV,contamination,0.05,0.30000000000000004,0.30534000000000006,0.8333333333333335,0.8481666666666667,0.6111111111111112,1.1111111111111112,0.084,1000
20260829,100,TV,contamination,0.1,0.32,0.32241000000000003,0.888888888888889,0.8955833333333334,0.6666666666666666,1.138888888888889,0.166,1000
20260829,100,TV,contamination,0.2,0.37,0.37007999999999996,1.027777777777778,1.028,0.7777777777777779,1.2777777777777777,0.542,1000
20260829,100,TV,contamination,0.3,0.43,0.42688,1.1944444444444444,1.1857777777777778,0.9444444444444445,1.4444444444444446,0.917,1000
20260829,100,TV,contamination,0.4,0.49,0.48529,1.3611111111111112,1.3480277777777778,1.0833333333333335,1.5840277777777774,0.998,1000
20260829,100,TV,contamination,0.5,0.55,0.55086,1.527777777777778,1.5301666666666667,1.2777777777777777,1.777777777777778,1.0,1000
20260829,100,TV,contamination,0.6,0.63,0.62771,1.75,1.743638888888889,1.4722222222222223,2.0,1.0,1000
20260829,100,TV,contamination,0.8,0.79,0.7891,2.1944444444444446,2.1919444444444443,1.972222222222222,2.3888888888888893,1.0,1000
20260829,100,TV,contamination,1.0,0.97,0.96624,2.6944444444444446,2.684,2.583333333333333,2.7506944444444446,1.0,1000
20260829,100,TV,location,0.0,0.29,0.28767000000000004,0.8055555555555556,0.7990833333333334,0.5555555555555556,1.027777777777778,0.041,1000
20260829,100,TV,location,0.05,0.29,0.28697,0.8055555555555556,0.797138888888889,0.5555555555555556,1.027777777777778,0.04,1000
20260829,100,TV,location,0.1,0.29,0.28906,0.8055555555555556,0.8029444444444445,0.5826388888888888,1.027777777777778,0.046,1000
20260829,100,TV,location,0.2,0.29000000000000004,0.29448,0.8055555555555557,0.818,0.5833333333333334,1.0555555555555556,0.053,1000
20260829,100,TV,location,0.3,0.30000000000000004,0.30254000000000003,0.8333333333333335,0.840388888888889,0.6111111111111112,1.0833333333333335,0.078,1000
20260829,100,TV,location,0.4,0.32,0.31845,0.888888888888889,0.8845833333333334,0.638888888888889,1.1666666666666667,0.16,1000
20260829,100,TV,location,0.5,0.33,0.33187,0.9166666666666667,0.9218611111111112,0.6666666666666667,1.1673611111111106,0.224,1000
20260829,100,TV,location,0.6,0.35,0.35425,0.9722222222222222,0.9840277777777778,0.7222222222222223,1.25,0.407,1000
20260829,100,TV,location,0.8,0.4,0.40105,1.1111111111111112,1.1140277777777778,0.8604166666666665,1.4166666666666667,0.765,1000
20260829,100,TV,location,1.0,0.45,0.45236000000000004,1.25,1.2565555555555556,1.0,1.527777777777778,0.966,1000
20260829,100,TV,scale,0.0,0.2899999999999999,0.28813,0.8055555555555555,0.8003611111111112,0.5833333333333334,1.0833333333333333,0.064,1000
20260829,100,TV,scale,0.05,0.29000000000000004,0.29137,0.8055555555555557,0.8093611111111112,0.5833333333333334,1.0555555555555556,0.045,1000
20260829,100,TV,scale,0.1,0.29000000000000004,0.29460000000000003,0.8055555555555557,0.8183333333333334,0.5833333333333334,1.0555555555555556,0.06,1000
20260829,100,TV,scale,0.2,0.31,0.3075,0.8611111111111112,0.8541666666666667,0.6111111111111112,1.0833333333333335,0.102,1000
20260829,100,TV,scale,0.3,0.32000000000000006,0.324,0.8888888888888891,0.9000000000000001,0.6666666666666667,1.138888888888889,0.19,1000
20260829,100,TV,scale,0.4,0.33999999999999997,0.33891000000000004,0.9444444444444444,0.9414166666666668,0.7222222222222223,1.1944444444444444,0.286,1000
20260829,100,TV,scale,0.5,0.36,0.35798,1.0,0.9943888888888889,0.7500000000000001,1.25,0.448,1000
20260829,100,TV,scale,0.6,0.37,0.3738,1.027777777777778,1.0383333333333336,0.8055555555555557,1.3055555555555556,0.581,1000
20260829,100,TV,scale,0.8,0.41000000000000003,0.41208,1.138888888888889,1.1446666666666667,0.9166666666666666,1.4166666666666667,0.828,1000
20260829,100,TV,scale,1.0,0.44000000000000006,0.44351,1.2222222222222223,1.2319722222222222,0.9722222222222222,1.5000000000000002,0.95,1000
20260829,100,W1,contamination,0.0,0.16298528828910186,0.17532900045625463,0.5644088964234988,0.6071544781576869,0.30745044187804355,1.1404920931811582,0.056,1000
20260829,100,W1,contamination,0.05,0.23096835125260023,0.24652425107645098,0.7998304240073659,0.8536996311279523,0.4131875670997763,1.5331859528710348,0.267,1000
20260829,100,W1,contamination,0.1,0.3529999915961462,0.3679404310180679,1.2224191384739067,1.2741570408007195,0.6021255551002745,2.24266370495389,0.715,1000
20260829,100,W1,contamination,0.2,0.6236079902971343,0.6347012388856454,2.1595194345403765,2.197934731155904,1.2446952001846114,3.379143241959055,0.997,1000
20260829,100,W1,contamination,0.3,0.9012589954003809,0.9113386919964436,3.1210092660841298,3.1559146890936973,2.0480274971602146,4.351015710805485,1.0,1000
20260829,100,W1,contamination,0.4,1.2250599753602858,1.2251457713961684,4.242313867735329,4.242610974587355,2.9798851014234464,5.519023785508913,1.0,1000
20260829,100,W1,contamination,0.5,1.4990451890803183,1.5036186098539668,5.191109269672353,5.206946768865265,3.921273232873055,6.649391865614958,1.0,1000
20260829,100,W1,contamination,0.6,1.8054368583729992,1.8120907405006155,6.2521264065816275,6.275168426557801,4.86341237464932,7.649942163909176,1.0,1000
20260829,100,W1,contamination,0.8,2.400721669007228,2.396845152382731,8.313564261216527,8.300140101938304,7.11022521053652,9.408132677559834,1.0,1000
20260829,100,W1,contamination,1.0,3.005760091200701,3.0028988422349805,10.408778324698764,10.398869980282605,9.660844054492319,11.147903449239804,1.0,1000
20260829,100,W1,location,0.0,0.16349707153084314,0.1771251252745061,0.5661811730363846,0.6133743574925014,0.31649864326251653,1.1900769092720191,0.067,1000
20260829,100,W1,location,0.05,0.16692994785993936,0.18118759916349036,0.5780690308964556,0.6274424763300972,0.31295604539263794,1.2432300549109911,0.076,1000
20260829,100,W1,location,0.1,0.18107924241473616,0.1966213064668495,0.6270672429969147,0.6808885376173026,0.3226914549486683,1.3271861029382646,0.132,1000
20260829,100,W1,location,0.2,0.23814357634777017,0.25465146704724373,0.8246778253898246,0.8818437234274614,0.36011439963211517,1.6955787607304365,0.34,1000
20260829,100,W1,location,0.3,0.3223290800134163,0.322378183971335,1.116207494831535,1.1163775390790243,0.4301920203177381,2.0057816174211993,0.586,1000
20260829,100,W1,location,0.4,0.4113413716790235,0.4140472696032933,1.4244520599360733,1.4338224324236977,0.5999094060747712,2.3187750617102467,0.808,1000
20260829,100,W1,location,0.5,0.5030871695231072,0.5026014445295286,1.7421626033614523,1.7404805649979365,0.8135893970950012,2.645452962846117,0.939,1000
20260829,100,W1,location,0.6,0.6005415787319581,0.5998887553873533,2.079641747218939,2.0773810566538224,1.1735441108920124,2.9437065445128696,0.993,1000
20260829,100,W1,location,0.8,0.8050537713534891,0.8093634195363205,2.787855980260158,2.8027800497904756,1.8266239375821585,3.900737175428044,1.0,1000
20260829,100,W1,location,1.0,0.9993507155889503,0.9999325903027373,3.4606953820586535,3.46271038150132,2.54033646680445,4.376918947855295,1.0,1000
20260829,100,W1,scale,0.0,0.1662548487314167,0.17763089181681957,0.5757312005431414,0.615125798613302,0.30573274935092914,1.143866617191425,0.063,1000
20260829,100,W1,scale,0.05,0.16795425577648573,0.18196849363049192,0.5816161516632719,0.6301466699967165,0.33307283217904393,1.2111665125838127,0.08,1000
20260829,100,W1,scale,0.1,0.18649884040255704,0.1979243687387571,0.6458350063421512,0.6854009690556171,0.3447934152459008,1.2237138020708054,0.099,1000
20260829,100,W1,scale,0.2,0.2318000513410528,0.24074073118191813,0.8027105546866834,0.8336716266658165,0.39405043996126354,1.430867752033702,0.266,1000
20260829,100,W1,scale,0.3,0.29637719757530906,0.30091470939596127,1.0263375839901165,1.0420507324962578,0.4626321994219027,1.7376375778428261,0.535,1000
20260829,100,W1,scale,0.4,0.36732266350329434,0.3714203917845713,1.2720177466047846,1.28620794942221,0.6581605243302183,1.9907619618424184,0.816,1000
20260829,100,W1,scale,0.5,0.4367104942298323,0.43842967462338134,1.512303906028687,1.5182573311436875,0.8859433087646732,2.2076675039303257,0.931,1000
20260829,100,W1,scale,0.6,0.5103542757610481,0.5124845412221019,1.7673281839792143,1.774705173587195,1.0497985262961564,2.5190024040117285,0.985,1000
20260829,100,W1,scale,0.8,0.6627004724166137,0.6658093831053656,2.2948945038065887,2.3056604868553485,1.466253512289403,3.180553382952927,1.0,1000
20260829,100,W1,scale,1.0,0.8149206992253841,0.8233202625989207,2.8220245971318128,2.851111813185864,1.9707761793633032,3.826089778251715,1.0,1000
20260830,100,JS,contamination,0.0,0.08700189309487041,0.08900183437667626,0.7111381370559412,0.7274853045343983,0.429957656387681,1.0761329481480273,0.068,500
20260830,100,JS,contamination,0.05,0.10020810796340601,0.10202276782609666,0.819083409337891,0.8339161191587777,0.5032662341402592,1.1988412619243733,0.178,500
20260830,100,JS,contamination,0.1,0.1171516046882244,0.11701922272839287,0.9575765646875325,0.9564944978847819,0.6099435370845274,1.3137475790724529,0.4,500
20260830,100,JS,contamination,0.2,0.1504906872729061,0.15221924698293332,1.2300843485649682,1.2442132909161225,0.8472973853390365,1.682818788583077,0.874,500
20260830,100,JS,contamination,0.3,0.19156726093215773,0.19245313711576342,1.565837020484743,1.5730780162431297,1.132939055979646,2.055516057635817,0.998,500
20260830,100,JS,contamination,0.4,0.2279852075384524,0.2299321291315713,1.8635108961182616,1.8794246900079508,1.3869851036285192,2.416815412281349,1.0,500
20260830,100,JS,contamination,0.5,0.280022863534232,0.27943156249885837,2.2888575227858423,2.2840243323600165,1.7476224876096311,2.8619159115942225,1.0,500
20260830,100,JS,contamination,0.6,0.32907161387889794,0.3305294880395187,2.689773361559519,2.701689767947542,2.1046378643703583,3.3221351688665126,1.0,500
20260830,100,JS,contamination,0.8,0.4618348678259512,0.46242812531049415,3.774956795194008,3.779805977290453,3.1323519269224,4.448078630054132,1.0,500
20260830,100,JS,contamination,1.0,0.6542289607725448,0.6529618210996307,5.347552194806927,5.337194818497848,4.99608777350754,5.6090062340363,1.0,500
20260830,100,JS,location,0.0,0.09023138431516656,0.0918562374705349,0.7375354289807916,0.7508166922360417,0.4145111689449559,1.1943258566495034,0.092,500
20260830,100,JS,location,0.05,0.0871490213360099,0.08940245752621029,0.7123407373625593,0.7307599275349629,0.4390265615925563,1.0953842081848852,0.076,500
20260830,100,JS,location,0.1,0.08978158080167914,0.09109516982061332,0.7338588143550172,0.7445958594301555,0.4448761353681246,1.045497132387577,0.074,500
20260830,100,JS,location,0.2,0.09146394432527968,0.09309301716312629,0.7476101572220002,0.7609259114179622,0.45716431551564224,1.1320773014082752,0.092,500
20260830,100,JS,location,0.3,0.10058302410508892,0.10187003287686007,0.8221479077880323,0.8326676906085505,0.5232543699244251,1.2065990110179405,0.168,500
20260830,100,JS,location,0.4,0.10430356098713452,0.10549119644965266,0.8525589203881916,0.8622664432968686,0.5176072901062924,1.2567408048098294,0.226,500
20260830,100,JS,location,0.5,0.1142656798946062,0.11639288243869099,0.9339875241688476,0.951374902770961,0.5776740004817846,1.3559552436913296,0.406,500
20260830,100,JS,location,0.6,0.12815760632254086,0.12909757390428614,1.0475376818568773,1.055220811168172,0.700841202469776,1.4883173197923,0.602,500
20260830,100,JS,location,0.8,0.15874701255188395,0.1592042386700744,1.2975700959316119,1.3013073816197376,0.8791522486603965,1.8077875708154993,0.888,500
20260830,100,JS,location,1.0,0.18713554493107953,0.19024691537214655,1.5296129551355997,1.5550447486339163,1.08459510713398,2.1967480399016313,0.99,500
20260830,100,JS,scale,0.0,0.08824846972852932,0.08955837146865744,0.7213274347070969,0.7320343406152854,0.434417707318971,1.0861970694268404,0.068,500
20260830,100,JS,scale,0.05,0.09015865839520082,0.09144590927990087,0.7369409801314577,0.7474627419403761,0.44135042813863246,1.0784730063385035,0.074,500
20260830,100,JS,scale,0.1,0.09403311627988992,0.09503000855625225,0.7686101158733092,0.7767585376034516,0.4872069867381253,1.1162694850436712,0.096,500
20260830,100,JS,scale,0.2,0.10126654589534217,0.10231906647606241,0.8277348944071372,0.8363380120906828,0.5358752013699013,1.2218030436583487,0.174,500
20260830,100,JS,scale,0.3,0.11026080058388515,0.11171881785241536,0.9012523466819111,0.9131699228087585,0.5878497649171227,1.3275387924546822,0.322,500
20260830,100,JS,scale,0.4,0.12220654045477554,0.12287850814204573,0.9988947185355499,1.0043872639536828,0.6474902594070816,1.4318593197381095,0.498,500
20260830,100,JS,scale,0.5,0.1312971362079576,0.1327734947192256,1.0731996456892294,1.0852671399009353,0.7114686620901189,1.522713066934379,0.648,500
20260830,100,JS,scale,0.6,0.14314662811700676,0.14435276535666625,1.1700553036698198,1.1799140568432702,0.7617324751950635,1.6373564771460583,0.798,500
20260830,100,JS,scale,0.8,0.162993681007785,0.1660692452707182,1.3322816152675259,1.357420735377857,0.9598114140289369,1.8646175949679376,0.954,500
20260830,100,JS,scale,1.0,0.18799052362072619,0.1899287020445715,1.5366014002251207,1.5524437289904545,1.1207141322092788,2.055357294318484,0.992,500
20260830,100,MMD2,contamination,0.0,0.006516810749087831,0.008684748779342784,0.26471709563787427,0.35278014994282136,0.034850500449496793,1.1898045733937663,0.036,500
20260830,100,MMD2,contamination,0.05,0.009141747556042579,0.01145816558073398,0.3713437377982711,0.465438146150602,0.06789456377752141,1.536504265244965,0.072,500
20260830,100,MMD2,contamination,0.1,0.01991577459633148,0.02229873484351056,0.8089917310023718,0.9057891277569196,0.17587302341022765,2.0885586396230518,0.362,500
20260830,100,MMD2,contamination,0.2,0.0556754258680196,0.05887475216517188,2.261572048297836,2.3915307655275133,0.7354077466806037,4.979637027929521,0.936,500
20260830,100,MMD2,contamination,0.3,0.11229808236579342,0.11620429823567414,4.5616212215057175,4.720294253426144,2.14621705424751,7.8674287422992695,1.0,500
20260830,100,MMD2,contamination,0.4,0.20556160580305982,0.20824336038634705,8.35004626618323,8.458980883411563,4.35564286479474,13.300767733887357,1.0,500
20260830,100,MMD2,contamination,0.5,0.30989798342155356,0.31494489210725035,12.588257857092195,12.793266573881189,8.191907431311492,18.714031871493432,1.0,500
20260830,100,MMD2,contamination,0.6,0.45048076424679234,0.4533127435242958,18.298821945816428,18.41385878793315,12.659728556941541,25.257579303379742,1.0,500
20260830,100,MMD2,contamination,0.8,0.7787856251212526,0.7817434045879824,31.63477914952196,31.75492607723191,24.759329099811204,38.91141564730581,1.0,500
20260830,100,MMD2,contamination,1.0,1.2192889891842422,1.2161852154196902,49.52831260371805,49.40223529257559,44.945563610240356,53.724233384547475,1.0,500
20260830,100,MMD2,location,0.0,0.00620575053946415,0.00856264439028289,0.25208162739574136,0.34782019015864385,0.03440001382913193,1.144326837830991,0.05,500
20260830,100,MMD2,location,0.05,0.006379172730564764,0.008550211321845627,0.2591261497111603,0.34731515082371456,0.034135247834522424,1.1224605100387797,0.034,500
20260830,100,MMD2,location,0.1,0.007543903373743888,0.010207473589180898,0.3064382667779276,0.4146342231445791,0.047236147188960034,1.4238478815976758,0.072,500
20260830,100,MMD2,location,0.2,0.013020409781601128,0.017208664269396726,0.5288975227465158,0.6990271469582867,0.06014673915526059,2.2480990893317507,0.242,500
20260830,100,MMD2,location,0.3,0.02171865972496556,0.02669685667581796,0.8822260987623272,1.084443700144633,0.11087195089600661,3.1506621439931934,0.442,500
20260830,100,MMD2,location,0.4,0.0337574321894325,0.03788548800300753,1.3712488745556817,1.5389331894260467,0.2513299729760686,3.7255852262960576,0.656,500
20260830,100,MMD2,location,0.5,0.05107367696399623,0.05628266892732625,2.074646011678107,2.2862386567348563,0.5103056463750015,4.841766642055061,0.882,500
20260830,100,MMD2,location,0.6,0.07306002507268583,0.07578007902620762,2.967745786875697,3.078236149459172,0.8290523512349203,6.271582554606902,0.958,500
20260830,100,MMD2,location,0.8,0.12085738884910557,0.12393197297743191,4.909305823709942,5.0341974328239205,2.10384096555196,8.673953487310673,1.0,500
20260830,100,MMD2,location,1.0,0.17948403752898817,0.18477940729364498,7.290758464128082,7.505859831714178,3.599690270379912,12.153875619789707,1.0,500
20260830,100,MMD2,scale,0.0,0.006054324908004727,0.008058060491266065,0.2459306196546189,0.3273236636526278,0.03555074569572703,1.1363450942753501,0.032,500
20260830,100,MMD2,scale,0.05,0.006681106997925124,0.008946662133466829,0.2713909162367758,0.3634192409156866,0.039935731550650944,1.1642320561816861,0.05,500
20260830,100,MMD2,scale,0.1,0.008337466443125274,0.010333791079618028,0.33867331533469613,0.419765321849795,0.04603724956070198,1.406080664104559,0.078,500
20260830,100,MMD2,scale,0.2,0.012798077862367863,0.015540823588243574,0.5198662554298666,0.6312783725806735,0.0790837393148097,1.8142690106576942,0.192,500
20260830,100,MMD2,scale,0.3,0.020768838192869787,0.023638383154019955,0.8436437297122665,0.9602065143572394,0.19646415831532188,2.3696191325239555,0.398,500
20260830,100,MMD2,scale,0.4,0.03182360929020622,0.034425842240436336,1.2926957293024077,1.3984001260204673,0.29844796814049207,3.24158310364895,0.66,500
20260830,100,MMD2,scale,0.5,0.04213968400878759,0.044967499531261716,1.7117414010320038,1.8266091087084657,0.4858728695099495,3.6906816872659585,0.82,500
20260830,100,MMD2,scale,0.6,0.049534435129288956,0.05446674575439349,2.012121006172146,2.2124746751265887,0.7424097216146534,4.5491868804820035,0.934,500
20260830,100,MMD2,scale,0.8,0.0779104611006271,0.08118433688151322,3.1647736563858935,3.297760622183029,1.3051069927172427,5.918169483158227,0.994,500
20260830,100,MMD2,scale,1.0,0.10277230222164746,0.1054606918091778,4.17467782994011,4.283881965360759,1.8397709825992692,7.271649451467412,0.998,500
20260830,100,TV,contamination,0.0,0.29,0.28914,0.8055555555555556,0.8031666666666667,0.5833333333333334,1.0555555555555556,0.046,500
20260830,100,TV,contamination,0.05,0.30000000000000004,0.30351999999999996,0.8333333333333335,0.8431111111111111,0.6243055555555557,1.0833333333333335,0.094,500
20260830,100,TV,contamination,0.1,0.32,0.32748,0.888888888888889,0.9096666666666667,0.7222222222222223,1.138888888888889,0.204,500
20260830,100,TV,contamination,0.2,0.38,0.37792000000000003,1.0555555555555556,1.049777777777778,0.7909722222222224,1.3333333333333333,0.634,500
20260830,100,TV,contamination,0.3,0.42000000000000004,0.42392,1.1666666666666667,1.1775555555555557,0.9444444444444444,1.4312499999999995,0.922,500
20260830,100,TV,contamination,0.4,0.49,0.48740000000000006,1.3611111111111112,1.353888888888889,1.1111111111111112,1.6111111111111114,1.0,500
20260830,100,TV,contamination,0.5,0.55,0.5536,1.527777777777778,1.537777777777778,1.31875,1.7923611111111104,1.0,500
20260830,100,TV,contamination,0.6,0.63,0.62646,1.75,1.7401666666666666,1.4722222222222223,1.986805555555555,1.0,500
20260830,100,TV,contamination,0.8,0.79,0.79072,2.1944444444444446,2.1964444444444444,1.972222222222222,2.416666666666667,1.0,500
20260830,100,TV,contamination,1.0,0.97,0.96458,2.6944444444444446,2.679388888888889,2.56875,2.7500000000000004,1.0,500
20260830,100,TV,location,0.0,0.29,0.28804,0.8055555555555556,0.8001111111111112,0.5833333333333334,1.027777777777778,0.042,500
20260830,100,TV,location,0.05,0.29000000000000004,0.29008,0.8055555555555557,0.8057777777777778,0.5833333333333334,1.027777777777778,0.036,500
20260830,100,TV,location,0.1,0.29000000000000004,0.29216000000000003,0.8055555555555557,0.8115555555555557,0.5833333333333334,1.0555555555555556,0.052,500
20260830,100,TV,location,0.2,0.3,0.29869999999999997,0.8333333333333334,0.8297222222222222,0.6111111111111112,1.0555555555555556,0.08,500
20260830,100,TV,location,0.3,0.31,0.30638,0.8611111111111112,0.8510555555555557,0.6243055555555556,1.0979166666666662,0.094,500
20260830,100,TV,location,0.4,0.32,0.31972,0.888888888888889,0.8881111111111112,0.6666666666666666,1.138888888888889,0.174,500
20260830,100,TV,location,0.5,0.34,0.34268,0.9444444444444445,0.9518888888888889,0.7222222222222223,1.2222222222222223,0.316,500
20260830,100,TV,location,0.6,0.36,0.35684000000000005,1.0,0.9912222222222223,0.75,1.2645833333333327,0.42,500
20260830,100,TV,location,0.8,0.4,0.3986,1.1111111111111112,1.1072222222222223,0.8333333333333335,1.3888888888888888,0.758,500
20260830,100,TV,location,1.0,0.45999999999999996,0.45388,1.2777777777777777,1.2607777777777778,1.0,1.5555555555555558,0.97,500
20260830,100,TV,scale,0.0,0.29,0.28912,0.8055555555555556,0.8031111111111112,0.5833333333333334,1.0555555555555556,0.054,500
20260830,100,TV,scale,0.05,0.29000000000000004,0.2912,0.8055555555555557,0.8088888888888889,0.5833333333333334,1.0555555555555556,0.064,500
20260830,100,TV,scale,0.1,0.3,0.3014,0.8333333333333334,0.8372222222222223,0.6388888888888888,1.0555555555555556,0.068,500
20260830,100,TV,scale,0.2,0.31,0.31026,0.8611111111111112,0.8618333333333333,0.6111111111111112,1.1256944444444439,0.126,500
20260830,100,TV,scale,0.3,0.32,0.3257,0.888888888888889,0.9047222222222223,0.6666666666666667,1.1534722222222218,0.18,500
20260830,100,TV,scale,0.4,0.33999999999999997,0.34242,0.9444444444444444,0.9511666666666667,0.7222222222222223,1.2222222222222223,0.3,500
20260830,100,TV,scale,0.5,0.36,0.36004,1.0,1.0001111111111112,0.7777777777777779,1.25,0.454,500
20260830,100,TV,scale,0.6,0.37,0.37736000000000003,1.027777777777778,1.0482222222222224,0.8055555555555557,1.3055555555555556,0.604,500
20260830,100,TV,scale,0.8,0.41000000000000003,0.40934000000000004,1.138888888888889,1.1370555555555557,0.9020833333333335,1.3611111111111114,0.844,500
20260830,100,TV,scale,1.0,0.44000000000000006,0.44396,1.2222222222222223,1.2332222222222224,0.9854166666666667,1.4722222222222223,0.952,500
20260830,100,W1,contamination,0.0,0.15915943025058507,0.17348144399840532,0.5448990124128767,0.5939319294989961,0.3124418517003675,1.1251982992687426,0.054,500
20260830,100,W1,contamination,0.05,0.2371758617607685,0.25589355154610083,0.8119964531045478,0.8760784284083057,0.41079913062332646,1.6090496722191872,0.308,500
20260830,100,W1,contamination,0.1,0.3515934107215913,0.36332163969735903,1.2037169394954266,1.2438697622102746,0.6063602193789474,2.1664241267895794,0.684,500
20260830,100,W1,contamination,0.2,0.617690783620075,0.621241960544265,2.114729221141313,2.126887048018727,1.214282929004183,3.178900957943945,0.994,500
20260830,100,W1,contamination,0.3,0.91913022560839,0.9186681093343261,3.1467387852815922,3.145156681720648,1.896419876316079,4.335054559760285,1.0,500
20260830,100,W1,contamination,0.4,1.2232753094484605,1.2205968191962162,4.188011398244322,4.178841305772218,2.7404046294402695,5.52338340683106,1.0,500
20260830,100,W1,contamination,0.5,1.4840538692637328,1.493008389177167,5.080814165118213,5.111470903771898,3.856928356107497,6.307381378644189,1.0,500
20260830,100,W1,contamination,0.6,1.8101388628364172,1.8105088163931018,6.197200361529353,6.198466936355354,4.999365092058384,7.5347104051237705,1.0,500
20260830,100,W1,contamination,0.8,2.3978888784289056,2.3959503447689103,8.209424221201171,8.202787447777206,7.0670595378101035,9.351044967773284,1.0,500
20260830,100,W1,contamination,1.0,3.0055257253232277,3.0036034340324256,10.28973273485378,10.283151568885298,9.568053109673999,11.01539148155112,1.0,500
20260830,100,W1,location,0.0,0.16340755900405127,0.17594703336208758,0.5594429270192686,0.6023731334362739,0.29668537933288747,1.1069469016711841,0.048,500
20260830,100,W1,location,0.05,0.16757924777702587,0.1800687496564969,0.5737251413304711,0.6164842617227578,0.3112106905052847,1.2045909994181512,0.062,500
20260830,100,W1,location,0.1,0.17958215486673046,0.1959876826740532,0.6148183533944136,0.6709843995171458,0.29008861293263766,1.3148531401078507,0.12,500
20260830,100,W1,location,0.2,0.21853762889071845,0.24290976143352427,0.7481865068888466,0.8316270603770167,0.33061687874424556,1.7169453014257918,0.276,500
20260830,100,W1,location,0.3,0.32095219121125335,0.33074436225214054,1.0988135088660125,1.1323380340616398,0.44954113613195323,2.010845441404814,0.592,500
20260830,100,W1,location,0.4,0.4084335269757723,0.41670058603785615,1.398315042564613,1.4266181868482792,0.5071217804947874,2.3949403264502536,0.828,500
20260830,100,W1,location,0.5,0.49534963955186107,0.5002322552734849,1.6958814753604046,1.7125976226883737,0.7942564937983089,2.6530252928284344,0.912,500
20260830,100,W1,location,0.6,0.6090708778204736,0.6066527056194836,2.085218069022335,2.0769392027177176,1.1339027140814995,2.954606784618718,0.986,500
20260830,100,W1,location,0.8,0.8013960603324803,0.804323105127772,2.7436635148744735,2.7536845599092006,1.8371419281522674,3.6078722871040956,1.0,500
20260830,100,W1,location,1.0,0.9942386078727876,0.9938561072856448,3.4038802141957527,3.402570683294232,2.430810340078059,4.338293274856441,1.0,500
20260830,100,W1,scale,0.0,0.16331515193262536,0.17156799197245276,0.559126561712603,0.5873810256813622,0.3113482773472718,1.1169802512514546,0.044,500
20260830,100,W1,scale,0.05,0.178308756492485,0.18676295235963922,0.6104587404236832,0.6394025671985369,0.3190516160955007,1.1579315691298826,0.07,500
20260830,100,W1,scale,0.1,0.1948780661817843,0.20042871981568355,0.6671855110074143,0.6861887562351443,0.33464048602942326,1.2073738969677774,0.086,500
20260830,100,W1,scale,0.2,0.22051119767258748,0.2304381387249324,0.7549432267292995,0.7889291512025602,0.3813860118111923,1.3992309658475426,0.206,500
20260830,100,W1,scale,0.3,0.29372981517420427,0.29663704348236203,1.0056148476571491,1.0155680488685368,0.4778580360283888,1.6323122856869234,0.514,500
20260830,100,W1,scale,0.4,0.3653526480653446,0.3718466575044019,1.2508231325017816,1.2730560553287291,0.6765657761825078,1.9150124487903333,0.806,500
20260830,100,W1,scale,0.5,0.43395259663733493,0.4376757115283309,1.4856822556439007,1.498428730194666,0.795026935308805,2.1592580490923727,0.922,500
20260830,100,W1,scale,0.6,0.5046419205674482,0.508896010619004,1.7276945745935723,1.7422588983295815,1.0380522168547062,2.5395273019911637,0.978,500
20260830,100,W1,scale,0.8,0.6607982577994163,0.6640650066243905,2.262312182898304,2.2734962403288117,1.5128719854172015,3.057064730017442,0.998,500
20260830,100,W1,scale,1.0,0.8169213118774464,0.8199018261335359,2.7968158428326366,2.8070199461777454,2.0026023366781973,3.699883098781105,1.0,500
20260831,100,JS,contamination,0.0,0.08622415120514106,0.08749482697706082,0.6936017080842617,0.703823239679603,0.439845170722049,1.0657402515303624,0.046,500
20260831,100,JS,contamination,0.05,0.10103716122158724,0.101855424362869,0.8127600750345152,0.8193423226359459,0.5174691521255149,1.148414240439484,0.15,500
20260831,100,JS,contamination,0.1,0.1159951304210247,0.11562210908853246,0.9330845182582952,0.9300838713426423,0.5905511446049244,1.3151011240706831,0.376,500
20260831,100,JS,contamination,0.2,0.1480146983381016,0.14984079581674603,1.190655357622851,1.2053447957050274,0.8522846044559205,1.641426288264847,0.818,500
20260831,100,JS,contamination,0.3,0.18815704531804622,0.1884545291445305,1.513567210539306,1.5159602209348046,1.0868074090042021,1.9401262792450809,0.994,500
20260831,100,JS,contamination,0.4,0.22752809598097667,0.22758381518604395,1.8302746249609438,1.8307228397043493,1.3390828438312574,2.3606020371252545,1.0,500
20260831,100,JS,contamination,0.5,0.27691809192453787,0.27775655747101075,2.227576135847679,2.234320895025647,1.6970421792712964,2.776667301564162,1.0,500
20260831,100,JS,contamination,0.6,0.33188716986702627,0.3329782410877597,2.6697567293338063,2.6785334914331136,2.1005847835147478,3.2841829604426778,1.0,500
20260831,100,JS,contamination,0.8,0.46655804547899615,0.4655349836100693,3.753072111951293,3.7448424286219053,3.1082602580129755,4.33624373357917,1.0,500
20260831,100,JS,contamination,1.0,0.6574316319304909,0.6549425537370908,5.288491640476986,5.268469072990179,4.888013384827293,5.549308556565825,1.0,500
20260831,100,JS,location,0.0,0.08692578778713542,0.08951429566728551,0.6992457918464534,0.7200681886107908,0.46072004037680236,1.0717757399272307,0.052,500
20260831,100,JS,location,0.05,0.08710561374802073,0.08870974402689363,0.7006923423996874,0.713596238649925,0.42502122579918117,1.071046590908031,0.048,500
20260831,100,JS,location,0.1,0.08595439320524187,0.08795689238918696,0.6914317289440284,0.707540172286279,0.4038874761354785,1.068528580184842,0.06,500
20260831,100,JS,location,0.2,0.09015495630033274,0.09130918923398737,0.7252217714895215,0.734506617128712,0.47716427435526054,1.0732463966719006,0.06,500
20260831,100,JS,location,0.3,0.09667593903651134,0.0977978333908942,0.7776776634987175,0.786702372117057,0.4830449655636542,1.134440082997883,0.112,500
20260831,100,JS,location,0.4,0.10729721046407723,0.10675751587368175,0.8631169737293181,0.8587755788357744,0.5298728628936411,1.267986632632553,0.212,500
20260831,100,JS,location,0.5,0.1144285883189077,0.1165918060275733,0.9204829876821441,0.9378842781178001,0.6252854042377652,1.3450578952386432,0.342,500
20260831,100,JS,location,0.6,0.12352965920616207,0.12515453488839628,0.9936935467258288,1.0067643225220542,0.6389767526339698,1.4759034989989452,0.492,500
20260831,100,JS,location,0.8,0.15459195937475714,0.1562917020391995,1.243563961833829,1.2572369803429475,0.8598602539430568,1.7735863271944452,0.856,500
20260831,100,JS,location,1.0,0.18836007679241107,0.18921675820695583,1.5152004301819013,1.5220917208946225,1.024851355872046,2.06868292982826,0.98,500
20260831,100,JS,scale,0.0,0.08539898305474741,0.08685969150492331,0.6869639154174707,0.6987141021330775,0.42371978520072884,1.0290428723693692,0.038,500
20260831,100,JS,scale,0.05,0.08738083914991186,0.08865786108971513,0.7029063022495873,0.7131788834965895,0.42935861193921737,1.078804610163469,0.046,500
20260831,100,JS,scale,0.1,0.09218785415933631,0.09350876028870829,0.7415747469338497,0.7522003400506974,0.46941154750962377,1.105823224171773,0.072,500
20260831,100,JS,scale,0.2,0.10094352206066304,0.10151856487208705,0.8120068257296184,0.8166325677131646,0.5019990645659133,1.1843541761764254,0.156,500
20260831,100,JS,scale,0.3,0.10995890691513739,0.11088913428643916,0.8845281117811714,0.8920110186538245,0.5639798934623085,1.298284729460407,0.264,500
20260831,100,JS,scale,0.4,0.1223270266520684,0.12268573398729536,0.9840193663244174,0.9869048690163933,0.6236507829772944,1.372967737412032,0.474,500
20260831,100,JS,scale,0.5,0.12819744233838065,0.13134087379184736,1.0312419865564628,1.0565282827379472,0.6884652344040406,1.5137384874707231,0.574,500
20260831,100,JS,scale,0.6,0.14109217957508283,0.14265032092762556,1.1349694416565492,1.1475033951771716,0.7595928265612178,1.6169567158511624,0.734,500
20260831,100,JS,scale,0.8,0.16539896443352145,0.16647737069111773,1.3304973449204376,1.3391722279065044,0.9255867684753566,1.7638442799791412,0.936,500
20260831,100,JS,scale,1.0,0.18508536752311874,0.18930514663299702,1.4888581129666627,1.5228027323968547,1.0709531110109085,2.0848980687414063,0.99,500
20260831,100,MMD2,contamination,0.0,0.0062328622206963,0.008734091528555055,0.2727121252866035,0.38215070041029664,0.026766867934007052,1.268738384076474,0.064,500
20260831,100,MMD2,contamination,0.05,0.010088339312548156,0.012059857468950564,0.44140434316066907,0.5276659814635871,0.09726632192112684,1.390482359131139,0.102,500
20260831,100,MMD2,contamination,0.1,0.018292946975324742,0.021253193168032064,0.8003880513884749,0.9299104123840632,0.1905777112998745,2.4028759775821427,0.364,500
20260831,100,MMD2,contamination,0.2,0.05579190252850319,0.05994444284624929,2.441114174128396,2.6228040712081904,0.8827133256372806,5.4551353376660305,0.948,500
20260831,100,MMD2,contamination,0.3,0.11564380574703786,0.11915573858104159,5.059869274309522,5.213530085845633,2.227647325453522,9.177178326220734,1.0,500
20260831,100,MMD2,contamination,0.4,0.19929770835451133,0.2039514882439201,8.72005503821913,8.923676129030751,4.975472125679548,13.843867954128573,1.0,500
20260831,100,MMD2,contamination,0.5,0.30397400253870693,0.30957879781471054,13.300052741250123,13.545284478675645,7.67399613880861,20.26075207523306,1.0,500
20260831,100,MMD2,contamination,0.6,0.43584732518595554,0.4357743547453598,19.07002692234465,19.066834179872036,12.35312649320688,26.488680047570515,1.0,500
20260831,100,MMD2,contamination,0.8,0.7804263197112975,0.7841626550976358,34.14670704116637,34.310186342956236,27.283186749531406,41.43426487671268,1.0,500
20260831,100,MMD2,contamination,1.0,1.2060261824450391,1.2085035611585742,52.768367359985206,52.87676237822652,48.140492757577654,58.13133538512994,1.0,500
20260831,100,MMD2,location,0.0,0.006474370545932917,0.008830730040242525,0.28327906007797254,0.3863790136592745,0.035551248258779596,1.3889856350036223,0.058,500
20260831,100,MMD2,location,0.05,0.006806195361797163,0.009650718906593582,0.2977976949447425,0.4222567370126664,0.04776286957766234,1.4645789649535392,0.084,500
20260831,100,MMD2,location,0.1,0.007429219312609425,0.010768137473369245,0.3250574320790389,0.4711481742673244,0.0374680369225677,1.5936422285268763,0.106,500
20260831,100,MMD2,location,0.2,0.013716690842984325,0.0179273592537949,0.6001589284724566,0.7843921572090664,0.07142586836128677,2.5437737602651156,0.294,500
20260831,100,MMD2,location,0.3,0.02032297354203716,0.025849053855512096,0.8892096617167333,1.1309973113439145,0.11459146155119326,3.3205073580114863,0.444,500
20260831,100,MMD2,location,0.4,0.03542482034933048,0.039086841373765176,1.5499745868412256,1.7102023443394885,0.22070754285174365,4.240814501334152,0.708,500
20260831,100,MMD2,location,0.5,0.04790377704008342,0.05409173588047876,2.0959778001313363,2.3667252267224086,0.5615663174212051,5.390076274446281,0.89,500
20260831,100,MMD2,location,0.6,0.07415955790665019,0.07758976659385165,3.2447710106414283,3.394856070785558,0.9442753929710551,7.050509463106714,0.964,500
20260831,100,MMD2,location,0.8,0.12149933797495671,0.12577990013487886,5.316071735075862,5.503363088986677,2.2508026735859055,9.257750370720542,1.0,500
20260831,100,MMD2,location,1.0,0.1823568314158895,0.18582185947364754,7.978825344610685,8.130433888542745,4.298433080409959,12.414241780410563,1.0,500
20260831,100,MMD2,scale,0.0,0.006833061534693985,0.008835839785534694,0.29897319519640553,0.3866025850216695,0.03382178279073139,1.1586742820279734,0.058,500
20260831,100,MMD2,scale,0.05,0.006783153894938998,0.009435929309070034,0.2967895405569003,0.4128588511688884,0.035415727374065245,1.4233935954036148,0.078,500
20260831,100,MMD2,scale,0.1,0.008412648624229857,0.010744405353665226,0.3680863148210015,0.47010980111340667,0.03692767694127775,1.5408133871528864,0.098,500
20260831,100,MMD2,scale,0.2,0.014250570823652109,0.01663495267410478,0.6235182678931853,0.7278443092699045,0.08011191687968772,1.9896141320277987,0.228,500
20260831,100,MMD2,scale,0.3,0.02247274149189915,0.025022574015277816,0.9832704263736479,1.094835582469432,0.19394399421137445,2.5382591109440775,0.488,500
20260831,100,MMD2,scale,0.4,0.029547696781387467,0.033217387192989146,1.2928274204136205,1.4533907436279052,0.3818909461226928,3.2780432943814355,0.668,500
20260831,100,MMD2,scale,0.5,0.03987292152904498,0.04249123250194119,1.744596428822882,1.8591577851944,0.5635437658702026,4.178372977322621,0.808,500
20260831,100,MMD2,scale,0.6,0.05243873556230988,0.054989605389030104,2.294399990914949,2.406010533093214,0.9046516039940397,4.536159860601268,0.94,500
20260831,100,MMD2,scale,0.8,0.07750670654491132,0.08123460927539602,3.3912218684446636,3.55433220852509,1.415938476790479,6.529164320246392,0.99,500
20260831,100,MMD2,scale,1.0,0.09992087963365864,0.10381268250152197,4.371929697871256,4.542211310669836,2.203614976616411,7.755620921884984,1.0,500
20260831,100,TV,contamination,0.0,0.28,0.28676,0.7777777777777779,0.7965555555555557,0.5833333333333334,1.0423611111111106,0.038,500
20260831,100,TV,contamination,0.05,0.30000000000000004,0.30424,0.8333333333333335,0.8451111111111111,0.638888888888889,1.0833333333333335,0.078,500
20260831,100,TV,contamination,0.1,0.32999999999999996,0.32584,0.9166666666666666,0.9051111111111112,0.6944444444444444,1.138888888888889,0.196,500
20260831,100,TV,contamination,0.2,0.37,0.37307999999999997,1.027777777777778,1.0363333333333336,0.8055555555555556,1.277777777777778,0.584,500
20260831,100,TV,contamination,0.3,0.42000000000000004,0.42258,1.1666666666666667,1.1738333333333335,0.9444444444444445,1.4166666666666667,0.934,500
20260831,100,TV,contamination,0.4,0.49,0.48790000000000006,1.3611111111111112,1.3552777777777778,1.1111111111111112,1.6388888888888888,0.998,500
20260831,100,TV,contamination,0.5,0.56,0.5579400000000001,1.5555555555555558,1.5498333333333334,1.3055555555555556,1.777777777777778,1.0,500
20260831,100,TV,contamination,0.6,0.63,0.62676,1.75,1.741,1.5000000000000002,1.9722222222222223,1.0,500
20260831,100,TV,contamination,0.8,0.7899999999999999,0.7869400000000001,2.194444444444444,2.1859444444444445,1.9854166666666668,2.388888888888889,1.0,500
20260831,100,TV,contamination,1.0,0.97,0.9672000000000001,2.6944444444444446,2.686666666666667,2.583333333333333,2.7777777777777777,1.0,500
20260831,100,TV,location,0.0,0.29,0.2861,0.8055555555555556,0.7947222222222223,0.5833333333333334,1.0555555555555556,0.04,500
20260831,100,TV,location,0.05,0.29000000000000004,0.29044,0.8055555555555557,0.8067777777777778,0.5833333333333334,1.0555555555555556,0.046,500
20260831,100,TV,location,0.1,0.29000000000000004,0.28834000000000004,0.8055555555555557,0.8009444444444445,0.611111111111111,1.0423611111111106,0.042,500
20260831,100,TV,location,0.2,0.29000000000000004,0.29602,0.8055555555555557,0.8222777777777778,0.6111111111111112,1.0701388888888883,0.064,500
20260831,100,TV,location,0.3,0.30999999999999994,0.30634000000000006,0.8611111111111109,0.8509444444444445,0.6388888888888888,1.1111111111111112,0.098,500
20260831,100,TV,location,0.4,0.31999999999999995,0.31834,0.8888888888888888,0.8842777777777778,0.6520833333333335,1.138888888888889,0.164,500
20260831,100,TV,location,0.5,0.33,0.335,0.9166666666666667,0.9305555555555557,0.6944444444444444,1.1666666666666667,0.252,500
20260831,100,TV,location,0.6,0.35000000000000003,0.35434000000000004,0.9722222222222223,0.9842777777777778,0.7222222222222223,1.2222222222222223,0.436,500
20260831,100,TV,location,0.8,0.39999999999999997,0.39826,1.1111111111111112,1.106277777777778,0.8611111111111112,1.3888888888888888,0.748,500
20260831,100,TV,location,1.0,0.45,0.44938,1.25,1.2482777777777778,1.0,1.527777777777778,0.956,500
20260831,100,TV,scale,0.0,0.29,0.28656,0.8055555555555556,0.7960000000000002,0.5833333333333334,1.027777777777778,0.034,500
20260831,100,TV,scale,0.05,0.29,0.28778000000000004,0.8055555555555556,0.7993888888888889,0.5833333333333334,1.027777777777778,0.048,500
20260831,100,TV,scale,0.1,0.3,0.29719999999999996,0.8333333333333334,0.8255555555555557,0.5965277777777778,1.0555555555555556,0.052,500
20260831,100,TV,scale,0.2,0.31,0.30860000000000004,0.8611111111111112,0.8572222222222223,0.6388888888888888,1.1111111111111112,0.106,500
20260831,100,TV,scale,0.3,0.32,0.32212,0.888888888888889,0.8947777777777778,0.6944444444444444,1.138888888888889,0.182,500
20260831,100,TV,scale,0.4,0.33999999999999997,0.34148,0.9444444444444444,0.9485555555555557,0.7076388888888889,1.1944444444444446,0.32,500
20260831,100,TV,scale,0.5,0.36,0.35846,1.0,0.9957222222222223,0.7500000000000001,1.2222222222222223,0.474,500
20260831,100,TV,scale,0.6,0.37,0.37163999999999997,1.027777777777778,1.0323333333333335,0.8055555555555556,1.3055555555555556,0.556,500
20260831,100,TV,scale,0.8,0.41000000000000003,0.41086,1.138888888888889,1.1412777777777778,0.9166666666666666,1.3888888888888888,0.854,500
20260831,100,TV,scale,1.0,0.44,0.44386000000000003,1.2222222222222223,1.2329444444444446,0.9722222222222222,1.4722222222222223,0.964,500
20260831,100,W1,contamination,0.0,0.15983262243735463,0.17457238619289675,0.5361363547632427,0.5855788470996558,0.29246066936934356,1.145798586067372,0.05,500
20260831,100,W1,contamination,0.05,0.23292751376770143,0.24797282693215247,0.7813230256196713,0.8317904410524736,0.4144891095175115,1.5560298418385903,0.232,500
20260831,100,W1,contamination,0.1,0.34572050826223466,0.35387828364506907,1.159671475322618,1.1870356009312333,0.5180991658716301,2.0145438295357754,0.636,500
20260831,100,W1,contamination,0.2,0.6230906316314623,0.6283735911456518,2.090071068319935,2.1077920229855547,1.1047346109934093,3.218550825762706,0.988,500
20260831,100,W1,contamination,0.3,0.9092065932751672,0.9165801411616736,3.0498073623005886,3.0745409055864292,1.8403304709598316,4.289353199530709,1.0,500
20260831,100,W1,contamination,0.4,1.2180191908458649,1.2160862004976982,4.08567637227954,4.079192424364184,2.8437428161383864,5.265823668000456,1.0,500
20260831,100,W1,contamination,0.5,1.488434585212593,1.5000621990265108,4.9927472918251805,5.031750509001523,3.8050493269426404,6.31981035728078,1.0,500
20260831,100,W1,contamination,0.6,1.7982077755625367,1.8006482116352547,6.031838476997301,6.040024581186216,4.80549010761976,7.185897025663018,1.0,500
20260831,100,W1,contamination,0.8,2.4075686276011234,2.397401444581251,8.075854904716492,8.041750500000102,6.909708482669271,9.08463848181489,1.0,500
20260831,100,W1,contamination,1.0,3.012998470131194,3.009219615177069,10.106685306477422,10.094009661860019,9.386048703088306,10.744172825334436,1.0,500
20260831,100,W1,location,0.0,0.15753896816164623,0.17298099184202406,0.52844260974603,0.580240735559866,0.29227671141086525,1.1585964505630888,0.054,500
20260831,100,W1,location,0.05,0.16100235283636616,0.17353636101396505,0.5400600530835127,0.5821036443881876,0.29466043748008447,1.0468762335752522,0.04,500
20260831,100,W1,location,0.1,0.18809256732387886,0.20310695945985258,0.6309304187423259,0.6812941138754762,0.3176443461970559,1.3933160172618233,0.132,500
20260831,100,W1,location,0.2,0.22599330734544268,0.2479331600585145,0.7580631923158487,0.8316573840287397,0.3331263113869604,1.649906349877838,0.286,500
20260831,100,W1,location,0.3,0.31906291970349593,0.32959397042492283,1.070252293313875,1.1055772417475127,0.4365796572894822,1.9468236156223566,0.552,500
20260831,100,W1,location,0.4,0.41431792683188073,0.4129146595012712,1.3897719978396226,1.3850649322861797,0.5567363332435721,2.254721519511444,0.808,500
20260831,100,W1,location,0.5,0.5003736985286245,0.5044642107730782,1.6784341435283938,1.692155199282925,0.867308874866844,2.595376231039864,0.948,500
20260831,100,W1,location,0.6,0.5979622863382337,0.5966288369188137,2.005781520658762,2.001308649600983,1.1283368982024147,2.8582153826815184,0.99,500
20260831,100,W1,location,0.8,0.7982293775935763,0.7977932798891253,2.6775496906815013,2.6760868614416404,1.722895177038289,3.6353272834991133,1.0,500
20260831,100,W1,location,1.0,1.0032272664840116,1.003226517204983,3.3651866649603623,3.3651841516078256,2.4709687617906817,4.229514177146796,1.0,500
20260831,100,W1,scale,0.0,0.1659082192701175,0.179483226783425,0.556516101333473,0.6020515804683466,0.28802805065738923,1.1350588841828082,0.054,500
20260831,100,W1,scale,0.05,0.16621941216001243,0.18191371802730694,0.5575599547037817,0.610204326108803,0.30914238531520527,1.172609587420682,0.076,500
20260831,100,W1,scale,0.1,0.18254828125721512,0.1937255095893924,0.6123328804161886,0.6498253419862207,0.32226138746687566,1.235028851908033,0.086,500
20260831,100,W1,scale,0.2,0.2347688989032129,0.24206309025007433,0.7874996965596435,0.8119670493441767,0.37294526615808243,1.4097715555890702,0.22,500
20260831,100,W1,scale,0.3,0.29043180734593316,0.3004003278002218,0.9742131995536701,1.0076512182587682,0.5295935605632669,1.6509904897325547,0.466,500
20260831,100,W1,scale,0.4,0.3589327699211052,0.36374687402875105,1.2039901738207381,1.2201384180800454,0.5970967876569386,1.8695308789580196,0.756,500
20260831,100,W1,scale,0.5,0.43482118163447847,0.4330485924984094,1.4585473211936217,1.4526014168881507,0.8099899898456877,2.1100347116607217,0.898,500
20260831,100,W1,scale,0.6,0.5124405438885055,0.5192278096561321,1.7189107019811216,1.7416776432473884,1.0404134522236799,2.498929249218422,0.982,500
20260831,100,W1,scale,0.8,0.669726242149056,0.6646546732227356,2.2465037529858005,2.229491878716181,1.465175958583025,2.9851122938766763,1.0,500
20260831,100,W1,scale,1.0,0.8280724466843571,0.8277054512844709,2.777654125141055,2.776423089993728,1.9063216039003836,3.7465365050645665,1.0,500
20260832,100,JS,contamination,0.0,0.08625283321650679,0.08766481021113953,0.6925304122238509,0.7038672805176621,0.40655666886799924,1.074292587053799,0.042,500
20260832,100,JS,contamination,0.05,0.10181149754095525,0.1031263577549315,0.8174520851295561,0.8280091955692331,0.49578122566197663,1.177397528674526,0.148,500
20260832,100,JS,contamination,0.1,0.11525108595026032,0.1153160791450249,0.9253595399241392,0.925881375118226,0.5946048279763197,1.3218311862327232,0.312,500
20260832,100,JS,contamination,0.2,0.1478956793135111,0.14913122595004505,1.1874654077045559,1.197385703532669,0.7948287480495145,1.6441179202250733,0.826,500
20260832,100,JS,contamination,0.3,0.19160301552605336,0.18977644002495095,1.5383948605203228,1.5237291499857921,1.093239109710658,1.982144046355759,0.996,500
20260832,100,JS,contamination,0.4,0.2289799607713356,0.23022984699076354,1.8384971334904108,1.848532562895966,1.3406131372754546,2.4058889406604913,1.0,500
20260832,100,JS,contamination,0.5,0.27774403989840724,0.2781797166285774,2.230027551219628,2.233525632085954,1.6830136034294576,2.783141068878457,1.0,500
20260832,100,JS,contamination,0.6,0.3296674024478268,0.3317326934462464,2.6469240904919906,2.6635064655069374,2.0991272278148783,3.2494083747490916,1.0,500
20260832,100,JS,contamination,0.8,0.46631801194705336,0.46697447052689856,3.744101996400234,3.7493727511563923,3.1678802637524583,4.374073094501927,1.0,500
20260832,100,JS,contamination,1.0,0.6555647996183278,0.6527723457086634,5.263578528249921,5.2411577081439695,4.85165823441063,5.565330259703436,1.0,500
20260832,100,JS,location,0.0,0.08630687044378837,0.08868971397333622,0.6929642811402588,0.7120963090429305,0.4074046987128901,1.080460583152766,0.066,500
20260832,100,JS,location,0.05,0.08519423055311201,0.08677562575273655,0.6840308127147909,0.6967279523755344,0.39998414784931713,1.0662709990779793,0.05,500
20260832,100,JS,location,0.1,0.08871394236029054,0.0882970807041997,0.7122908405635691,0.7089438273262386,0.42167617386547795,1.0527622728576527,0.044,500
20260832,100,JS,location,0.2,0.08955703838381465,0.09092579532774041,0.719060121234615,0.7300499725271724,0.42246343150141985,1.0926226579540563,0.062,500
20260832,100,JS,location,0.3,0.09523241943666741,0.09740540853782148,0.7646281777666684,0.7820752688576097,0.4679547402362961,1.1899532417315564,0.112,500
20260832,100,JS,location,0.4,0.10530161476370828,0.10715168349003157,0.8454744958591339,0.860328835246074,0.5338585968112926,1.2864459686038334,0.222,500
20260832,100,JS,location,0.5,0.11476242150910201,0.11638340203142263,0.9214360167857744,0.9344509899462698,0.5731799021999624,1.3581128078246774,0.376,500
20260832,100,JS,location,0.6,0.12584539999903033,0.1289060306481583,1.0104220752846533,1.0349961063751463,0.657259090340166,1.5182536395111554,0.514,500
20260832,100,JS,location,0.8,0.15452970754179274,0.15607203237169004,1.240730513699443,1.2531139544561163,0.8362933873469611,1.7258739458334509,0.88,500
20260832,100,JS,location,1.0,0.18459253679363694,0.187010959843621,1.4821072054323996,1.5015249039505816,1.0574600979852187,2.021476729935468,0.988,500
20260832,100,JS,scale,0.0,0.08589347853205626,0.08757489745510137,0.6896451267384174,0.7031453643129273,0.4170724601805292,1.0852009924311803,0.054,500
20260832,100,JS,scale,0.05,0.08665484134081913,0.08829025544039353,0.6957581653499254,0.7088890267755672,0.45356589797660163,1.014618814123631,0.034,500
20260832,100,JS,scale,0.1,0.09315803764092884,0.09411129304138083,0.7479728120639964,0.7556265705645728,0.46000404461416217,1.0972096183344349,0.084,500
20260832,100,JS,scale,0.2,0.10097122558054002,0.10187784117824956,0.8107054790712274,0.8179847631271419,0.4961762603418345,1.1878475686377612,0.146,500
20260832,100,JS,scale,0.3,0.10588816690175674,0.10853266485195281,0.8501839665954035,0.8714168372998051,0.5623578849285668,1.2468706218108379,0.236,500
20260832,100,JS,scale,0.4,0.12077126919122784,0.12106251356005394,0.9696815016830351,0.9720199243791885,0.6457863487340437,1.3750037555823866,0.43,500
20260832,100,JS,scale,0.5,0.128954679149992,0.13057446911214032,1.0353867088141921,1.0483921228785262,0.7267643068820508,1.4503991354132628,0.566,500
20260832,100,JS,scale,0.6,0.1441918875532396,0.14458896426569098,1.1577273882229973,1.1609155466765075,0.7745044752441367,1.5986627512354046,0.746,500
20260832,100,JS,scale,0.8,0.16560953601327938,0.1660477159566654,1.3296912804659975,1.3332094598173891,0.928541805874233,1.7895784411075313,0.954,500
20260832,100,JS,scale,1.0,0.18934577139011177,0.18957223246403276,1.5202712794893134,1.5220895522929616,1.092872480004092,2.0153718317370335,0.994,500
20260832,100,MMD2,contamination,0.0,0.006562327079774666,0.008580648933816985,0.25879660685336464,0.33839258569050606,0.03880263241782803,1.1904373902643541,0.04,500
20260832,100,MMD2,contamination,0.05,0.011013810304806748,0.012510237783177306,0.43434847132131704,0.49336265167176285,0.07352491649222648,1.252019492184858,0.078,500
20260832,100,MMD2,contamination,0.1,0.019190535989594415,0.02203833445708194,0.7568116519384076,0.8691194615657952,0.2096061213661523,2.011813883957449,0.338,500
20260832,100,MMD2,contamination,0.2,0.054481728143146724,0.057429168480420685,2.1485802532472955,2.264817610653661,0.7680061922818708,4.583027356377734,0.936,500
20260832,100,MMD2,contamination,0.3,0.11332143637837483,0.11693815766707508,4.4690249147837156,4.611656512701887,2.0216346755782078,8.183822981455588,0.998,500
20260832,100,MMD2,contamination,0.4,0.20134604839180842,0.2059459058716475,7.940426238084224,8.121829495392193,4.490098118961628,12.862106003321788,1.0,500
20260832,100,MMD2,contamination,0.5,0.3057892822082257,0.30736158901299004,12.05932403026948,12.12133064180513,7.209272343704374,17.789637292602656,1.0,500
20260832,100,MMD2,contamination,0.6,0.43353718686395615,0.43509399895673717,17.09728142794698,17.158676978979752,11.510953100918258,23.52304493591128,1.0,500
20260832,100,MMD2,contamination,0.8,0.7719122733266977,0.7745252282932766,30.44168245455328,30.54472880853577,23.528143991576243,38.00594917205012,1.0,500
20260832,100,MMD2,contamination,1.0,1.2038537926816324,1.2034004953156223,47.47603600158534,47.45815944365201,42.825453002334704,51.58035980071514,1.0,500
20260832,100,MMD2,location,0.0,0.006693840199256562,0.009052322974342407,0.26398305194591626,0.35699385925472876,0.04079654401830501,1.1211053813526162,0.044,500
20260832,100,MMD2,location,0.05,0.006617177722047951,0.009222468308310245,0.2609597358671263,0.3637038318860108,0.038493067747285045,1.3302283121921323,0.056,500
20260832,100,MMD2,location,0.1,0.008082887588157894,0.010817849768824613,0.3187625145719295,0.42662043198818994,0.04180154188511423,1.4719861987739185,0.056,500
20260832,100,MMD2,location,0.2,0.012459329518028639,0.016576363137724336,0.4913549970515182,0.6537172685637541,0.05384393555143092,2.0373820162192504,0.21,500
20260832,100,MMD2,location,0.3,0.02091531655259804,0.02618840398103138,0.8248313272526258,1.0327845605386665,0.09210519237008039,2.9793345831970433,0.408,500
20260832,100,MMD2,location,0.4,0.03500797559991753,0.039872305702139545,1.3805994714873515,1.5724326595875955,0.18882757681248064,4.116329347845523,0.648,500
20260832,100,MMD2,location,0.5,0.04995915592267075,0.054100385846324386,1.9702248724989375,2.1335413666956855,0.46797058739253,5.010041737665583,0.846,500
20260832,100,MMD2,location,0.6,0.07568745836915147,0.080295706880164,2.9848645410652543,3.1665987130578004,0.9763634552601443,6.485934282628505,0.972,500
20260832,100,MMD2,location,0.8,0.12153396944262951,0.124928914649937,4.792900220732831,4.9267856990736085,1.9828745081068535,8.738278441439187,1.0,500
20260832,100,MMD2,location,1.0,0.18159251021540346,0.1840216851050975,7.161411630726746,7.257210302640521,3.6963528058428676,11.662673163538846,1.0,500
20260832,100,MMD2,scale,0.0,0.006556628725248648,0.008878872957281451,0.25857188248378454,0.3501535607861595,0.0382798270926608,1.0485149702622911,0.034,500
20260832,100,MMD2,scale,0.05,0.007306995499008484,0.010006183507034219,0.28816388126468345,0.39461098291697394,0.045531699355053294,1.435494967312078,0.066,500
20260832,100,MMD2,scale,0.1,0.008488520007558398,0.010657384351606954,0.33475932370601125,0.42029220345151275,0.060561064150326874,1.228487690480529,0.052,500
20260832,100,MMD2,scale,0.2,0.015060604957187917,0.017524257731084947,0.5939407488681638,0.6910991151913684,0.06894461331673862,1.970767405071352,0.206,500
20260832,100,MMD2,scale,0.3,0.020686601974015784,0.02334843988130885,0.8158115761558825,0.920785712621016,0.14425153700567447,2.261527024708445,0.398,500
20260832,100,MMD2,scale,0.4,0.03001776780372606,0.033645146051220653,1.1838020809507153,1.3268539542897595,0.2871012457478284,2.9231599202588714,0.626,500
20260832,100,MMD2,scale,0.5,0.040842997097579437,0.04292136681414719,1.610713537146388,1.6926776062785522,0.4543479489982604,3.758565782032777,0.782,500
20260832,100,MMD2,scale,0.6,0.05286509147978696,0.056996268244976056,2.084825417819827,2.2477454484957606,0.722955032404089,4.666464791579862,0.918,500
20260832,100,MMD2,scale,0.8,0.07585529045959061,0.0806305791660367,2.991483286976384,3.179804975144338,1.2850530924771353,5.629328338709351,0.992,500
20260832,100,MMD2,scale,1.0,0.10303993003074746,0.10494957629982007,4.063556104137561,4.138866275166577,1.6962683556085973,6.927387087851904,0.998,500
20260832,100,TV,contamination,0.0,0.28,0.28542,0.7777777777777779,0.7928333333333334,0.5555555555555556,1.027777777777778,0.03,500
20260832,100,TV,contamination,0.05,0.30000000000000004,0.3045,0.8333333333333335,0.8458333333333333,0.6388888888888888,1.0833333333333335,0.104,500
20260832,100,TV,contamination,0.1,0.32000000000000006,0.32504,0.8888888888888891,0.902888888888889,0.6666666666666667,1.138888888888889,0.194,500
20260832,100,TV,contamination,0.2,0.37,0.3732,1.027777777777778,1.0366666666666668,0.8055555555555556,1.3055555555555556,0.588,500
20260832,100,TV,contamination,0.3,0.42000000000000004,0.42646000000000006,1.1666666666666667,1.184611111111111,0.9444444444444448,1.4444444444444444,0.91,500
20260832,100,TV,contamination,0.4,0.49,0.48818,1.3611111111111112,1.3560555555555556,1.1111111111111112,1.6111111111111114,0.998,500
20260832,100,TV,contamination,0.5,0.55,0.5531800000000001,1.527777777777778,1.5366111111111114,1.2777777777777777,1.8055555555555556,1.0,500
20260832,100,TV,contamination,0.6,0.6200000000000001,0.6241,1.7222222222222225,1.7336111111111112,1.4722222222222223,1.972222222222222,1.0,500
20260832,100,TV,contamination,0.8,0.7899999999999999,0.78686,2.194444444444444,2.185722222222222,1.972222222222222,2.3888888888888893,1.0,500
20260832,100,TV,contamination,1.0,0.97,0.96626,2.6944444444444446,2.6840555555555556,2.583333333333333,2.7777777777777777,1.0,500
20260832,100,TV,location,0.0,0.29,0.28684000000000004,0.8055555555555556,0.7967777777777778,0.5687500000000001,1.027777777777778,0.038,500
20260832,100,TV,location,0.05,0.29,0.28678000000000003,0.8055555555555556,0.7966111111111112,0.5833333333333334,1.0423611111111106,0.04,500
20260832,100,TV,location,0.1,0.29,0.28686,0.8055555555555556,0.7968333333333334,0.5833333333333334,1.0423611111111106,0.048,500
20260832,100,TV,location,0.2,0.29000000000000004,0.29704,0.8055555555555557,0.8251111111111112,0.6111111111111112,1.1111111111111112,0.082,500
20260832,100,TV,location,0.3,0.3,0.30190000000000006,0.8333333333333334,0.8386111111111112,0.6111111111111112,1.1111111111111112,0.094,500
20260832,100,TV,location,0.4,0.32,0.32008,0.888888888888889,0.8891111111111112,0.6666666666666666,1.1256944444444439,0.178,500
20260832,100,TV,location,0.5,0.33,0.33524,0.9166666666666667,0.9312222222222223,0.6944444444444444,1.1812499999999995,0.28,500
20260832,100,TV,location,0.6,0.35,0.35134000000000004,0.9722222222222222,0.9759444444444445,0.7222222222222223,1.25,0.406,500
20260832,100,TV,location,0.8,0.4,0.40092,1.1111111111111112,1.1136666666666668,0.8465277777777779,1.4034722222222216,0.776,500
20260832,100,TV,location,1.0,0.45,0.45184,1.25,1.255111111111111,1.0,1.5000000000000002,0.966,500
20260832,100,TV,scale,0.0,0.29,0.28558,0.8055555555555556,0.7932777777777779,0.5555555555555556,1.0555555555555556,0.038,500
20260832,100,TV,scale,0.05,0.29,0.28966000000000003,0.8055555555555556,0.8046111111111112,0.611111111111111,1.027777777777778,0.044,500
20260832,100,TV,scale,0.1,0.3,0.29632,0.8333333333333334,0.8231111111111112,0.6111111111111112,1.0555555555555556,0.058,500
20260832,100,TV,scale,0.2,0.30999999999999994,0.30668,0.8611111111111109,0.8518888888888889,0.638888888888889,1.1111111111111112,0.098,500
20260832,100,TV,scale,0.3,0.32999999999999996,0.32324,0.9166666666666666,0.897888888888889,0.6666666666666666,1.138888888888889,0.19,500
20260832,100,TV,scale,0.4,0.33999999999999997,0.3394,0.9444444444444444,0.9427777777777778,0.7222222222222223,1.2090277777777771,0.264,500
20260832,100,TV,scale,0.5,0.35000000000000003,0.35458,0.9722222222222223,0.9849444444444445,0.7222222222222223,1.25,0.42,500
20260832,100,TV,scale,0.6,0.37,0.37560000000000004,1.027777777777778,1.0433333333333334,0.8055555555555556,1.3055555555555556,0.584,500
20260832,100,TV,scale,0.8,0.405,0.407,1.125,1.1305555555555558,0.8743055555555557,1.3888888888888888,0.844,500
20260832,100,TV,scale,1.0,0.44,0.44306,1.2222222222222223,1.2307222222222225,0.9722222222222222,1.5000000000000002,0.954,500
20260832,100,W1,contamination,0.0,0.16323628230451911,0.17613260274221268,0.538932613321472,0.58151044943484,0.29537071950521865,1.0718358000773447,0.048,500
20260832,100,W1,contamination,0.05,0.2409660126917012,0.2537731435186954,0.7955611406251579,0.8378445128528215,0.4076314177993525,1.4885972186560952,0.248,500
20260832,100,W1,contamination,0.1,0.3406020600280416,0.3557356350095539,1.124514450599611,1.1744786926084299,0.6208729831267068,2.0154020647539816,0.626,500
20260832,100,W1,contamination,0.2,0.6258663626164953,0.626120055077499,2.0663285737277164,2.0671661518632782,1.174638136268761,3.0678803457986805,0.99,500
20260832,100,W1,contamination,0.3,0.9148729831764455,0.9208428676990358,3.0204981436706175,3.0402080109964666,1.9592408295146029,4.260902877824438,1.0,500
20260832,100,W1,contamination,0.4,1.2143612599873812,1.2125167258852365,4.009273417171156,4.003183597126278,2.7275247725057836,5.282151232891835,1.0,500
20260832,100,W1,contamination,0.5,1.5026032172950314,1.511709576267126,4.960918413783576,4.990983505743456,3.7749228374439827,6.381733539702614,1.0,500
20260832,100,W1,contamination,0.6,1.796827141155228,1.80363789570334,5.932313167137888,5.95479920820355,4.773161624117122,7.297335610692949,1.0,500
20260832,100,W1,contamination,0.8,2.4084094180040125,2.4097157452158635,7.95148212927056,7.955795032800318,6.810750056339632,9.060962260477934,1.0,500
20260832,100,W1,contamination,1.0,3.0030746011736507,3.0028503439998318,9.914798474708013,9.914058078620597,9.23226325835435,10.661705561144533,1.0,500
20260832,100,W1,location,0.0,0.16827270456870852,0.1764284779720832,0.5555606090973528,0.5824872960561919,0.28337747009729103,1.0945373963391287,0.042,500
20260832,100,W1,location,0.05,0.168408748136306,0.18409025174626906,0.5560097636258423,0.6077830189463816,0.2950648787968756,1.2115917103032012,0.068,500
20260832,100,W1,location,0.1,0.17483330860819177,0.19252010524507093,0.5772207659573956,0.6356145948184123,0.3025528454251004,1.1859208999372035,0.088,500
20260832,100,W1,location,0.2,0.23581869538660682,0.24842974407523347,0.7785670194183645,0.8202030168236895,0.3392534954263327,1.6004455102682293,0.252,500
20260832,100,W1,location,0.3,0.3242840028037385,0.33030833421371336,1.0706395822182233,1.0905292086202485,0.405100773832753,1.9024648029632663,0.556,500
20260832,100,W1,location,0.4,0.41153155382650997,0.40969602945516104,1.3586916623978205,1.3526315884222264,0.5756866877108346,2.19258795940095,0.776,500
20260832,100,W1,location,0.5,0.5107567724394255,0.5108172991340437,1.6862886011390092,1.6864884329977468,0.8618670077994822,2.485610379383946,0.942,500
20260832,100,W1,location,0.6,0.6056453371229971,0.6098375475490009,1.9995678636735554,2.0134086525507793,1.115214813389408,2.9263231859222123,0.986,500
20260832,100,W1,location,0.8,0.7978962189161817,0.8007940183625281,2.634293604026256,2.6438608314003,1.720390692978457,3.558846955077432,1.0,500
20260832,100,W1,location,1.0,0.9988840217757715,1.0051893825577978,3.2978647189257577,3.3186821776194866,2.4049396647761685,4.29229401558777,1.0,500
20260832,100,W1,scale,0.0,0.16774067161284245,0.17850533551667694,0.5538040761303551,0.5893441433710326,0.30571360955245463,1.1136434734957712,0.044,500
20260832,100,W1,scale,0.05,0.17642403238881682,0.1902631021112095,0.5824726187444222,0.6281629879817807,0.30178917113526993,1.1633115455246934,0.07,500
20260832,100,W1,scale,0.1,0.18379127295477637,0.19635952433857318,0.6067959257637138,0.6482906257625466,0.33927396822622596,1.1098705310164856,0.078,500
20260832,100,W1,scale,0.2,0.23049901937659878,0.2415442329485503,0.761003847471402,0.7974701632376539,0.40234390154511196,1.4173994081308894,0.22,500
20260832,100,W1,scale,0.3,0.2916408011332741,0.2984650863521091,0.9628664466439629,0.985397159884398,0.4850318143160225,1.5887194248604264,0.448,500
20260832,100,W1,scale,0.4,0.37042196474188993,0.37471005886767345,1.2229663324334004,1.237123686060615,0.6566624264679531,1.9385454397970192,0.752,500
20260832,100,W1,scale,0.5,0.42919693002102616,0.4302165453836046,1.417014770615006,1.4203810808750745,0.7527142482037598,2.110391578705381,0.9,500
20260832,100,W1,scale,0.6,0.5043455654847107,0.510365364663518,1.6651216861010676,1.6849963491190165,0.9973053616335994,2.400977330634568,0.974,500
20260832,100,W1,scale,0.8,0.661743307665203,0.6640859070481522,2.1847780720875276,2.1925122791497964,1.4050429975105514,3.0556451347994895,1.0,500
20260832,100,W1,scale,1.0,0.816219921980405,0.817567135778632,2.6947902107776045,2.699238103382919,1.8648029090706215,3.6328355159812866,1.0,500
20260833,100,JS,contamination,0.0,0.08765563229815003,0.0889540228643123,0.7030913308659608,0.7135058031276148,0.43720261698210916,1.0467068057760027,0.058,500
20260833,100,JS,contamination,0.05,0.10075621346938422,0.10184519871264067,0.8081719150715577,0.8169067340888945,0.49859684014362987,1.1609532353139023,0.146,500
20260833,100,JS,contamination,0.1,0.11654864718424458,0.11789266768209845,0.9348440175603784,0.9456244903693931,0.6134635122159039,1.3488538953654334,0.374,500
20260833,100,JS,contamination,0.2,0.15118892633040043,0.15159311629534128,1.212695871775491,1.2159379048647772,0.8333703832247144,1.6355394333361737,0.842,500
20260833,100,JS,contamination,0.3,0.18620212119983473,0.18733911029638778,1.4935389064236975,1.5026587673626555,1.0429697385979153,2.0063444007167135,0.984,500
20260833,100,JS,contamination,0.4,0.22818202781841396,0.23092581129904288,1.8302623734758947,1.8522704330657418,1.4097349187013635,2.3402019865375654,1.0,500
20260833,100,JS,contamination,0.5,0.27576034008974876,0.2766676783983984,2.211891003812237,2.2191688213608485,1.7055434433317183,2.7558071546322043,1.0,500
20260833,100,JS,contamination,0.6,0.3318056740420466,0.33337516236318515,2.6614341467253704,2.6740231111028616,2.1392821603816543,3.2750348701390966,1.0,500
20260833,100,JS,contamination,0.8,0.46473935748287426,0.4660364224951942,3.727703568973305,3.7381074088843538,3.108673075571806,4.381304675237325,1.0,500
20260833,100,JS,contamination,1.0,0.6559860986433499,0.6551147076633471,5.261705688870563,5.254716207102286,4.9338973976375335,5.504179289793385,1.0,500
20260833,100,JS,location,0.0,0.08727346861507898,0.0886674628644158,0.700025971966659,0.7112072873743446,0.4175904585746551,1.0481073464455117,0.048,500
20260833,100,JS,location,0.05,0.08764599312053614,0.08975081305706917,0.7030140144170423,0.7198969072969497,0.4483592323007982,1.0783701506722834,0.058,500
20260833,100,JS,location,0.1,0.08814917325664623,0.08888455667653819,0.7070500538852148,0.7129486104734549,0.4321962378118579,1.0518228596670334,0.044,500
20260833,100,JS,location,0.2,0.09126509828516978,0.09273529462489609,0.732043084198789,0.7438356213584834,0.450986388926687,1.1271174634045669,0.074,500
20260833,100,JS,location,0.3,0.09486142317265547,0.09805840664348604,0.7608894319470791,0.7865326371163399,0.4980723262671901,1.1375629960180853,0.126,500
20260833,100,JS,location,0.4,0.104155081923052,0.1066828351020832,0.8354344523652171,0.8557097193406538,0.5433624800442763,1.3103754565138241,0.22,500
20260833,100,JS,location,0.5,0.11326662445485702,0.11562470433823079,0.9085187071583207,0.9274330139749118,0.5910681210280692,1.3764004796979923,0.336,500
20260833,100,JS,location,0.6,0.12297980208151839,0.12530773753808053,0.9864287148260305,1.0051012313022918,0.6311285439850653,1.4980302827612,0.47,500
20260833,100,JS,location,0.8,0.15422358250329649,0.15679786409638546,1.2370370394949224,1.257685513801198,0.8497274698630948,1.7217781014045856,0.89,500
20260833,100,JS,location,1.0,0.1881513499732181,0.18944890628460026,1.5091737928138702,1.5195815734655473,1.0324103374616918,1.9922933206964053,0.98,500
20260833,100,JS,scale,0.0,0.08695159489176915,0.08820278612392324,0.6974442026204184,0.7074800860601823,0.40523291049092525,1.0051100211559567,0.03,500
20260833,100,JS,scale,0.05,0.09003850719399241,0.0905685258770246,0.722204520034528,0.7264558331728486,0.42933954829170257,1.0713784627768672,0.058,500
20260833,100,JS,scale,0.1,0.0912227999133302,0.09342640830251199,0.7317038063022017,0.7493790875640758,0.46119627584000367,1.1132443977613662,0.084,500
20260833,100,JS,scale,0.2,0.0999739593814043,0.10201788394295062,0.8018974059114115,0.8182918531647178,0.5141046059382278,1.1902247004527493,0.144,500
20260833,100,JS,scale,0.3,0.10906068074080796,0.11051281169996592,0.874782568522076,0.8864302021298434,0.5611754104578006,1.2362160051043707,0.278,500
20260833,100,JS,scale,0.4,0.12088900989838117,0.12216660073182169,0.9696583394369623,0.9799059757363676,0.6314965735190122,1.4095808593906993,0.428,500
20260833,100,JS,scale,0.5,0.13185277042830812,0.1335812804073012,1.057599351100222,1.0714638381808885,0.6987283070370506,1.4840261760390727,0.636,500
20260833,100,JS,scale,0.6,0.1417547187829152,0.14379697305785805,1.137023500630356,1.1534045504099326,0.7959268559605033,1.5957204153383828,0.754,500
20260833,100,JS,scale,0.8,0.16671872625515083,0.1689564618007704,1.3372613721421494,1.3552103894687737,0.9657240948022973,1.8783708136909292,0.952,500
20260833,100,JS,scale,1.0,0.1900908649590402,0.18875781193261007,1.5247307643040515,1.5140382622720123,1.0632932770686747,2.0048093263672144,0.992,500
20260833,100,MMD2,contamination,0.0,0.007023078578212272,0.009257150636252076,0.28703010863544043,0.37833564343436854,0.041016323277672725,1.1984360947958408,0.062,500
20260833,100,MMD2,contamination,0.05,0.009974237794403207,0.011971223721203338,0.4076426777517307,0.4892586074511524,0.07995497993609334,1.3895602269372545,0.078,500
20260833,100,MMD2,contamination,0.1,0.019055946163532123,0.022063576760519777,0.7788080734904758,0.9017286029099814,0.19984698059984227,2.184995832862983,0.348,500
20260833,100,MMD2,contamination,0.2,0.05686939770865529,0.05927428859419419,2.3242270779921244,2.4225139025584985,0.8685937682472402,4.68240807587033,0.952,500
20260833,100,MMD2,contamination,0.3,0.11292748775107914,0.11515002274833483,4.615296371263229,4.706130391501509,1.9911602292760489,7.7503007895851805,1.0,500
20260833,100,MMD2,contamination,0.4,0.1974996605957648,0.20345490672597794,8.071723590296925,8.315111860080597,4.550040393776391,13.384995387140634,1.0,500
20260833,100,MMD2,contamination,0.5,0.31267808331046276,0.31488893420053254,12.77901467583591,12.869371171792277,7.774049293039919,18.773973389988242,1.0,500
20260833,100,MMD2,contamination,0.6,0.4356478993770715,0.4380346067463997,17.804736554269375,17.902280226587745,12.37739202784008,24.396956738661192,1.0,500
20260833,100,MMD2,contamination,0.8,0.7727114087850009,0.7717439714885919,31.58037278629739,31.54083405279273,24.92700019592746,38.64142087808194,1.0,500
20260833,100,MMD2,contamination,1.0,1.2106187560851023,1.2096403780183391,49.47745197572043,49.4374660977807,44.929470982347766,53.832612994215125,1.0,500
20260833,100,MMD2,location,0.0,0.006159308621440318,0.008112049639291812,0.2517282133530166,0.33153587323448547,0.028259817009646568,1.1933496807385422,0.04,500
20260833,100,MMD2,location,0.05,0.0063764010635943835,0.009150001127470045,0.2606006852414453,0.3739564905025826,0.037159236251035344,1.2488608287882588,0.07,500
20260833,100,MMD2,location,0.1,0.008070632017077695,0.011375145240389644,0.32984315337222725,0.46489714414160266,0.04250818958474232,1.5499879839075446,0.11,500
20260833,100,MMD2,location,0.2,0.011785655490260782,0.01610346087240576,0.4816745161023857,0.6581413082793339,0.05300886036214965,2.092446120848956,0.22,500
20260833,100,MMD2,location,0.3,0.022387177226219523,0.02633261691030791,0.9149540105129133,1.0762023816548372,0.08228284969514865,2.8881423300206874,0.47,500
20260833,100,MMD2,location,0.4,0.0355522391742471,0.040065007362122776,1.4530042571465693,1.6374390927798956,0.23397913115247487,3.954622779213945,0.712,500
20260833,100,MMD2,location,0.5,0.05246328508622955,0.0563125353331132,2.144151208045533,2.3014683595231764,0.45448401723503506,4.903481785975244,0.868,500
20260833,100,MMD2,location,0.6,0.06863736488302996,0.07455745025922339,2.80517868046428,3.047129945815553,0.8647876201705228,6.517957374920254,0.956,500
20260833,100,MMD2,location,0.8,0.11872080103025351,0.12358401937456077,4.8520665171988355,5.050824095394652,2.042565668362476,8.828110960667622,1.0,500
20260833,100,MMD2,location,1.0,0.18414142771724307,0.18478754921803744,7.525778533353591,7.552185232709062,3.7946789959078076,11.873963054972787,1.0,500
20260833,100,MMD2,scale,0.0,0.0057387474298475905,0.008071083177938192,0.2345400638589754,0.32986159211662663,0.03875471634334276,1.0420149913351573,0.03,500
20260833,100,MMD2,scale,0.05,0.006701305619786768,0.009022746421296607,0.27387939044479626,0.3687556470646852,0.041928448917566676,1.23254990895225,0.048,500
20260833,100,MMD2,scale,0.1,0.00853845328200209,0.010847333017314413,0.3489628011161372,0.44332569252800547,0.05266259959134747,1.378062365759682,0.086,500
20260833,100,MMD2,scale,0.2,0.01341921626436815,0.015899800562011526,0.5484374208930631,0.6498178016623735,0.07852927143274971,1.7927440512078752,0.19,500
20260833,100,MMD2,scale,0.3,0.02024119384493528,0.023712993104422053,0.8272486208892278,0.9691395178104742,0.16013187392826633,2.6019381213370893,0.404,500
20260833,100,MMD2,scale,0.4,0.03158648482240117,0.0334118358381214,1.290925634537514,1.3655269214952563,0.22106058234262613,3.1173641738445594,0.622,500
20260833,100,MMD2,scale,0.5,0.03791362240582269,0.042564964760845536,1.5495129431794656,1.7396112436035334,0.46249738033648957,3.7002613867877003,0.812,500
20260833,100,MMD2,scale,0.6,0.0541329742677602,0.05773945491442562,2.2123906648343192,2.3597859303543998,0.7014808681374827,4.564014664329186,0.922,500
20260833,100,MMD2,scale,0.8,0.074961053881627,0.07847498935644234,3.0636250469729793,3.2072380323385676,1.288261995822541,5.808363481507396,0.992,500
20260833,100,MMD2,scale,1.0,0.09955610825592842,0.10369521241824114,4.068814017925275,4.237977370453852,2.0002562967465445,7.5091554476535975,1.0,500
20260833,100,TV,contamination,0.0,0.28,0.28536,0.7777777777777779,0.7926666666666667,0.5687500000000001,1.027777777777778,0.046,500
20260833,100,TV,contamination,0.05,0.30000000000000004,0.30363999999999997,0.8333333333333335,0.8434444444444444,0.6243055555555556,1.0833333333333335,0.086,500
20260833,100,TV,contamination,0.1,0.32000000000000006,0.3255,0.8888888888888891,0.9041666666666668,0.6944444444444444,1.1666666666666667,0.19,500
20260833,100,TV,contamination,0.2,0.37,0.37276,1.027777777777778,1.0354444444444446,0.7909722222222223,1.2500000000000002,0.59,500
20260833,100,TV,contamination,0.3,0.42000000000000004,0.42713999999999996,1.1666666666666667,1.1865,0.9298611111111112,1.4590277777777774,0.92,500
20260833,100,TV,contamination,0.4,0.49,0.48775999999999997,1.3611111111111112,1.3548888888888888,1.096527777777778,1.6256944444444439,0.99,500
20260833,100,TV,contamination,0.5,0.55,0.5518000000000001,1.527777777777778,1.5327777777777778,1.277777777777778,1.8055555555555556,1.0,500
20260833,100,TV,contamination,0.6,0.63,0.63028,1.75,1.7507777777777778,1.5000000000000002,1.9722222222222225,1.0,500
20260833,100,TV,contamination,0.8,0.79,0.7864,2.1944444444444446,2.1844444444444444,1.972222222222222,2.388888888888889,1.0,500
20260833,100,TV,contamination,1.0,0.97,0.9653200000000001,2.6944444444444446,2.6814444444444443,2.583333333333333,2.7777777777777777,1.0,500
20260833,100,TV,location,0.0,0.29000000000000004,0.29186,0.8055555555555557,0.8107222222222222,0.5833333333333334,1.0555555555555556,0.056,500
20260833,100,TV,location,0.05,0.29,0.28762,0.8055555555555556,0.7989444444444445,0.5555555555555556,1.0555555555555556,0.044,500
20260833,100,TV,location,0.1,0.29000000000000004,0.29044,0.8055555555555557,0.8067777777777778,0.5687500000000001,1.0555555555555556,0.062,500
20260833,100,TV,location,0.2,0.3,0.29704,0.8333333333333334,0.8251111111111112,0.5965277777777779,1.0833333333333335,0.08,500
20260833,100,TV,location,0.3,0.30000000000000004,0.30457999999999996,0.8333333333333335,0.8460555555555557,0.6111111111111112,1.1111111111111112,0.102,500
20260833,100,TV,location,0.4,0.32,0.31914,0.888888888888889,0.8865,0.638888888888889,1.1388888888888888,0.174,500
20260833,100,TV,location,0.5,0.33999999999999997,0.33724,0.9444444444444444,0.9367777777777778,0.6944444444444444,1.1944444444444446,0.268,500
20260833,100,TV,location,0.6,0.35000000000000003,0.3519,0.9722222222222223,0.9775000000000001,0.7222222222222223,1.2645833333333327,0.4,500
20260833,100,TV,location,0.8,0.39999999999999997,0.39646000000000003,1.1111111111111112,1.1012777777777778,0.8333333333333334,1.3756944444444439,0.748,500
20260833,100,TV,location,1.0,0.45,0.45068,1.25,1.2518888888888888,0.9722222222222222,1.527777777777778,0.958,500
20260833,100,TV,scale,0.0,0.28,0.28826,0.7777777777777779,0.8007222222222223,0.5833333333333334,1.0555555555555556,0.058,500
20260833,100,TV,scale,0.05,0.29000000000000004,0.28898,0.8055555555555557,0.8027222222222223,0.5555555555555556,1.027777777777778,0.038,500
20260833,100,TV,scale,0.1,0.29000000000000004,0.29454,0.8055555555555557,0.8181666666666667,0.5965277777777779,1.0833333333333335,0.06,500
20260833,100,TV,scale,0.2,0.31000000000000005,0.3114,0.8611111111111113,0.8650000000000001,0.6388888888888888,1.0979166666666662,0.102,500
20260833,100,TV,scale,0.3,0.32,0.32194,0.888888888888889,0.8942777777777778,0.6520833333333335,1.138888888888889,0.174,500
20260833,100,TV,scale,0.4,0.33999999999999997,0.34078,0.9444444444444444,0.9466111111111112,0.7222222222222223,1.1812499999999995,0.318,500
20260833,100,TV,scale,0.5,0.36,0.35913999999999996,1.0,0.9976111111111112,0.7777777777777778,1.2500000000000002,0.434,500
20260833,100,TV,scale,0.6,0.37,0.37424,1.027777777777778,1.0395555555555556,0.8055555555555557,1.3055555555555556,0.572,500
20260833,100,TV,scale,0.8,0.41000000000000003,0.40838,1.1388888888888888,1.134388888888889,0.9166666666666666,1.3756944444444439,0.824,500
20260833,100,TV,scale,1.0,0.44,0.44260000000000005,1.2222222222222223,1.2294444444444446,0.9444444444444445,1.5000000000000002,0.946,500
20260833,100,W1,contamination,0.0,0.1601410769072324,0.17379003657800965,0.5197182686412546,0.5640142970297728,0.281887148146889,1.0314352618297074,0.034,500
20260833,100,W1,contamination,0.05,0.23518193849296753,0.2467367573846895,0.7632542021686564,0.8007539529187263,0.3845343624655105,1.4801748173114921,0.202,500
20260833,100,W1,contamination,0.1,0.3457617764556782,0.36273272638395243,1.1221275346235284,1.1772046758808556,0.5842479952942728,2.094531386148113,0.626,500
20260833,100,W1,contamination,0.2,0.6234875058897995,0.6339845700671666,2.0234524042086433,2.057519341470703,1.1765424236865354,3.0356644950315568,0.992,500
20260833,100,W1,contamination,0.3,0.9296112858049748,0.9278154345346195,3.016939671561009,3.011111456021364,1.8849889987705515,4.136688405675618,1.0,500
20260833,100,W1,contamination,0.4,1.2059270279510232,1.2068243851275924,3.9136885999428066,3.9166008628497773,2.7298986745596383,5.054870451075192,1.0,500
20260833,100,W1,contamination,0.5,1.5039751499224465,1.5048766259576034,4.880967307656865,4.883892937815358,3.624767904493795,6.096249727822989,1.0,500
20260833,100,W1,contamination,0.6,1.7886597161260742,1.8031484670429434,5.804876230424663,5.8518976985371305,4.674297069982704,7.113238348446029,1.0,500
20260833,100,W1,contamination,0.8,2.3968005230195173,2.3915671461450034,7.778522801015956,7.7615385167779705,6.614680962531515,8.752873590033866,1.0,500
20260833,100,W1,contamination,1.0,3.0066995310213493,3.0101637172831195,9.757875398153482,9.769117990753637,9.04446558793514,10.585867362847074,1.0,500
20260833,100,W1,location,0.0,0.16030074377905545,0.17339640719168256,0.5202364479353235,0.5627368210248703,0.29521289272338014,1.0902570807522116,0.038,500
20260833,100,W1,location,0.05,0.1671321959757724,0.18318832404217877,0.5424070900750662,0.5945152889264385,0.3069691753127259,1.1107209064762058,0.06,500
20260833,100,W1,location,0.1,0.17659760012718367,0.19277478096845843,0.5731259009671079,0.6256269617860893,0.30197484882388304,1.2592650622981263,0.09,500
20260833,100,W1,location,0.2,0.2236624524747416,0.23953563244501877,0.7258691199358345,0.7773835831285754,0.34188052231820637,1.5151347145298166,0.242,500
20260833,100,W1,location,0.3,0.31130385144397266,0.32525458209179686,1.0102985556138027,1.055573944780617,0.4347476845094483,1.9248974555370195,0.51,500
20260833,100,W1,location,0.4,0.4020994606681868,0.40352359923973136,1.304964594693657,1.309586462155789,0.533215460224964,2.1165903134596165,0.752,500
20260833,100,W1,location,0.5,0.5108737079505317,0.5145818726076139,1.6579781035455061,1.6700124981720137,0.918094369924212,2.620915156434783,0.95,500
20260833,100,W1,location,0.6,0.6121567996963063,0.6034400863613428,1.986679983796007,1.9583909573314628,1.0890578785053802,2.798165086806283,0.982,500
20260833,100,W1,location,0.8,0.7860390753755135,0.7874154908412303,2.5509936315414192,2.555460619503463,1.6578657439175062,3.4920332777709304,1.0,500
20260833,100,W1,location,1.0,1.0111776326254063,1.0009314977272383,3.2816532688940874,3.2484006919014567,2.3073187770343075,4.0772511000361655,1.0,500
20260833,100,W1,scale,0.0,0.1645871153857807,0.18006257463473532,0.5341473424617215,0.5843710517224886,0.3064973554106596,1.0598360455379874,0.062,500
20260833,100,W1,scale,0.05,0.1745382536590634,0.18391525943507217,0.5664425440070198,0.5968744687890007,0.2928612098079296,1.0947893425793995,0.048,500
20260833,100,W1,scale,0.1,0.18477878148809135,0.19788589609563592,0.599676923942894,0.6422144604842629,0.31911732968629625,1.173795779709655,0.078,500
20260833,100,W1,scale,0.2,0.2332200795713153,0.23896026016455021,0.7568872291110808,0.775516282800612,0.37689265193733384,1.2940635743865132,0.198,500
20260833,100,W1,scale,0.3,0.3031475680179925,0.3063167832310124,0.983828335839064,0.9941136359961023,0.4898707628348002,1.5545396492628183,0.478,500
20260833,100,W1,scale,0.4,0.3573466039859486,0.36376476157154947,1.1597246747378507,1.1805540197920714,0.5830606253989091,1.8628677072104147,0.67,500
20260833,100,W1,scale,0.5,0.4373121044343794,0.4401043368249795,1.419242921066148,1.4283047696044051,0.8012355945151004,2.151415515162686,0.896,500
20260833,100,W1,scale,0.6,0.5038304453556293,0.5070526628104083,1.6351200566776884,1.6455773691244722,0.9342403491566091,2.3675413722476844,0.962,500
20260833,100,W1,scale,0.8,0.6729776928964908,0.6722502349518712,2.184066750025421,2.181705874285176,1.3966887198247453,2.992054250738988,0.998,500
20260833,100,W1,scale,1.0,0.8157658707016837,0.8197986788300844,2.647468308105008,2.6605562933910627,1.8634768251277523,3.6148142467021884,1.0,500
20260834,100,JS,contamination,0.0,0.08713030309754859,0.08798182806012342,0.6987190279723589,0.705547613125774,0.4281925309309396,1.0282674522745063,0.034,500
20260834,100,JS,contamination,0.05,0.09954122682223195,0.10112698327524107,0.798245234732379,0.8109618002446892,0.49651466152815815,1.1753964712232197,0.132,500
20260834,100,JS,contamination,0.1,0.11734972566972311,0.11719345729139724,0.9410559052109945,0.9398027511931044,0.6164240495315034,1.2954091127364062,0.36,500
20260834,100,JS,contamination,0.2,0.1484910852116484,0.15068387734772673,1.1907860185621548,1.2083705504115476,0.8553229865577595,1.6436596195773743,0.84,500
20260834,100,JS,contamination,0.3,0.1860443534138126,0.18769753012025434,1.491934782225066,1.5051920070977753,1.0804201824707378,1.9844821126324899,0.992,500
20260834,100,JS,contamination,0.4,0.2293367431328242,0.23073927949229925,1.839106952958848,1.850354232113738,1.3814170723349115,2.359557268161642,1.0,500
20260834,100,JS,contamination,0.5,0.2790115061773675,0.2776086932855083,2.237460922993609,2.226211426258477,1.734343564860644,2.7515128856097717,1.0,500
20260834,100,JS,contamination,0.6,0.33241911531147794,0.33409861183331635,2.665749490964438,2.679217780818865,2.10446043742592,3.2599414975469827,1.0,500
20260834,100,JS,contamination,0.8,0.4621329016216318,0.4625321641957804,3.7059557964994285,3.709157579895069,3.114851383249255,4.359521573273007,1.0,500
20260834,100,JS,contamination,1.0,0.6568033601200054,0.654962886030285,5.267065407063195,5.252306199057939,4.893857966187209,5.558515315852865,1.0,500
20260834,100,JS,location,0.0,0.08573826350417452,0.08732913051623549,0.6875559249300979,0.7003134732546579,0.42337919118023454,1.0406367915957784,0.042,500
20260834,100,JS,location,0.05,0.08790344715609047,0.08957549354914397,0.7049190576504627,0.71832760311565,0.4213849195675387,1.0589453864850393,0.056,500
20260834,100,JS,location,0.1,0.08947552904303757,0.09010460104324039,0.7175259635017008,0.7225706444092634,0.43955010321500443,1.0397521429811107,0.048,500
20260834,100,JS,location,0.2,0.09071804748608074,0.09282032908332385,0.7274900201834373,0.7443487260748346,0.4554019619850583,1.1115628641072943,0.076,500
20260834,100,JS,location,0.3,0.09722083584026064,0.09864468852635425,0.7796374567974893,0.7910556767443352,0.4725933805090973,1.1396962180143757,0.134,500
20260834,100,JS,location,0.4,0.10462169165040605,0.10635850030490789,0.8389867141051214,0.8529146038484735,0.5363149034468582,1.2322018528144278,0.198,500
20260834,100,JS,location,0.5,0.11436226029698249,0.11572581579153494,0.9170986959837362,0.928033378130697,0.5890042473179739,1.3895645763198228,0.346,500
20260834,100,JS,location,0.6,0.12578667020777826,0.1281018665589892,1.0087138092594476,1.0272799301906714,0.6486017433576405,1.4748687875165956,0.514,500
20260834,100,JS,location,0.8,0.15664608314683506,0.15773193650521347,1.2561829244355436,1.264890645815065,0.8410964997734369,1.6945496881811972,0.874,500
20260834,100,JS,location,1.0,0.1893130552428123,0.18906706660775902,1.5181472947895311,1.5161746522774966,1.039185478131784,2.042913081699916,0.986,500
20260834,100,JS,scale,0.0,0.0858967074757504,0.0876643331915625,0.6888265255577997,0.7030015447883469,0.4307728423773571,1.080823343984432,0.054,500
20260834,100,JS,scale,0.05,0.08914596225591132,0.09004121441861872,0.7148830875220887,0.7220623316963773,0.4191020393605658,1.0759570614191505,0.06,500
20260834,100,JS,scale,0.1,0.09190770122972969,0.09298274798614199,0.7370301420220522,0.7456512026400128,0.4603786930510464,1.1037022575221933,0.068,500
20260834,100,JS,scale,0.2,0.10071254427178838,0.10128411694776503,0.8076383133824654,0.8122218932665711,0.5154002883451134,1.135656254773456,0.134,500
20260834,100,JS,scale,0.3,0.10819443828487312,0.11020162987413126,0.8676374356896832,0.8837335917495397,0.5429970522171256,1.2701279091278044,0.24,500
20260834,100,JS,scale,0.4,0.11996078184163347,0.12160400371773265,0.9619945977847583,0.9751719924590946,0.6436512210502823,1.3885479273760823,0.44,500
20260834,100,JS,scale,0.5,0.13201948850519682,0.13347435983744366,1.0586962905257518,1.0703632565175294,0.712969147324392,1.4881372370540276,0.6,500
20260834,100,JS,scale,0.6,0.14005350105125414,0.14099043937494796,1.123122985227068,1.1306365208344038,0.7608057156085596,1.5292658215080246,0.72,500
20260834,100,JS,scale,0.8,0.16434700922797962,0.16445900955090142,1.3179385180076233,1.3188366757550707,0.8915967458506242,1.795577854774193,0.912,500
20260834,100,JS,scale,1.0,0.18810057705139033,0.18833953139221934,1.5084241381697319,1.5103403709707,0.9839983922303039,2.0099827023235255,0.966,500
20260834,100,MMD2,contamination,0.0,0.006402364674674699,0.008416737417412928,0.2672694816043822,0.3513603427262533,0.04113104024461891,1.2397801975519456,0.05,500
20260834,100,MMD2,contamination,0.05,0.010007703619289487,0.012607343139756642,0.41777591472696046,0.5262989905432913,0.08811545592694273,1.5241472335237065,0.106,500
20260834,100,MMD2,contamination,0.1,0.017774415667302756,0.020804966862895125,0.7420006673490823,0.8685123373614856,0.1887441533738325,2.0974434185506716,0.354,500
20260834,100,MMD2,contamination,0.2,0.057101019403878794,0.0605137674911177,2.383706744404071,2.5261733889128877,0.8596084670356322,4.919637346460468,0.954,500
20260834,100,MMD2,contamination,0.3,0.11114395820546186,0.11735463188472418,4.639752591809717,4.899019849927088,2.2971592927127387,8.784104644617825,1.0,500
20260834,100,MMD2,contamination,0.4,0.19610510178566903,0.20232196401670635,8.18649226613969,8.446017868026718,4.685813037080113,13.8654074574875,1.0,500
20260834,100,MMD2,contamination,0.5,0.3029275817375049,0.30719136169619027,12.645842879727208,12.823836217679471,7.560908366999636,18.740652121503793,1.0,500
20260834,100,MMD2,contamination,0.6,0.4391482619888102,0.4454205809097324,18.332434076035867,18.594274741420552,12.272999092155727,26.19877047087581,1.0,500
20260834,100,MMD2,contamination,0.8,0.7788090128355365,0.7810214033455221,32.511718982947585,32.6040761813823,24.914545731504727,41.095566442482074,1.0,500
20260834,100,MMD2,contamination,1.0,1.211955860954089,1.2096639124928936,50.59362144207293,50.497943062565625,45.86057980499273,54.76278951978081,1.0,500
20260834,100,MMD2,location,0.0,0.006175693557184725,0.008866413175465934,0.25780699779650545,0.3701322516773771,0.029428804136919035,1.3790119773261975,0.06,500
20260834,100,MMD2,location,0.05,0.0065783773627883235,0.009748999492094713,0.27461720737420686,0.4069761990784958,0.03883953184723551,1.4381479424131398,0.068,500
20260834,100,MMD2,location,0.1,0.007519218960571616,0.010557876785486175,0.3138930466755906,0.4407431314342003,0.04173703672718478,1.5351584996985088,0.086,500
20260834,100,MMD2,location,0.2,0.011014007022597805,0.01636726292438401,0.4597844854044195,0.6832584676699948,0.05523990911975701,2.4763932091171292,0.242,500
20260834,100,MMD2,location,0.3,0.021825569650777976,0.026157924398457138,0.9111178420307892,1.0919738642000238,0.10482052441292507,3.17297329857007,0.468,500
20260834,100,MMD2,location,0.4,0.03424139996139408,0.038803387782967116,1.4294220467151226,1.6198642008430084,0.19360501789555923,4.167305580784771,0.688,500
20260834,100,MMD2,location,0.5,0.050683953980253715,0.05449734760397933,2.1158235736784325,2.275015339339358,0.5109924325988422,5.079985096247817,0.858,500
20260834,100,MMD2,location,0.6,0.0694162974497079,0.07473856352375464,2.8978133513179944,3.119993649825177,0.7929010392205394,6.366552582644414,0.962,500
20260834,100,MMD2,location,0.8,0.12212153793244901,0.12375016567795136,5.098016404008405,5.166004173431901,2.1441156531708634,9.028696605426779,0.998,500
20260834,100,MMD2,location,1.0,0.18544880012711618,0.18660221865505294,7.741640345822287,7.7897903009871285,3.5804719012972046,12.505450252032205,1.0,500
20260834,100,MMD2,scale,0.0,0.007049381926755971,0.008929901302797916,0.2942794965504052,0.3727825910039032,0.04556065783973733,1.164003880304586,0.054,500
20260834,100,MMD2,scale,0.05,0.007285718434469346,0.009527961234191914,0.3041454662522878,0.39774886142962645,0.04337910905464803,1.3548268724470915,0.062,500
20260834,100,MMD2,scale,0.1,0.00865336370861236,0.01096116218873694,0.36123840956505826,0.45757845496580185,0.049526461153743755,1.466848521462289,0.094,500
20260834,100,MMD2,scale,0.2,0.012139622756937585,0.01566023542015032,0.506773800929158,0.6537432988005831,0.07591643160494528,1.992159504054049,0.196,500
20260834,100,MMD2,scale,0.3,0.020567374644731018,0.023783161812103378,0.858593947483892,0.992838373230744,0.15804020267721383,2.620554555476096,0.414,500
20260834,100,MMD2,scale,0.4,0.029042315837898236,0.03294817104115794,1.2123840319952082,1.3754356462724036,0.27333491792209846,3.296391632397837,0.63,500
20260834,100,MMD2,scale,0.5,0.04161047328535156,0.044778394441921235,1.7370471988701532,1.8692934372996992,0.5725519778107462,3.8070478436812483,0.808,500
20260834,100,MMD2,scale,0.6,0.0514811419870817,0.05525498727534265,2.1491025317123205,2.306643335009329,0.7314345339374824,4.458185642985825,0.912,500
20260834,100,MMD2,scale,0.8,0.07827786974130352,0.07942302643394154,3.2677435182050996,3.3155485794831345,1.246433920065956,5.927943628485109,0.99,500
20260834,100,MMD2,scale,1.0,0.10105881143881068,0.10550611268743251,4.2187437794112075,4.404398292962963,2.1478811041104744,7.256927391203214,1.0,500
20260834,100,TV,contamination,0.0,0.29,0.2838,0.8055555555555556,0.7883333333333333,0.5833333333333333,1.027777777777778,0.032,500
20260834,100,TV,contamination,0.05,0.30000000000000004,0.30112,0.8333333333333335,0.8364444444444444,0.6388888888888888,1.0555555555555556,0.068,500
20260834,100,TV,contamination,0.1,0.32,0.32245999999999997,0.888888888888889,0.8957222222222223,0.6666666666666667,1.1256944444444439,0.156,500
20260834,100,TV,contamination,0.2,0.37,0.36894,1.027777777777778,1.0248333333333335,0.7631944444444445,1.3055555555555556,0.554,500
20260834,100,TV,contamination,0.3,0.43,0.42416000000000004,1.1944444444444444,1.1782222222222225,0.9166666666666667,1.4312499999999995,0.896,500
20260834,100,TV,contamination,0.4,0.4800000000000001,0.48378000000000004,1.3333333333333335,1.3438333333333334,1.0833333333333335,1.6111111111111114,0.988,500
20260834,100,TV,contamination,0.5,0.55,0.5537799999999999,1.527777777777778,1.5382777777777779,1.277777777777778,1.7777777777777781,1.0,500
20260834,100,TV,contamination,0.6,0.6200000000000001,0.62578,1.7222222222222225,1.7382777777777778,1.5000000000000002,1.972222222222222,1.0,500
20260834,100,TV,contamination,0.8,0.79,0.78874,2.1944444444444446,2.190944444444445,1.9722222222222223,2.416666666666667,1.0,500
20260834,100,TV,contamination,1.0,0.97,0.96674,2.6944444444444446,2.6853888888888893,2.5833333333333335,2.7777777777777777,1.0,500
20260834,100,TV,location,0.0,0.29,0.28742,0.8055555555555556,0.7983888888888889,0.5833333333333334,1.027777777777778,0.036,500
20260834,100,TV,location,0.05,0.28,0.28714,0.7777777777777779,0.7976111111111112,0.5833333333333334,1.027777777777778,0.046,500
20260834,100,TV,location,0.1,0.29,0.28692,0.8055555555555556,0.797,0.5687500000000001,1.027777777777778,0.04,500
20260834,100,TV,location,0.2,0.29000000000000004,0.29419999999999996,0.8055555555555557,0.8172222222222223,0.6111111111111112,1.0701388888888883,0.068,500
20260834,100,TV,location,0.3,0.30000000000000004,0.30495999999999995,0.8333333333333335,0.8471111111111111,0.6388888888888888,1.1111111111111112,0.118,500
20260834,100,TV,location,0.4,0.32,0.32106,0.888888888888889,0.8918333333333334,0.638888888888889,1.138888888888889,0.19,500
20260834,100,TV,location,0.5,0.33,0.33268000000000003,0.9166666666666667,0.9241111111111112,0.6944444444444444,1.1944444444444444,0.238,500
20260834,100,TV,location,0.6,0.35,0.35246,0.9722222222222222,0.9790555555555557,0.7222222222222223,1.2500000000000002,0.386,500
20260834,100,TV,location,0.8,0.4,0.40054,1.1111111111111112,1.112611111111111,0.8611111111111113,1.3888888888888888,0.772,500
20260834,100,TV,location,1.0,0.45,0.45192,1.25,1.2553333333333334,0.9722222222222222,1.5555555555555558,0.954,500
20260834,100,TV,scale,0.0,0.29,0.28844,0.8055555555555556,0.8012222222222223,0.5833333333333334,1.0555555555555556,0.068,500
20260834,100,TV,scale,0.05,0.29000000000000004,0.29074,0.8055555555555557,0.8076111111111112,0.5833333333333334,1.027777777777778,0.042,500
20260834,100,TV,scale,0.1,0.29000000000000004,0.29468,0.8055555555555557,0.8185555555555557,0.5965277777777779,1.027777777777778,0.05,500
20260834,100,TV,scale,0.2,0.30000000000000004,0.30606,0.8333333333333335,0.8501666666666667,0.6111111111111112,1.1388888888888888,0.084,500
20260834,100,TV,scale,0.3,0.32,0.32432,0.888888888888889,0.900888888888889,0.6944444444444444,1.138888888888889,0.188,500
20260834,100,TV,scale,0.4,0.33999999999999997,0.33842,0.9444444444444444,0.9400555555555556,0.6944444444444444,1.1944444444444446,0.286,500
20260834,100,TV,scale,0.5,0.36,0.36046,1.0,1.001277777777778,0.7631944444444446,1.2777777777777777,0.438,500
20260834,100,TV,scale,0.6,0.37,0.37494,1.027777777777778,1.0415,0.8055555555555557,1.3055555555555556,0.586,500
20260834,100,TV,scale,0.8,0.4,0.40388,1.1111111111111112,1.121888888888889,0.888888888888889,1.3888888888888888,0.794,500
20260834,100,TV,scale,1.0,0.44,0.44110000000000005,1.2222222222222223,1.225277777777778,1.0,1.4868055555555548,0.962,500
20260834,100,W1,contamination,0.0,0.16201819919600918,0.1744705177804511,0.5406673735943183,0.5822217324109158,0.2988775330801823,1.1049417180173506,0.04,500
20260834,100,W1,contamination,0.05,0.23472572558480526,0.24473081547289055,0.7832980627899939,0.8166858284805744,0.4024894335706918,1.4574431019103138,0.214,500
20260834,100,W1,contamination,0.1,0.3531698044120438,0.376373206285439,1.1785551964645107,1.2559867591629998,0.6245161628110977,2.241752512820995,0.692,500
20260834,100,W1,contamination,0.2,0.6311472559588598,0.6365415390228589,2.1061876438813245,2.124188787401679,1.1755625607915647,3.1510260862466835,0.99,500
20260834,100,W1,contamination,0.3,0.9132120896112774,0.9202368997705187,3.047460004338022,3.070902344011238,2.0197108415207445,4.193384740393845,1.0,500
20260834,100,W1,contamination,0.4,1.2155720743290637,1.2117878900941397,4.0564588676052935,4.043830749519509,2.813633045554975,5.148627663135011,1.0,500
20260834,100,W1,contamination,0.5,1.501754215434257,1.5048838576519332,5.01147100432058,5.0219148646184815,3.84163216672611,6.229965389719128,1.0,500
20260834,100,W1,contamination,0.6,1.8002799518539359,1.7988069388985917,6.007674681816541,6.002759122639927,4.746981523149116,7.328095127041069,1.0,500
20260834,100,W1,contamination,0.8,2.404754317763709,2.400491501651437,8.024852810220144,8.01062746021024,6.793890897309962,9.11505207105065,1.0,500
20260834,100,W1,contamination,1.0,2.9949518526857375,2.998970112225835,9.994388039543901,10.007797285188808,9.311401013959937,10.734920660143258,1.0,500
20260834,100,W1,location,0.0,0.1670210411288918,0.1810916572390052,0.5573622475145426,0.6043169914560265,0.2940798835390168,1.1898619407372928,0.068,500
20260834,100,W1,location,0.05,0.167834800803093,0.18477143906478183,0.5600778270480187,0.6165967105555815,0.3088410364889524,1.2608161754157161,0.078,500
20260834,100,W1,location,0.1,0.1814066831169754,0.19294188132507173,0.6053682573934432,0.6438621139478924,0.31617635443677966,1.2012457186406333,0.074,500
20260834,100,W1,location,0.2,0.23128383097587124,0.24504205212343247,0.7718121918962588,0.8177244494703757,0.3591874976926767,1.5183100228925681,0.266,500
20260834,100,W1,location,0.3,0.3120393321866204,0.3267047010785495,1.04129960108593,1.090239081471084,0.4171776397970972,1.94859747838559,0.542,500
20260834,100,W1,location,0.4,0.41261181397051244,0.4147019007451846,1.3769178208402124,1.383892603504468,0.6220268375643019,2.233939051529054,0.798,500
20260834,100,W1,location,0.5,0.4917681341733108,0.49349554039892674,1.6410686382163633,1.6468331275871182,0.6919736464770145,2.5574381476113284,0.926,500
20260834,100,W1,location,0.6,0.604852239364901,0.6084964061722254,2.018439121610223,2.0305999906140326,1.1103471194740713,2.9326907126525312,0.986,500
20260834,100,W1,location,0.8,0.798452947799478,0.7953169449321793,2.664499793033242,2.654034706751205,1.7836631068230346,3.452067895632985,1.0,500
20260834,100,W1,location,1.0,0.9950937266038344,0.9998390309172831,3.320705416508111,3.336540867295675,2.453030818043916,4.38101480360318,1.0,500
20260834,100,W1,scale,0.0,0.15555069241553846,0.1697026164276156,0.5190847987844961,0.5663108735395881,0.28069822239858894,1.0857333093351862,0.044,500
20260834,100,W1,scale,0.05,0.1740565680458987,0.1878439648440699,0.5808403498446909,0.6268499688415767,0.3116476771642943,1.2011779391277526,0.072,500
20260834,100,W1,scale,0.1,0.18794033958659334,0.19710319445876273,0.6271715788778538,0.6577487405976205,0.34367781425070837,1.1742923291111522,0.078,500
20260834,100,W1,scale,0.2,0.23322932636786858,0.23972014525440177,0.77830446183353,0.7999648309604123,0.37532940295012795,1.3738174975812345,0.208,500
20260834,100,W1,scale,0.3,0.2930390774259048,0.30125012028581677,0.9778942682895135,1.0052951590509775,0.4970017188658225,1.6240126854684531,0.474,500
20260834,100,W1,scale,0.4,0.35323167276724904,0.362165209598672,1.1787616559936462,1.20857356551691,0.6418565724403604,1.8978280794508624,0.736,500
20260834,100,W1,scale,0.5,0.4315730740745415,0.44207417807522376,1.4401930254243689,1.475236028914495,0.8359339165420587,2.166254502367258,0.924,500
20260834,100,W1,scale,0.6,0.5209353705718974,0.5205872040026135,1.738401982105405,1.737240123094984,1.0640878154339382,2.4321398677695125,0.988,500
20260834,100,W1,scale,0.8,0.6655203711538962,0.6694238533522331,2.2208934115480288,2.2339196362469824,1.4897211430700046,3.0358683500461465,1.0,500
20260834,100,W1,scale,1.0,0.827085586797256,0.8332530775147979,2.76004914367918,2.7806305414756505,1.971063112606862,3.646153316358127,1.0,500
20260835,100,JS,contamination,0.0,0.08193936785697536,0.08408272799978252,0.6855917076374494,0.7035253331805967,0.41063476359136014,1.0667202347478149,0.056,500
20260835,100,JS,contamination,0.05,0.09748071172595249,0.0989817024417601,0.8156270833156105,0.8281859645336683,0.507097629075269,1.2012269678657714,0.172,500
20260835,100,JS,contamination,0.1,0.11078935911530813,0.11183673909459987,0.9269813508508375,0.9357448432639264,0.6031933858300496,1.3207453707518184,0.344,500
20260835,100,JS,contamination,0.2,0.14467116738416916,0.1457051874902247,1.2104725150667892,1.219124224602546,0.8300615459031,1.675300421999636,0.864,500
20260835,100,JS,contamination,0.3,0.18442450476590533,0.18599534505434953,1.5430911228574278,1.5562344397263106,1.0727283926659008,2.042654137148393,0.988,500
20260835,100,JS,contamination,0.4,0.22473021220863096,0.22682232112611153,1.8803314447674944,1.8978362481704523,1.425259205286286,2.4604722600367213,1.0,500
20260835,100,JS,contamination,0.5,0.27408497276759936,0.275114911822292,2.2932857481338957,2.3019033112630343,1.7839254897989774,2.8087931255797627,1.0,500
20260835,100,JS,contamination,0.6,0.3291574015988815,0.33016457518318887,2.7540801320018016,2.762507215046399,2.197285792659665,3.3467848703904384,1.0,500
20260835,100,JS,contamination,0.8,0.46348499764223017,0.4640325524888849,3.8780073523696976,3.882588777295973,3.268111416349368,4.536642184629501,1.0,500
20260835,100,JS,contamination,1.0,0.6569767052022701,0.6541509887070577,5.496964316149605,5.47332137322828,5.068155193896059,5.74160884904221,1.0,500
20260835,100,JS,location,0.0,0.0834578258704775,0.08486718308039543,0.6982967388047611,0.7100889168687333,0.4106268449380873,1.0464788696395229,0.058,500
20260835,100,JS,location,0.05,0.08290954148808102,0.08445196108236379,0.6937092098082686,0.7066147289890315,0.4119436173051915,1.113337346591633,0.046,500
20260835,100,JS,location,0.1,0.08524446664196879,0.08551820558898474,0.7132456715277895,0.7155360620572737,0.43056044618087264,1.0531857098012052,0.042,500
20260835,100,JS,location,0.2,0.08801561509030909,0.09004650960925409,0.7364320402599809,0.7534246590425103,0.4266909821945834,1.1264765623370798,0.094,500
20260835,100,JS,location,0.3,0.09357829428644102,0.09549433592396003,0.7829753176717891,0.7990069553635033,0.4865891815202766,1.1847475696403658,0.16,500
20260835,100,JS,location,0.4,0.10292791550415718,0.10408506234107114,0.8612041708355822,0.8708860892669259,0.5203605936525676,1.3118906927528127,0.26,500
20260835,100,JS,location,0.5,0.1117110000071217,0.1119888166603671,0.9346927766205588,0.9370172855677245,0.598520343190165,1.4001258526218772,0.36,500
20260835,100,JS,location,0.6,0.12481097275244434,0.12493895037873913,1.044301050632954,1.0453718472676559,0.6427512668583071,1.4531214145883444,0.564,500
20260835,100,JS,location,0.8,0.151610229860907,0.15238571571461754,1.268532075657171,1.2750206132746702,0.8124129318619709,1.837317912604544,0.846,500
20260835,100,JS,location,1.0,0.18644675353706225,0.18901382735212577,1.5600114021388745,1.581490265919869,1.0870795606821086,2.1247442826527982,0.988,500
20260835,100,JS,scale,0.0,0.0818162241862433,0.08395451150538723,0.6845613570049023,0.7024525379218733,0.41437845157264874,1.063745116249917,0.046,500
20260835,100,JS,scale,0.05,0.08402768774049699,0.08565743364310661,0.7030648079612877,0.7167009917104177,0.44095753161439455,1.0855609492484812,0.056,500
20260835,100,JS,scale,0.1,0.09243086473536802,0.09298634270599176,0.7733747043660221,0.7780224225556431,0.477093048141043,1.1134762516867172,0.078,500
20260835,100,JS,scale,0.2,0.09615580607741417,0.0981889200764111,0.8045415166362897,0.8215527059443026,0.5182363726247934,1.1849364530939797,0.152,500
20260835,100,JS,scale,0.3,0.10705958452471392,0.10912211076953549,0.8957740984940502,0.913031381863657,0.5862104265745897,1.3549615806987463,0.33,500
20260835,100,JS,scale,0.4,0.11736850054060999,0.11840133412121431,0.9820294299675107,0.9906712117721718,0.641604296251881,1.3983752864728214,0.462,500
20260835,100,JS,scale,0.5,0.12766458866653135,0.12851930859263455,1.0681774297001594,1.0753289236525132,0.6930965135595082,1.4770082961762476,0.642,500
20260835,100,JS,scale,0.6,0.1428085747720852,0.14245454485920228,1.194888088643333,1.191925898686586,0.7945090681550689,1.6913371553284877,0.792,500
20260835,100,JS,scale,0.8,0.15975832301518975,0.1628892930761004,1.3367076699500695,1.362904688144892,0.9544101805738258,1.8380466638838415,0.942,500
20260835,100,JS,scale,1.0,0.18430596865978727,0.18646555548421387,1.5420993240001066,1.5601687191818503,1.1051281534589719,2.0831420237170204,0.996,500
20260835,100,MMD2,contamination,0.0,0.006518419072959802,0.008502371012226362,0.2648936559685363,0.3455169292769763,0.0460108411631522,1.1517469842588737,0.048,500
20260835,100,MMD2,contamination,0.05,0.010201924500439774,0.012324918205117079,0.4145828994099011,0.5008565123420635,0.07463663635698395,1.4080731995463163,0.08,500
20260835,100,MMD2,contamination,0.1,0.01962625055865086,0.021392069623778674,0.7975659750079425,0.8693248267640414,0.17310051031214171,2.064060042306056,0.33,500
20260835,100,MMD2,contamination,0.2,0.057336690743293284,0.05938266802540277,2.3300320924643856,2.41317593397264,0.8161707015689117,4.637076434123997,0.946,500
20260835,100,MMD2,contamination,0.3,0.11851341152672601,0.1189052909731703,4.816114230956215,4.83203931618097,2.0431861570536873,8.468527288072018,1.0,500
20260835,100,MMD2,contamination,0.4,0.20007203954017316,0.20350972271457818,8.13047050483875,8.270170093640452,4.352532212942435,12.90384904310327,1.0,500
20260835,100,MMD2,contamination,0.5,0.3124422941230575,0.3115420904747089,12.69694087524707,12.660358656022092,7.400995233253015,18.327447482806345,1.0,500
20260835,100,MMD2,contamination,0.6,0.4449598964399944,0.4493181238147334,18.082153419119123,18.259261820698555,11.267346081854921,25.75418451021484,1.0,500
20260835,100,MMD2,contamination,0.8,0.782065556298434,0.7823337517261943,31.78135711990864,31.79225596924286,24.432238067462425,39.33968655350922,1.0,500
20260835,100,MMD2,contamination,1.0,1.206316456490652,1.2088419891865096,49.02194425338217,49.12457613107917,44.03635798222657,54.20963762606488,1.0,500
20260835,100,MMD2,location,0.0,0.006605734706222832,0.008693120038012678,0.26844196378050234,0.3532685338067585,0.03080142725490442,1.226926584067386,0.048,500
20260835,100,MMD2,location,0.05,0.007166638953953419,0.009988933619343587,0.2912358306931081,0.4059274367049066,0.04692722284260289,1.3998558730987412,0.072,500
20260835,100,MMD2,location,0.1,0.007377027884357901,0.01105213057692758,0.2997855560676762,0.44913333156326957,0.03278739980089418,1.5877414226295894,0.098,500
20260835,100,MMD2,location,0.2,0.01233786337662457,0.01589710433996421,0.501382574531281,0.64602199410513,0.0561372867233189,2.0362145756787906,0.206,500
20260835,100,MMD2,location,0.3,0.02032559309663351,0.026220904807250183,0.8259856576928151,1.0655576543104381,0.0975925947224328,3.128215758056136,0.418,500
20260835,100,MMD2,location,0.4,0.03577248226653085,0.039174939496252746,1.4537119360673887,1.591980022971529,0.2264071693449598,4.1505216360201915,0.69,500
20260835,100,MMD2,location,0.5,0.04936721603330119,0.05350944788635814,2.0061708511956446,2.174501688342535,0.395196865929875,5.008757979472296,0.854,500
20260835,100,MMD2,location,0.6,0.07242791632630019,0.07637356446919039,2.943305015390073,3.1036471397667227,1.0033474863370044,6.144639861298769,0.976,500
20260835,100,MMD2,location,0.8,0.11540857097299628,0.11950462187165983,4.689940605684313,4.856394754372169,1.7113175960715505,9.111923326382875,0.998,500
20260835,100,MMD2,location,1.0,0.1875169696446473,0.18728245063000107,7.620261153715175,7.610730836856371,3.666540489115747,11.986276947185582,1.0,500
20260835,100,MMD2,scale,0.0,0.006803449637331815,0.009146489238323752,0.27647664678489603,0.371692422119205,0.031368493546897094,1.2471747559347897,0.056,500
20260835,100,MMD2,scale,0.05,0.007207736922008268,0.010126598422291867,0.29290595820241283,0.4115218197206337,0.03662357971612255,1.37777112943941,0.07,500
20260835,100,MMD2,scale,0.1,0.008032014533052911,0.01086697287762409,0.3264027167689778,0.44160894576508036,0.05531035396523657,1.4683900512373842,0.078,500
20260835,100,MMD2,scale,0.2,0.012720984602305863,0.015366051032273668,0.5169517456775269,0.6244412011837481,0.0734324768217633,1.6782193068693014,0.172,500
20260835,100,MMD2,scale,0.3,0.022425546441896482,0.024758607167525405,0.9113229630676114,1.0061332197097685,0.15830822592745256,2.385341761922319,0.442,500
20260835,100,MMD2,scale,0.4,0.03022620155286454,0.033459069999319815,1.2283237615995346,1.359700147876892,0.28570302314959733,3.0666519659849913,0.622,500
20260835,100,MMD2,scale,0.5,0.04199113597605397,0.04628983426086453,1.706423812655879,1.8811130880497822,0.4897342372331147,3.943525006663264,0.832,500
20260835,100,MMD2,scale,0.6,0.05258519169640369,0.0568894518902841,2.136942028788855,2.3118573274579095,0.7957838657774027,4.941926646081923,0.936,500
20260835,100,MMD2,scale,0.8,0.07760532726662456,0.07997679645945761,3.1537031651689396,3.250074254151573,1.3453807311874577,5.999027419242641,0.996,500
20260835,100,MMD2,scale,1.0,0.10383934412855239,0.10677288061794947,4.2197936634192885,4.33900588296145,1.8656377405476268,7.46857082590941,1.0,500
20260835,100,TV,contamination,0.0,0.27999999999999997,0.27728,0.7988587731811706,0.7910984308131251,0.570613409415122,1.0271041369472194,0.03,500
20260835,100,TV,contamination,0.05,0.29000000000000004,0.29594,0.8273894436519269,0.8443366619115559,0.6126961483594872,1.099144079885878,0.1,500
20260835,100,TV,contamination,0.1,0.31000000000000005,0.3168,0.8844507845934392,0.903851640513553,0.6562054208273902,1.169757489301,0.194,500
20260835,100,TV,contamination,0.2,0.37,0.36268,1.0556348074179756,1.0347503566333822,0.7988587731811708,1.2838801711840244,0.574,500
20260835,100,TV,contamination,0.3,0.42000000000000004,0.42246000000000006,1.198288159771756,1.205306704707562,0.9415121255349512,1.455064194008561,0.924,500
20260835,100,TV,contamination,0.4,0.48,0.48210000000000003,1.3694721825962926,1.3754636233951514,1.141226818830244,1.6262482168330976,0.998,500
20260835,100,TV,contamination,0.5,0.55,0.5510400000000001,1.5691868758915855,1.5721540656205442,1.2838801711840244,1.8259629101283903,1.0,500
20260835,100,TV,contamination,0.6,0.6200000000000001,0.62672,1.7689015691868784,1.788074179743226,1.5406562054208293,2.025677603423683,1.0,500
20260835,100,TV,contamination,0.8,0.79,0.78734,2.2539229671897316,2.246333808844511,2.0256776034236825,2.4251069900142683,1.0,500
20260835,100,TV,contamination,1.0,0.97,0.96478,2.7674750356633413,2.752582025677607,2.653352353780317,2.8530670470756094,1.0,500
20260835,100,TV,location,0.0,0.27999999999999997,0.27944,0.7988587731811706,0.7972610556348084,0.5991440798858779,1.0271041369472196,0.056,500
20260835,100,TV,location,0.05,0.27,0.27732,0.7703281027104146,0.7912125534950082,0.570613409415122,1.0420827389443659,0.032,500
20260835,100,TV,location,0.1,0.28,0.2804,0.7988587731811708,0.8000000000000009,0.570613409415122,1.0556348074179756,0.048,500
20260835,100,TV,location,0.2,0.29,0.2875,0.8273894436519267,0.8202567760342377,0.599144079885878,1.0420827389443656,0.048,500
20260835,100,TV,location,0.3,0.30000000000000004,0.3003,0.855920114122683,0.8567760342368056,0.627674750356634,1.1126961483594877,0.128,500
20260835,100,TV,location,0.4,0.31,0.31292000000000003,0.884450784593439,0.8927817403708997,0.6562054208273902,1.127674750356634,0.202,500
20260835,100,TV,location,0.5,0.32999999999999996,0.32776,0.941512125534951,0.9351212553495017,0.6847360912981464,1.198288159771756,0.274,500
20260835,100,TV,location,0.6,0.34,0.34932,0.9700427960057073,0.996633380884452,0.7417974322396585,1.2838801711840244,0.412,500
20260835,100,TV,location,0.8,0.4,0.3996,1.141226818830244,1.1400855920114137,0.8844507845934388,1.412981455064195,0.794,500
20260835,100,TV,location,1.0,0.44000000000000006,0.445,1.2553495007132685,1.2696148359486463,0.9985734664764634,1.5691868758915855,0.972,500
20260835,100,TV,scale,0.0,0.28,0.27802,0.7988587731811708,0.793209700427961,0.5706134094151218,1.0420827389443659,0.044,500
20260835,100,TV,scale,0.05,0.28,0.28556,0.7988587731811708,0.8147218259629111,0.5841654778887311,1.0556348074179758,0.058,500
20260835,100,TV,scale,0.1,0.29000000000000004,0.29242,0.8273894436519269,0.8342938659058498,0.599144079885878,1.0841654778887317,0.084,500
20260835,100,TV,scale,0.2,0.30000000000000004,0.30463999999999997,0.855920114122683,0.8691583452211137,0.6562054208273902,1.1126961483594877,0.11,500
20260835,100,TV,scale,0.3,0.32,0.31874,0.9129814550641951,0.9093865905848798,0.6847360912981463,1.1697574893009999,0.204,500
20260835,100,TV,scale,0.4,0.33999999999999997,0.33854,0.9700427960057072,0.9658773181169769,0.7417974322396585,1.2268188302425123,0.318,500
20260835,100,TV,scale,0.5,0.35,0.35124,0.9985734664764633,1.002111269614837,0.7417974322396585,1.2553495007132685,0.454,500
20260835,100,TV,scale,0.6,0.37,0.37136,1.0556348074179756,1.0595149786019984,0.7988587731811708,1.3409415121255364,0.626,500
20260835,100,TV,scale,0.8,0.4,0.40784000000000004,1.141226818830244,1.1635948644793166,0.9129814550641951,1.441512125534951,0.864,500
20260835,100,TV,scale,1.0,0.44,0.43878,1.2553495007132682,1.251868758915836,0.9985734664764633,1.5406562054208293,0.966,500
20260835,100,W1,contamination,0.0,0.16502636389344066,0.179823778585798,0.5458129590402351,0.5947543554864185,0.29991985214608124,1.1274660061978283,0.064,500
20260835,100,W1,contamination,0.05,0.2334706300344308,0.25296529022619535,0.7721875003582122,0.836664702144113,0.37962705763389576,1.6485944375062298,0.25,500
20260835,100,W1,contamination,0.1,0.3589115094653603,0.3707805349607887,1.1870742855449417,1.226330243040114,0.5924890075906383,2.039219204726385,0.688,500
20260835,100,W1,contamination,0.2,0.6180721126887354,0.6280711634499291,2.0442295447091112,2.0773006937958387,1.1515977787820475,3.106482361542497,0.992,500
20260835,100,W1,contamination,0.3,0.9329754209099833,0.9355287475261873,3.085749835265729,3.0941947814119484,1.9262048152123525,4.3985752035735945,1.0,500
20260835,100,W1,contamination,0.4,1.2278933287521099,1.2201216110182405,4.061169835776717,4.035465432231307,2.705651796351759,5.260830194945503,1.0,500
20260835,100,W1,contamination,0.5,1.5208363013049229,1.518170769106544,5.030057878309954,5.021241820182698,3.7697291300241167,6.219785739875309,1.0,500
20260835,100,W1,contamination,0.6,1.8029663060755134,1.8055737241393115,5.963182799109304,5.971806648870518,4.804465981281397,7.133796761770114,1.0,500
20260835,100,W1,contamination,0.8,2.4175209522457353,2.403277598973753,7.995778573531659,7.948669695818908,6.738253663520573,9.017793913349081,1.0,500
20260835,100,W1,contamination,1.0,2.9960592913604427,2.999255382762,9.909252974472349,9.919823819421543,9.088908277129855,10.605568765899985,1.0,500
20260835,100,W1,location,0.0,0.16193350579939514,0.1735807215305569,0.5355835509118916,0.5741058883907098,0.3054506035712655,1.0759170310824775,0.034,500
20260835,100,W1,location,0.05,0.16897343743853804,0.18046175811349216,0.5588676240063137,0.5968644273900974,0.3026959043350679,1.1589910053658554,0.058,500
20260835,100,W1,location,0.1,0.18244516799977417,0.19628118210723525,0.6034244144944625,0.6491860468975863,0.29102741750318156,1.2248800816659926,0.1,500
20260835,100,W1,location,0.2,0.23590341232741036,0.2503305263420807,0.7802337547305696,0.8279504080275102,0.3230910853341837,1.5954424236530391,0.29,500
20260835,100,W1,location,0.3,0.29976476226672294,0.31402393764821557,0.9914506267279872,1.038611834942401,0.4171141465957353,1.827554315046972,0.492,500
20260835,100,W1,location,0.4,0.4022227849677958,0.40849441678290216,1.3303232482201155,1.3510662243013463,0.5359250944370569,2.2712622615747686,0.75,500
20260835,100,W1,location,0.5,0.5005759990000391,0.5060881626195028,1.6556195070452793,1.6738505960959726,0.791815498254271,2.581287151859581,0.93,500
20260835,100,W1,location,0.6,0.599166560185801,0.6005053026143594,1.981700774696459,1.9861285700443345,1.097823920320165,2.8484351434811246,0.984,500
20260835,100,W1,location,0.8,0.7977578859613088,0.7991953944603893,2.6385274574393707,2.643281914539542,1.775877572590424,3.572178586801929,1.0,500
20260835,100,W1,location,1.0,0.9936103253174798,0.9903922183416171,3.286295468187433,3.2756518082923516,2.4124404239145654,4.151282820526615,1.0,500
20260835,100,W1,scale,0.0,0.16848040521063323,0.17871279416697528,0.557236954985522,0.5910798535536437,0.2870890188464782,1.1132416157190335,0.056,500
20260835,100,W1,scale,0.05,0.16230876814348122,0.17868731488599626,0.5368247044197896,0.590995582644334,0.2905362409777725,1.2044329520703974,0.054,500
20260835,100,W1,scale,0.1,0.19481036789064005,0.20065836384509952,0.6443214335060155,0.6636632641144866,0.31719125895441047,1.212625614683113,0.076,500
20260835,100,W1,scale,0.2,0.2290749685279791,0.2368429529181419,0.7576491626213104,0.7833412183979914,0.36672702878579516,1.3874414845969067,0.194,500
20260835,100,W1,scale,0.3,0.3014856139186821,0.30470258230340047,0.9971422211500254,1.0077821152358926,0.4816659022124094,1.6444550366759447,0.492,500
20260835,100,W1,scale,0.4,0.37060702328838313,0.36778307693556234,1.2257563655267922,1.2164163638528824,0.6197026315279076,1.8195379292765974,0.756,500
20260835,100,W1,scale,0.5,0.4345415361715734,0.4379382062364624,1.4372152187564677,1.4484494633659994,0.7807272905380904,2.0332154548304646,0.916,500
20260835,100,W1,scale,0.6,0.5127970520911938,0.5115094301673901,1.6960397707710078,1.691781052856032,0.9989116283129897,2.3697364797667397,0.972,500
20260835,100,W1,scale,0.8,0.6710156799781496,0.6649662248493419,2.219336627254057,2.1993284847576993,1.4797501270802467,2.9417802937138826,0.998,500
20260835,100,W1,scale,1.0,0.818028906169862,0.8160368144630251,2.70557241475261,2.698983713144361,1.887897613434966,3.5236605011767574,1.0,500
20260836,100,JS,contamination,0.0,0.08857141126590298,0.08930309095685357,0.7018915873980851,0.7076898445603931,0.3930525939067615,1.0918109949331958,0.064,500
20260836,100,JS,contamination,0.05,0.10112752657328024,0.10283425723102528,0.8013935776982118,0.8149187081382053,0.5188930944027992,1.163798181203299,0.128,500
20260836,100,JS,contamination,0.1,0.11773557975307036,0.11803525667876183,0.9330054899772056,0.9353803049437267,0.6088506252974519,1.303084962095248,0.354,500
20260836,100,JS,contamination,0.2,0.15305689110064308,0.15229428429154881,1.2129121882717806,1.206868846564276,0.8022334896477324,1.6333068669734319,0.854,500
20260836,100,JS,contamination,0.3,0.18648612714844828,0.18681455354763504,1.4778249769441678,1.4804276195279762,1.0464618673953314,1.9529531477125213,0.986,500
20260836,100,JS,contamination,0.4,0.23096924352360948,0.23162534059779574,1.83033516864973,1.8355344650175538,1.32155613784584,2.2972845474513424,1.0,500
20260836,100,JS,contamination,0.5,0.27615121009829136,0.2777628906116545,2.188383457455523,2.201155355043413,1.6813025861665458,2.746060586157458,1.0,500
20260836,100,JS,contamination,0.6,0.3333917608664476,0.3336872774686594,2.6419910094633177,2.644332855597012,2.063760834595728,3.1895563337174395,1.0,500
20260836,100,JS,contamination,0.8,0.4668610646568121,0.4649849429228601,3.699679716997779,3.6848122327477846,3.045704571228647,4.2654263807949295,1.0,500
20260836,100,JS,contamination,1.0,0.6549468206123543,0.6526331240149852,5.190181086771325,5.171846003765708,4.788328033979889,5.437974017023579,1.0,500
20260836,100,JS,location,0.0,0.08975816583003508,0.09097157304986545,0.7112961236131614,0.7209118710367873,0.43261370348946915,1.0957717528242612,0.064,500
20260836,100,JS,location,0.05,0.08807034741548776,0.08901805661559542,0.6979208648327653,0.7054310659839964,0.42976129853661243,1.0136327768559437,0.03,500
20260836,100,JS,location,0.1,0.08866368449777226,0.08994104158896458,0.7026228143737583,0.7127453379239316,0.43798290260905176,1.0548200129069827,0.052,500
20260836,100,JS,location,0.2,0.0912536096733079,0.09287560014135118,0.7231468939465853,0.7360004936362374,0.4615314691783511,1.1109397657363842,0.068,500
20260836,100,JS,location,0.3,0.0985861120114264,0.10019652314321978,0.7812539245577532,0.7940157628247827,0.5010463290918858,1.1531776191932084,0.122,500
20260836,100,JS,location,0.4,0.10497197182766986,0.10559546548121314,0.8318592069989312,0.8368001348216156,0.4995867080319091,1.2070055895672676,0.202,500
20260836,100,JS,location,0.5,0.11384606873217225,0.11623685687768666,0.9021827332248642,0.9211287346784239,0.5726351720969671,1.331201404482285,0.332,500
20260836,100,JS,location,0.6,0.1263422054584841,0.12826026433622847,1.0012094182219342,1.0164092368900748,0.6324355226940171,1.487494248143156,0.506,500
20260836,100,JS,location,0.8,0.1557103497051666,0.15797002645147235,1.2339397438385855,1.251846741997501,0.8130792011946503,1.7316127265492058,0.852,500
20260836,100,JS,location,1.0,0.189370166925268,0.19053402616675985,1.5006797923765882,1.509902892684499,1.0101550220820794,2.034437440519453,0.976,500
20260836,100,JS,scale,0.0,0.08848384637399401,0.08940677186093794,0.7011976720578652,0.7085114725926277,0.39242760111380154,1.0377543408020917,0.048,500
20260836,100,JS,scale,0.05,0.09008548822421225,0.09121284872456231,0.7138900174165493,0.7228238803848729,0.44534734467557174,1.032540827366877,0.04,500
20260836,100,JS,scale,0.1,0.09280357710623142,0.0944335803806286,0.7354297410454531,0.7483468388920259,0.4589010619077236,1.0916081751300628,0.072,500
20260836,100,JS,scale,0.2,0.10110929278813302,0.10201173767455579,0.8012490825364171,0.8084005828322515,0.5121488044101642,1.1603277438780248,0.144,500
20260836,100,JS,scale,0.3,0.10796460899003607,0.11015456551908422,0.855574611533852,0.8729291059755381,0.5896874077489309,1.2384117528159841,0.236,500
20260836,100,JS,scale,0.4,0.1212639051243175,0.12192161671428757,0.9609660007140937,0.9661780914478438,0.6305642144490583,1.3891562520956149,0.426,500
20260836,100,JS,scale,0.5,0.13547842950625016,0.1344543919126136,1.0736101930098565,1.0654951210935353,0.725434367820175,1.4711617596982154,0.608,500
20260836,100,JS,scale,0.6,0.14141991575221108,0.14312925710702845,1.1206939997718566,1.1342398189000635,0.7538205847393413,1.5793182697302204,0.742,500
20260836,100,JS,scale,0.8,0.16497249072675932,0.1661562214885122,1.3073383582609495,1.3167189321001125,0.8802395027021142,1.8003304767714727,0.928,500
20260836,100,JS,scale,1.0,0.18802550778801747,0.18904872563794575,1.4900239281099492,1.4981325038984068,1.0564270795809902,1.9864279672426142,0.986,500
20260836,100,MMD2,contamination,0.0,0.006305209345523033,0.008674529420456465,0.2634461051378071,0.36244173103391314,0.03535771670063707,1.2303827486698984,0.04,500
20260836,100,MMD2,contamination,0.05,0.009869133925834994,0.012292597735524012,0.4123550466553064,0.5136129219482706,0.09711528403987157,1.5202687631727376,0.082,500
20260836,100,MMD2,contamination,0.1,0.018637945038828485,0.02119966024202029,0.7787360830038503,0.885770418546155,0.15437846060208069,2.188367773315311,0.348,500
20260836,100,MMD2,contamination,0.2,0.054375402793214345,0.05829932169188392,2.271929018715787,2.4358793483690175,0.8533808245571368,5.005197488750394,0.964,500
20260836,100,MMD2,contamination,0.3,0.11649091524309874,0.12018835941488218,4.8672575679859555,5.021745264213278,2.368577092431504,8.885663186623328,0.998,500
20260836,100,MMD2,contamination,0.4,0.2019447347117722,0.2048544985538581,8.437714102336578,8.559290708133602,4.572700710702268,13.480065885393747,1.0,500
20260836,100,MMD2,contamination,0.5,0.3064556968923297,0.30827788452868454,12.804421759747214,12.880556937712209,7.818228434795266,18.76571199089682,1.0,500
20260836,100,MMD2,contamination,0.6,0.4453313309406197,0.4421773580098253,18.606964210545176,18.475183989018063,12.351668891533771,24.96935674626508,1.0,500
20260836,100,MMD2,contamination,0.8,0.7798600367997504,0.7804979188359649,32.58434066006073,32.61099283428194,25.16070985489036,39.688177975999196,1.0,500
20260836,100,MMD2,contamination,1.0,1.2059500430081758,1.2055433989150723,50.38735820038352,50.37036767768478,45.55589507379099,54.865293652599476,1.0,500
20260836,100,MMD2,location,0.0,0.006428568199854379,0.008629061651142427,0.2686003209499958,0.3605419833683431,0.030703368632814778,1.1989268143222997,0.042,500
20260836,100,MMD2,location,0.05,0.007070525375935777,0.009714428718739464,0.2954227638596817,0.40589110834328285,0.03811767282082482,1.4383829705205153,0.072,500
20260836,100,MMD2,location,0.1,0.007698184998643054,0.01096854350480937,0.3216478222032094,0.4582908999569337,0.03916831776399553,1.6152670796308934,0.096,500
20260836,100,MMD2,location,0.2,0.012048339592675927,0.01608777429412465,0.5034072566237382,0.6721841014101487,0.049501941846383526,2.177823526675491,0.226,500
20260836,100,MMD2,location,0.3,0.021703400310898457,0.02678541203906631,0.906817833766719,1.1191559374969478,0.10641805093137029,3.179891737608931,0.448,500
20260836,100,MMD2,location,0.4,0.035941721713102726,0.04084299810914482,1.5017275523114941,1.7065141194154045,0.24435335471540218,4.036023965052552,0.73,500
20260836,100,MMD2,location,0.5,0.05280314026855393,0.057182015778689844,2.2062362850288353,2.3891957451850216,0.3739021434317647,5.148585363649437,0.856,500
20260836,100,MMD2,location,0.6,0.07230673922617137,0.07622284417920946,3.021141373819013,3.184765218905347,0.9313081838245773,6.570698996895265,0.968,500
20260836,100,MMD2,location,0.8,0.12424307845056665,0.12717337914311716,5.191160723533065,5.313595406036222,1.9965999800997207,8.969938043636835,0.998,500
20260836,100,MMD2,location,1.0,0.17975749425890714,0.18377132208816765,7.510680317928834,7.678387248875266,4.16828723530095,12.537983245199325,1.0,500
20260836,100,MMD2,scale,0.0,0.0061440969616241015,0.008684017954659732,0.25671446028643063,0.36283818375139376,0.03258590836294636,1.3290271849300135,0.048,500
20260836,100,MMD2,scale,0.05,0.007112631233304523,0.009510204679382954,0.2971820431348672,0.397358159666141,0.04643213492534559,1.281786677029427,0.06,500
20260836,100,MMD2,scale,0.1,0.008426693391544338,0.011189455744602879,0.35208657342505734,0.46752111991659173,0.056186876235573474,1.4562297269256235,0.092,500
20260836,100,MMD2,scale,0.2,0.012391924815056132,0.015832576528498534,0.5177630351012985,0.6615213535599432,0.0808697383783022,1.9446198740746548,0.2,500
20260836,100,MMD2,scale,0.3,0.020528100890756407,0.023982097984839773,0.8577111288756284,1.0020270479401816,0.15970208623534446,2.4871729781198217,0.418,500
20260836,100,MMD2,scale,0.4,0.030415192136379388,0.03330879427705245,1.2708164735301946,1.3917178063812616,0.30795168221032626,3.135888433054626,0.65,500
20260836,100,MMD2,scale,0.5,0.04277690004356888,0.04477193260041074,1.7873169769294446,1.8706740120287306,0.5189595343959779,3.7551519896043497,0.822,500
20260836,100,MMD2,scale,0.6,0.05438573700673549,0.05742203704390647,2.272360805854423,2.3992243840463887,0.7442060975012086,4.547829331644216,0.93,500
20260836,100,MMD2,scale,0.8,0.07742767795930755,0.08023706006129004,3.2351059370816078,3.352488363588456,1.3018359242502218,6.19711087580922,0.99,500
20260836,100,MMD2,scale,1.0,0.10264545163880578,0.10478321012467573,4.288762349112986,4.378082800816563,2.0577310525447587,7.487830113660756,1.0,500
20260836,100,TV,contamination,0.0,0.29,0.2855,0.8055555555555554,0.7930555555555555,0.5409722222222222,1.0277777777777777,0.028,500
20260836,100,TV,contamination,0.05,0.30000000000000004,0.30469999999999997,0.8333333333333334,0.8463888888888887,0.6243055555555556,1.083333333333333,0.082,500
20260836,100,TV,contamination,0.1,0.32999999999999996,0.32806,0.9166666666666664,0.9112777777777777,0.6944444444444443,1.1666666666666665,0.214,500
20260836,100,TV,contamination,0.2,0.37,0.3725,1.0277777777777777,1.034722222222222,0.8055555555555554,1.3333333333333333,0.548,500
20260836,100,TV,contamination,0.3,0.42500000000000004,0.42610000000000003,1.1805555555555554,1.1836111111111112,0.9444444444444442,1.4444444444444444,0.91,500
20260836,100,TV,contamination,0.4,0.48000000000000004,0.48494,1.3333333333333333,1.3470555555555555,1.111111111111111,1.5979166666666658,0.996,500
20260836,100,TV,contamination,0.5,0.55,0.55388,1.5277777777777777,1.5385555555555555,1.3055555555555554,1.7777777777777777,1.0,500
20260836,100,TV,contamination,0.6,0.63,0.6298400000000001,1.7499999999999998,1.7495555555555555,1.5,1.9999999999999998,1.0,500
20260836,100,TV,contamination,0.8,0.79,0.789,2.194444444444444,2.1916666666666664,1.9576388888888887,2.4166666666666665,1.0,500
20260836,100,TV,contamination,1.0,0.97,0.96592,2.694444444444444,2.683111111111111,2.583333333333333,2.75,1.0,500
20260836,100,TV,location,0.0,0.29,0.28881999999999997,0.8055555555555554,0.8022777777777778,0.5833333333333333,1.0277777777777777,0.042,500
20260836,100,TV,location,0.05,0.29000000000000004,0.2901,0.8055555555555556,0.8058333333333333,0.5833333333333333,1.0555555555555554,0.06,500
20260836,100,TV,location,0.1,0.29000000000000004,0.29198,0.8055555555555555,0.8110555555555555,0.5833333333333334,1.0555555555555554,0.052,500
20260836,100,TV,location,0.2,0.29000000000000004,0.29510000000000003,0.8055555555555556,0.8197222222222221,0.5965277777777778,1.0555555555555554,0.054,500
20260836,100,TV,location,0.3,0.31,0.30654000000000003,0.861111111111111,0.8514999999999999,0.6388888888888887,1.097916666666666,0.09,500
20260836,100,TV,location,0.4,0.32,0.31768,0.8888888888888888,0.8824444444444444,0.6388888888888887,1.1388888888888888,0.154,500
20260836,100,TV,location,0.5,0.33999999999999997,0.33632,0.9444444444444442,0.9342222222222222,0.679861111111111,1.2090277777777771,0.278,500
20260836,100,TV,location,0.6,0.35000000000000003,0.35394,0.9722222222222222,0.9831666666666665,0.7222222222222222,1.2499999999999998,0.41,500
20260836,100,TV,location,0.8,0.4,0.40228,1.111111111111111,1.1174444444444442,0.861111111111111,1.4034722222222213,0.742,500
20260836,100,TV,location,1.0,0.44999999999999996,0.45074000000000003,1.2499999999999998,1.2520555555555555,0.9722222222222221,1.5555555555555556,0.96,500
20260836,100,TV,scale,0.0,0.28,0.28806,0.7777777777777778,0.8001666666666666,0.5833333333333334,1.0555555555555554,0.044,500
20260836,100,TV,scale,0.05,0.29000000000000004,0.29166000000000003,0.8055555555555556,0.8101666666666666,0.611111111111111,1.0555555555555554,0.06,500
20260836,100,TV,scale,0.1,0.29000000000000004,0.293,0.8055555555555556,0.8138888888888888,0.5833333333333334,1.0555555555555554,0.068,500
20260836,100,TV,scale,0.2,0.31,0.30813999999999997,0.861111111111111,0.8559444444444444,0.6388888888888888,1.0833333333333333,0.1,500
20260836,100,TV,scale,0.3,0.32,0.32598,0.8888888888888888,0.9054999999999999,0.6944444444444443,1.1534722222222216,0.186,500
20260836,100,TV,scale,0.4,0.33999999999999997,0.34194,0.9444444444444442,0.9498333333333333,0.7222222222222222,1.1944444444444444,0.286,500
20260836,100,TV,scale,0.5,0.36,0.3584,0.9999999999999999,0.9955555555555554,0.75,1.2499999999999998,0.432,500
20260836,100,TV,scale,0.6,0.37,0.37424,1.0277777777777777,1.0395555555555553,0.81875,1.2777777777777777,0.564,500
20260836,100,TV,scale,0.8,0.41000000000000003,0.40972000000000003,1.1388888888888888,1.138111111111111,0.8743055555555554,1.3888888888888886,0.834,500
20260836,100,TV,scale,1.0,0.44000000000000006,0.44554000000000005,1.2222222222222223,1.237611111111111,0.9722222222222222,1.5,0.962,500
20260836,100,W1,contamination,0.0,0.16008547579756977,0.1717791088125304,0.5339169842945473,0.5729175822169337,0.28736424829587004,1.0761048365124772,0.042,500
20260836,100,W1,contamination,0.05,0.23530764582574626,0.2531830769240772,0.7847979213279703,0.8444160485655365,0.41133174383408755,1.6242655850793344,0.252,500
20260836,100,W1,contamination,0.1,0.3583071630621284,0.37021233607274445,1.1950258385412524,1.2347319645321617,0.5773438817064168,2.063179459006932,0.706,500
20260836,100,W1,contamination,0.2,0.6350688803134488,0.641830099449047,2.1180813543949175,2.1406313684611407,1.1854645663579,3.3113855561141454,0.994,500
20260836,100,W1,contamination,0.3,0.9187026940504022,0.9166534791473013,3.0640566823871307,3.0572221420530745,1.9547443729745093,4.247970730881505,1.0,500
20260836,100,W1,contamination,0.4,1.23035238745898,1.2201994468895594,4.103470555707137,4.069608474318807,2.9050479563263645,5.19232564724339,1.0,500
20260836,100,W1,contamination,0.5,1.5081348603790643,1.5081787942284692,5.029930495264155,5.030077023412733,3.81766337953478,6.219926533762457,1.0,500
20260836,100,W1,contamination,0.6,1.8027541713293653,1.800339462186733,6.012544647071612,6.004491110565822,4.731093390092039,7.228808665090941,1.0,500
20260836,100,W1,contamination,0.8,2.404728576143631,2.401496229282323,8.020249326335321,8.009468804993299,6.865809066021665,9.035174867502844,1.0,500
20260836,100,W1,contamination,1.0,2.9914532459743457,2.9925477987282103,9.9770930984921,9.98074365019008,9.276166675760429,10.7718966477794,1.0,500
20260836,100,W1,location,0.0,0.16505772240662325,0.1762430842947274,0.5505004182472416,0.5878058306076449,0.3085195812031992,1.0927913497600197,0.042,500
20260836,100,W1,location,0.05,0.16861949352518224,0.18024844289417208,0.5623796351774092,0.6011645002419718,0.3183655088849409,1.1005611664645616,0.046,500
20260836,100,W1,location,0.1,0.17960388777438402,0.19865373989100907,0.5990147803872858,0.6625498359111672,0.30293937867810106,1.2845589729147873,0.132,500
20260836,100,W1,location,0.2,0.2273033320108963,0.24322514227002207,0.7581019386219818,0.8112043507909156,0.34561202083226744,1.5649458262599103,0.272,500
20260836,100,W1,location,0.3,0.3206045495523522,0.3239425130818732,1.0692801042398017,1.0804128782312452,0.404469997951146,1.898722553948062,0.548,500
20260836,100,W1,location,0.4,0.4079125196514398,0.41041493973351306,1.3604695945289076,1.3688156645080989,0.5602834354588334,2.1982157524929278,0.794,500
20260836,100,W1,location,0.5,0.5141508690161044,0.5135764888819282,1.7147956745596693,1.7128800022755335,0.8436953302133618,2.5870296998355413,0.956,500
20260836,100,W1,location,0.6,0.5905260889782364,0.5953542078862398,1.9695222630515485,1.9856250023808575,1.0491646296658703,2.842951880438013,0.98,500
20260836,100,W1,location,0.8,0.7978327836855832,0.8026021834790716,2.6609314287536208,2.676838328126893,1.8020760072705215,3.627676677398023,1.0,500
20260836,100,W1,location,1.0,0.9866511556718278,0.9868281024853666,3.2906783514399836,3.29126850434795,2.412003166572224,4.253525586000867,1.0,500
20260836,100,W1,scale,0.0,0.16132556934609654,0.17708258782865383,0.5380529435648922,0.590605742297981,0.2889754411681534,1.1068155493878344,0.06,500
20260836,100,W1,scale,0.05,0.1735423577834168,0.1846425718379381,0.5787983691428293,0.6158197964989764,0.30727361574214146,1.1151027946316145,0.072,500
20260836,100,W1,scale,0.1,0.19378318364115982,0.20566565430069672,0.6463055595844078,0.6859359687074115,0.363565638261054,1.2032744261465975,0.124,500
20260836,100,W1,scale,0.2,0.22932407072693478,0.24187483271938454,0.7648415051937725,0.8067007991754511,0.37991931410786267,1.3796900449783724,0.248,500
20260836,100,W1,scale,0.3,0.29508854150740726,0.29941861026473965,0.9841791292842758,0.9986207720453367,0.5097089134686215,1.6266022289000097,0.48,500
20260836,100,W1,scale,0.4,0.37081024544930197,0.36937114863817266,1.2367261115315853,1.2319264366973883,0.6595625664534898,1.8678496047378632,0.736,500
20260836,100,W1,scale,0.5,0.4387906588663645,0.44291526762516314,1.4634543461943679,1.4772107388897138,0.8072118119500127,2.1610184470817217,0.908,500
20260836,100,W1,scale,0.6,0.5113025932000784,0.5162955474123079,1.7052961067409456,1.7219486046795176,1.0399126593822519,2.5122800135549546,0.978,500
20260836,100,W1,scale,0.8,0.6540940477198407,0.6580836049642765,2.181534081487814,2.1948400504522514,1.372216427668586,2.9543487827550927,1.0,500
20260836,100,W1,scale,1.0,0.8176131624181404,0.8192076770724424,2.726902936215332,2.7322209605482506,1.967661179596378,3.5561986363851568,1.0,500
20260837,100,JS,contamination,0.0,0.08657715120754836,0.08885085233722637,0.6973685654815773,0.7156829552832962,0.4331588562277824,1.0735459132480427,0.048,500
20260837,100,JS,contamination,0.05,0.09828352722845407,0.09969439960035435,0.7916620198032205,0.8030264274829213,0.5071644922197067,1.1499365855181323,0.114,500
20260837,100,JS,contamination,0.1,0.1159976454204856,0.11694268161933535,0.9343471165065538,0.9419592697031878,0.6033178717881338,1.3560302189794657,0.348,500
20260837,100,JS,contamination,0.2,0.14693984807307997,0.15126538047972862,1.183582846438941,1.2184244909986857,0.8523856354117948,1.6996696355635053,0.846,500
20260837,100,JS,contamination,0.3,0.18936982269759156,0.18872443356751037,1.5253512013064037,1.5201526692971539,1.0650299139331618,1.9845519556884277,0.986,500
20260837,100,JS,contamination,0.4,0.22852109491247838,0.22922280547763105,1.8407100016418663,1.8463621960531915,1.3987929194599182,2.3932637342363496,1.0,500
20260837,100,JS,contamination,0.5,0.2796139624067959,0.2806897016029481,2.2522569192048687,2.2609218693630755,1.7158191899613846,2.862987817205725,1.0,500
20260837,100,JS,contamination,0.6,0.331290513936796,0.33193903826001925,2.668505341645096,2.673729127258945,2.1472282936946296,3.2016726391503534,1.0,500
20260837,100,JS,contamination,0.8,0.4677400785999549,0.4679443809132631,3.767590213837525,3.769235844459104,3.1254976119669737,4.427856098475325,1.0,500
20260837,100,JS,contamination,1.0,0.6565052596611646,0.6544036251084602,5.288071099307556,5.271142685138874,4.88390524260134,5.583217375862844,1.0,500
20260837,100,JS,location,0.0,0.08513711683637185,0.08789366616946527,0.6857692613965525,0.7079729355448301,0.46176264752749674,1.0356342930338287,0.046,500
20260837,100,JS,location,0.05,0.08651447375202435,0.08805096758626557,0.6968637060973499,0.7092399795841894,0.4534792365307185,1.0489039034310175,0.04,500
20260837,100,JS,location,0.1,0.0910111333664879,0.09140339571192505,0.7330837597842629,0.736243385913265,0.4382539434534083,1.0638269189528355,0.07,500
20260837,100,JS,location,0.2,0.09244340161989714,0.09398397024723643,0.7446205087224482,0.7570296041788007,0.4680963929528474,1.0848858122384262,0.084,500
20260837,100,JS,location,0.3,0.09702133600661399,0.09894973483467136,0.781495220948544,0.7970282421399536,0.5019009117094818,1.1897204964945596,0.122,500
20260837,100,JS,location,0.4,0.10485594684794752,0.10600305603614349,0.8446020712817162,0.8538418981628901,0.5259328997737306,1.234522292386867,0.21,500
20260837,100,JS,location,0.5,0.11594311302943353,0.11656192107787708,0.9339078646394057,0.938892289225253,0.5797423920867771,1.353044117867894,0.378,500
20260837,100,JS,location,0.6,0.12741997480626854,0.12873835530500394,1.0263526092620952,1.0369720060005945,0.6441484292466927,1.5220693612947438,0.546,500
20260837,100,JS,location,0.8,0.15520369221169494,0.15747816385101865,1.25014711948246,1.2684677156469295,0.8386919784066,1.752474656212777,0.88,500
20260837,100,JS,location,1.0,0.19195180309894655,0.19123570518714345,1.5461487436542454,1.5403806608918393,1.0577612138746322,2.0758170047133855,0.984,500
20260837,100,JS,scale,0.0,0.08751772524521179,0.08907326564430869,0.7049447765052241,0.7174744677867763,0.4361989259674891,1.0499578796639175,0.048,500
20260837,100,JS,scale,0.05,0.08927753179627737,0.0906064403572915,0.7191198071331051,0.7298240061501065,0.43741260548613564,1.0658692898032944,0.058,500
20260837,100,JS,scale,0.1,0.0919681361762481,0.09487559221338175,0.740792302596031,0.7642115121396209,0.47835633174027004,1.1392194360168972,0.084,500
20260837,100,JS,scale,0.2,0.10194382073148103,0.10211421895259912,0.8211452448094148,0.8225177820362041,0.5114269775494233,1.1648173979173455,0.154,500
20260837,100,JS,scale,0.3,0.11031493186067527,0.11063024324718372,0.8885735405921948,0.8911133359795745,0.555296591786795,1.2509807865993878,0.278,500
20260837,100,JS,scale,0.4,0.11999335353539581,0.12226150437258025,0.9665320659685439,0.9848017488301491,0.6154007434070091,1.4369388640727339,0.43,500
20260837,100,JS,scale,0.5,0.1334882158198511,0.13378544766290706,1.0752315625611453,1.0776257293951923,0.7004541572110352,1.4848266917105506,0.644,500
20260837,100,JS,scale,0.6,0.14282375810427322,0.14471131469202583,1.1504282355871855,1.1656322774331775,0.769704229042899,1.5862680927145323,0.788,500
20260837,100,JS,scale,0.8,0.16603174467725967,0.16649414887747432,1.3373657829467733,1.341090393300414,0.8755862341437611,1.8068103552117256,0.928,500
20260837,100,JS,scale,1.0,0.19307850842988855,0.1929371779589792,1.5552242199132862,1.55408581992689,1.0839543852426181,2.0175946502477995,0.988,500
20260837,100,MMD2,contamination,0.0,0.006668016958784273,0.009351262505911097,0.2667353574197173,0.37407108624009355,0.03961303816550295,1.3080202203300955,0.052,500
20260837,100,MMD2,contamination,0.05,0.009632927144632708,0.01204778016605424,0.38533829184954094,0.48193772879854285,0.06332772002483734,1.4412825713892292,0.08,500
20260837,100,MMD2,contamination,0.1,0.018794186393735868,0.022285007217113045,0.7518088295414174,0.8914493472196249,0.17411428574723395,2.3958227483118497,0.336,500
20260837,100,MMD2,contamination,0.2,0.056084619980736716,0.05925269702355328,2.2435082647177795,2.3702383206807665,0.8084093999660606,4.949402771268823,0.956,500
20260837,100,MMD2,contamination,0.3,0.11828821799543515,0.12020650650298811,4.731789121200196,4.8085248844501995,2.2387477313558044,8.02714381373818,1.0,500
20260837,100,MMD2,contamination,0.4,0.197605714658726,0.20245311501724536,7.904663598408705,8.09857028388628,4.518433566393134,13.222892663803954,1.0,500
20260837,100,MMD2,contamination,0.5,0.3062878999720042,0.3115053823758182,12.252190265464245,12.46090104745754,7.725289798759452,17.865107766018195,1.0,500
20260837,100,MMD2,contamination,0.6,0.4367236019425581,0.4424461615667776,17.46990548731496,17.698820470008727,11.907993336414638,24.0489296612044,1.0,500
20260837,100,MMD2,contamination,0.8,0.7794886448469072,0.7770183200493459,31.181261771379596,31.08244334126864,24.21348178101421,37.82371257877268,1.0,500
20260837,100,MMD2,contamination,1.0,1.2001457962417814,1.201473880909512,48.00847386787211,48.06160017824601,43.66282879967449,52.402846933418544,1.0,500
20260837,100,MMD2,location,0.0,0.006427939056812049,0.009033342490631762,0.25713171282988523,0.3613535857552303,0.0372854982403333,1.206919230739923,0.054,500
20260837,100,MMD2,location,0.05,0.006342030963983558,0.008875780533271918,0.25369519999743567,0.3550507606016796,0.04482439651401526,1.1479682714024133,0.046,500
20260837,100,MMD2,location,0.1,0.008039424657834027,0.010838528202326529,0.32159468441832206,0.4335649881847856,0.042552704190140817,1.491935129244867,0.086,500
20260837,100,MMD2,location,0.2,0.011651200530451988,0.016228475542870643,0.46607367033834446,0.6491747473140743,0.059382741991498365,2.186497336732106,0.202,500
20260837,100,MMD2,location,0.3,0.022530261352712078,0.026064228431167017,0.9012600525495644,1.0426265154136685,0.14161650227908357,2.774770609503813,0.438,500
20260837,100,MMD2,location,0.4,0.034196514827648294,0.03870159177089519,1.3679358738050462,1.5481488690760388,0.19404986407319386,3.9369471105703555,0.676,500
20260837,100,MMD2,location,0.5,0.04986175115681324,0.055565458236187255,1.9945798126479946,2.2227406520456765,0.4035908430780871,5.265202260264689,0.858,500
20260837,100,MMD2,location,0.6,0.06795668936946586,0.07434423378434474,2.7184171756110884,2.9739330138383018,0.8147769457919228,6.020917988747229,0.952,500
20260837,100,MMD2,location,0.8,0.12540084419000885,0.12652137538844013,5.016309826820651,5.061133541511382,1.9665465297287448,8.698783058417042,0.996,500
20260837,100,MMD2,location,1.0,0.18000369808832584,0.1828908337826582,7.200544186260495,7.3160359698157915,3.7035480752583494,11.520149681503549,1.0,500
20260837,100,MMD2,scale,0.0,0.006526710841110894,0.009017488030837883,0.2610828016394643,0.36071937246123953,0.04730466127319834,1.1600988633068559,0.048,500
20260837,100,MMD2,scale,0.05,0.006812839574063534,0.009446780869161798,0.27252858084547404,0.377892031045619,0.03677487982841566,1.15827906264966,0.052,500
20260837,100,MMD2,scale,0.1,0.008073277822953417,0.010469364496080925,0.3229488855479419,0.41879762725267394,0.04761223177422504,1.36572294201725,0.06,500
20260837,100,MMD2,scale,0.2,0.014742649898501492,0.01716975937685882,0.5897384506213847,0.6868281728293589,0.0927622464258009,1.9078720813002599,0.208,500
20260837,100,MMD2,scale,0.3,0.01941857279130388,0.023777764946665635,0.7767856599773252,0.951162942580044,0.1352071325161537,2.3991127625708657,0.394,500
20260837,100,MMD2,scale,0.4,0.03185002463548958,0.03463766814820034,1.2740711005214718,1.3855829777883868,0.25865411259791987,3.0239233639061505,0.634,500
20260837,100,MMD2,scale,0.5,0.04057697697620216,0.04358759196610924,1.6231684057882563,1.743599632995638,0.49529611672232327,3.5193697047611563,0.824,500
20260837,100,MMD2,scale,0.6,0.05229540129324978,0.05594919133320386,2.0919311755778356,2.2380908206818946,0.7744241600851796,4.412507786372663,0.932,500
20260837,100,MMD2,scale,0.8,0.0767064192949965,0.08125550198408502,3.0684256344134972,3.2503989563930364,1.105778464244952,5.895869812860555,0.99,500
20260837,100,MMD2,scale,1.0,0.09906168459007736,0.10299888234786819,3.9626854594189775,4.120182037134328,2.050541952464475,6.974838910257049,1.0,500
20260837,100,TV,contamination,0.0,0.28,0.28616,0.7777777777777779,0.7948888888888889,0.5833333333333334,1.027777777777778,0.042,500
20260837,100,TV,contamination,0.05,0.30999999999999994,0.30778000000000005,0.8611111111111109,0.8549444444444445,0.638888888888889,1.0833333333333335,0.094,500
20260837,100,TV,contamination,0.1,0.32999999999999996,0.32374,0.9166666666666666,0.8992777777777778,0.6666666666666666,1.138888888888889,0.184,500
20260837,100,TV,contamination,0.2,0.37,0.37324,1.027777777777778,1.0367777777777778,0.8055555555555557,1.277777777777778,0.552,500
20260837,100,TV,contamination,0.3,0.42000000000000004,0.42506,1.1666666666666667,1.1807222222222225,0.9576388888888889,1.4166666666666667,0.918,500
20260837,100,TV,contamination,0.4,0.48000000000000004,0.4838,1.3333333333333335,1.343888888888889,1.0833333333333335,1.5833333333333335,0.99,500
20260837,100,TV,contamination,0.5,0.55,0.5515800000000001,1.527777777777778,1.5321666666666667,1.277777777777778,1.8055555555555556,1.0,500
20260837,100,TV,contamination,0.6,0.63,0.628,1.75,1.7444444444444445,1.5000000000000002,2.0,1.0,500
20260837,100,TV,contamination,0.8,0.7899999999999999,0.78622,2.194444444444444,2.1839444444444442,1.972222222222222,2.416666666666667,1.0,500
20260837,100,TV,contamination,1.0,0.97,0.96512,2.6944444444444446,2.680888888888889,2.555555555555556,2.764583333333333,1.0,500
20260837,100,TV,location,0.0,0.29,0.28762,0.8055555555555556,0.7989444444444445,0.5687500000000001,1.0555555555555556,0.048,500
20260837,100,TV,location,0.05,0.29000000000000004,0.28972000000000003,0.8055555555555556,0.8047777777777778,0.5833333333333334,1.0555555555555556,0.046,500
20260837,100,TV,location,0.1,0.29000000000000004,0.28886,0.8055555555555557,0.8023888888888889,0.5833333333333334,1.027777777777778,0.036,500
20260837,100,TV,location,0.2,0.295,0.29652,0.8194444444444444,0.8236666666666668,0.5965277777777778,1.0555555555555556,0.054,500
20260837,100,TV,location,0.3,0.30999999999999994,0.30766000000000004,0.861111111111111,0.8546111111111112,0.6243055555555557,1.0979166666666662,0.108,500
20260837,100,TV,location,0.4,0.32,0.31676,0.888888888888889,0.8798888888888889,0.638888888888889,1.138888888888889,0.144,500
20260837,100,TV,location,0.5,0.33,0.33418000000000003,0.9166666666666667,0.9282777777777779,0.6666666666666667,1.1666666666666667,0.256,500
20260837,100,TV,location,0.6,0.35,0.35375999999999996,0.9722222222222222,0.9826666666666667,0.7354166666666667,1.2500000000000002,0.412,500
20260837,100,TV,location,0.8,0.39,0.39368000000000003,1.0833333333333335,1.0935555555555556,0.8333333333333334,1.3611111111111112,0.73,500
20260837,100,TV,location,1.0,0.45,0.44796,1.25,1.2443333333333335,0.9854166666666667,1.5000000000000002,0.96,500
20260837,100,TV,scale,0.0,0.29,0.28856,0.8055555555555556,0.8015555555555557,0.5833333333333334,1.027777777777778,0.042,500
20260837,100,TV,scale,0.05,0.29000000000000004,0.29225999999999996,0.8055555555555557,0.8118333333333334,0.5833333333333334,1.0555555555555556,0.054,500
20260837,100,TV,scale,0.1,0.29999999999999993,0.29456,0.8333333333333333,0.8182222222222223,0.611111111111111,1.0555555555555556,0.062,500
20260837,100,TV,scale,0.2,0.31,0.31060000000000004,0.8611111111111112,0.8627777777777779,0.638888888888889,1.1256944444444439,0.104,500
20260837,100,TV,scale,0.3,0.32,0.32594,0.888888888888889,0.9053888888888889,0.6944444444444444,1.138888888888889,0.2,500
20260837,100,TV,scale,0.4,0.34,0.34336,0.9444444444444445,0.9537777777777778,0.7222222222222223,1.2090277777777774,0.318,500
20260837,100,TV,scale,0.5,0.36,0.35942,1.0,0.9983888888888889,0.7500000000000001,1.25,0.438,500
20260837,100,TV,scale,0.6,0.38,0.37478,1.0555555555555556,1.0410555555555556,0.7777777777777779,1.277777777777778,0.598,500
20260837,100,TV,scale,0.8,0.41000000000000003,0.40852,1.138888888888889,1.1347777777777779,0.888888888888889,1.4166666666666667,0.842,500
20260837,100,TV,scale,1.0,0.44,0.4397,1.2222222222222223,1.2213888888888889,0.9722222222222222,1.4722222222222223,0.95,500
20260837,100,W1,contamination,0.0,0.16986641354102117,0.18291927694468932,0.5670412654451019,0.6106138118232043,0.29655396428103076,1.1975222991883567,0.074,500
20260837,100,W1,contamination,0.05,0.2328323560076886,0.24896905248445256,0.777231655363591,0.8310985299242768,0.42117371467193665,1.5678598478831574,0.216,500
20260837,100,W1,contamination,0.1,0.3533813061177772,0.37515556390112575,1.1796433375411022,1.252329293700506,0.5944936189157887,2.2972396178545424,0.696,500
20260837,100,W1,contamination,0.2,0.626196711476718,0.6320957095033655,2.090344808554936,2.110036607752666,1.1590064363167862,3.049252072356773,0.988,500
20260837,100,W1,contamination,0.3,0.9045174661323758,0.9173391460788581,3.019424016325859,3.0622248353366737,1.9781990033172838,4.283041280039872,1.0,500
20260837,100,W1,contamination,0.4,1.2214188393731225,1.2152962876173665,4.077291501473702,4.056853444161692,2.728742054686899,5.314004417751571,1.0,500
20260837,100,W1,contamination,0.5,1.5145069297844151,1.508230484003817,5.055666438633211,5.034714658444667,3.8472916613851598,6.2905838662547024,1.0,500
20260837,100,W1,contamination,0.6,1.800241795630113,1.7958753441608917,6.009495135745274,5.9949192221494165,4.809830300682668,7.174192986663628,1.0,500
20260837,100,W1,contamination,0.8,2.3874953510488526,2.391254739533899,7.969841458836163,7.982390899066416,6.914463526675413,9.035537995482052,1.0,500
20260837,100,W1,contamination,1.0,2.9904606619511784,2.9992208534161815,9.982636135465908,10.011879056125188,9.334460983482256,10.707225190281113,1.0,500
20260837,100,W1,location,0.0,0.1615424647294375,0.1749748980288115,0.539254592557699,0.584094203975318,0.2914277267563035,1.1203957711924792,0.054,500
20260837,100,W1,location,0.05,0.16619431111978777,0.18275140422104355,0.5547832000608146,0.6100534258136011,0.29768308128691523,1.164204852141642,0.076,500
20260837,100,W1,location,0.1,0.18228787457223705,0.19387267151981502,0.6085060896854555,0.6471779953561595,0.308676824193392,1.2657697680979905,0.094,500
20260837,100,W1,location,0.2,0.2193814764928277,0.241459044532968,0.732330467527454,0.8060289218508468,0.3240412488600833,1.6714471078061734,0.26,500
20260837,100,W1,location,0.3,0.31950933413577054,0.3248206287581052,1.066573275864903,1.084303227071962,0.40382341039115005,2.0013535894986836,0.548,500
20260837,100,W1,location,0.4,0.3956463490691987,0.40648965728901165,1.3207308129264472,1.3569275105925762,0.5422756866942593,2.299758783204379,0.768,500
20260837,100,W1,location,0.5,0.5019320929593598,0.4999680628046591,1.6755296307615968,1.668973383878661,0.7739676706910807,2.584311992802968,0.922,500
20260837,100,W1,location,0.6,0.6055363591783909,0.6020741922562349,2.0213772471190445,2.0098199800184036,1.0902729578359713,2.903716153875999,0.986,500
20260837,100,W1,location,0.8,0.7926858104721232,0.7980221000261563,2.646112057707878,2.6639254459959028,1.7581901231712953,3.526259471277139,1.0,500
20260837,100,W1,location,1.0,1.0103634045335146,1.0035167356631105,3.372754693073867,3.349899416981163,2.470859827272996,4.252885494702931,1.0,500
20260837,100,W1,scale,0.0,0.1659731755987356,0.17716037061245576,0.5540450143119173,0.5913896611147951,0.28176524499834193,1.1396758593382066,0.046,500
20260837,100,W1,scale,0.05,0.16990334216849717,0.18134637849301877,0.5671645391118535,0.605363225142415,0.3103826087434717,1.1892270180883675,0.066,500
20260837,100,W1,scale,0.1,0.19464760931033628,0.20109723365483428,0.6497648616837535,0.6712947396255545,0.3156118988631247,1.1699784442179995,0.096,500
20260837,100,W1,scale,0.2,0.23290197985386424,0.24122105479527048,0.7774640709012928,0.8052344740302696,0.40776503800282343,1.3835494531418038,0.192,500
20260837,100,W1,scale,0.3,0.3025700314023087,0.3069990973093575,1.0100271732098285,1.0248121038168798,0.5055127867542335,1.6239405912653053,0.512,500
20260837,100,W1,scale,0.4,0.36173782272849536,0.36062587909441807,1.2075387269525608,1.2038268812013784,0.6323366661990467,1.8096292537369223,0.72,500
20260837,100,W1,scale,0.5,0.4298399303791527,0.43339627517657014,1.4348744579938342,1.4467461059096813,0.7563369112324347,2.16554589760231,0.9,500
20260837,100,W1,scale,0.6,0.5114917111304872,0.516223101274716,1.7074411656667534,1.7232353029465761,1.0345439709874094,2.4416432854119914,0.98,500
20260837,100,W1,scale,0.8,0.6670674346290365,0.6729907761972228,2.2267778213726848,2.2465508832068113,1.4812291971467053,3.096955550973533,1.0,500
20260837,100,W1,scale,1.0,0.8240746577765052,0.8215018066236972,2.7508930519333292,2.7423044631530185,1.8687525545382055,3.6123968941349913,1.0,500
20260838,100,JS,contamination,0.0,0.08415911093265854,0.08654540801193748,0.6716661483936571,0.6907109666005038,0.4129275997158272,1.0396587044070802,0.038,500
20260838,100,JS,contamination,0.05,0.1025209607178665,0.10179116292652758,0.818210388059901,0.8123859387972772,0.5205942043059351,1.1615353624542941,0.136,500
20260838,100,JS,contamination,0.1,0.11251980242967355,0.1138697589301919,0.8980102270380139,0.9087841061005869,0.591442054343222,1.3158000813028128,0.266,500
20260838,100,JS,contamination,0.2,0.14953499040586643,0.14927321134166116,1.193425048612476,1.1913358139017438,0.819123163755214,1.605114707750752,0.814,500
20260838,100,JS,contamination,0.3,0.18698280217406404,0.1884685269441764,1.49229260100668,1.5041500341812404,1.084938772839548,2.0115819607046586,0.998,500
20260838,100,JS,contamination,0.4,0.23057809547205615,0.23080728170143028,1.8402226398706159,1.8420517541547692,1.4185286140457303,2.370569461302024,1.0,500
20260838,100,JS,contamination,0.5,0.2767668084117069,0.2779903407493185,2.2088505231221327,2.2186154225314936,1.691613123183324,2.7672476234962966,1.0,500
20260838,100,JS,contamination,0.6,0.33184291390618886,0.33197322149840847,2.6484078715309325,2.649447844477446,2.0507753867404266,3.263985070966626,1.0,500
20260838,100,JS,contamination,0.8,0.461754419909024,0.46073174634433,3.6852196902627643,3.677057826304724,3.057209835170788,4.354785722214206,1.0,500
20260838,100,JS,contamination,1.0,0.6556026343668089,0.6539217642488212,5.232304517264216,5.218889646959774,4.87472725628259,5.531944098234954,1.0,500
20260838,100,JS,location,0.0,0.08683365885874891,0.08799189645929802,0.6930114701812029,0.7022552582804857,0.4322315060345401,1.027239088312186,0.034,500
20260838,100,JS,location,0.05,0.08600628599074016,0.08840092624387959,0.686408283177653,0.7055196874901528,0.4448241396137449,1.0708439924202486,0.046,500
20260838,100,JS,location,0.1,0.08727468110412895,0.08888647749028132,0.6965312282873378,0.7093948274708894,0.42188182517876777,1.0486004078829843,0.048,500
20260838,100,JS,location,0.2,0.08959243941578049,0.09094225204772138,0.7150290448735901,0.7258017757342369,0.4249170768889868,1.0875518104807778,0.068,500
20260838,100,JS,location,0.3,0.09426383662307822,0.09654158557039583,0.7523110376973163,0.770489543214998,0.488838259373605,1.1211894518728664,0.082,500
20260838,100,JS,location,0.4,0.10161249226473007,0.10308915344862282,0.8109599846265338,0.8227450821504524,0.5172401807880493,1.1862748934612442,0.15,500
20260838,100,JS,location,0.5,0.11130265967741561,0.11410832260716582,0.888296322323544,0.9106880609342819,0.5699846494573989,1.3299058064516542,0.318,500
20260838,100,JS,location,0.6,0.12341692901629732,0.12586503370953633,0.9849791952445854,1.0045172943517398,0.6307461378227379,1.4051977839416696,0.456,500
20260838,100,JS,location,0.8,0.15194992945189706,0.1527157307657777,1.2126984557299862,1.2188102458051049,0.8225277445919591,1.723062344067916,0.82,500
20260838,100,JS,location,1.0,0.18641924216914724,0.1891878028656586,1.4877948802763115,1.5098905093652142,1.0562407774316898,2.0415680136770438,0.988,500
20260838,100,JS,scale,0.0,0.08525276108782089,0.08700686114021755,0.680394470012879,0.6943937817098991,0.4229633863380763,1.0385285053801319,0.054,500
20260838,100,JS,scale,0.05,0.08870403694232498,0.0894958615445842,0.707938786184347,0.7142582657381215,0.4370707429254326,1.052088033342806,0.056,500
20260838,100,JS,scale,0.1,0.09096941004173631,0.09287221697130923,0.7260185211945436,0.7412046488444145,0.4451910159208338,1.1075157252158303,0.08,500
20260838,100,JS,scale,0.2,0.09729141384996029,0.09974510935440115,0.7764738539676947,0.7960565728264687,0.5101150152436452,1.1541900372578637,0.116,500
20260838,100,JS,scale,0.3,0.1084788328104667,0.11050616957370496,0.8657596189953476,0.8819396078304327,0.5587459232331278,1.2580753613218387,0.256,500
20260838,100,JS,scale,0.4,0.11777309803172675,0.1185124948873063,0.9399362976000922,0.9458373561143494,0.6347343046429138,1.3173899913833815,0.362,500
20260838,100,JS,scale,0.5,0.13098590205403154,0.13170731182522596,1.045386475112576,1.0511439803554656,0.6694823308174404,1.4510345878738913,0.568,500
20260838,100,JS,scale,0.6,0.1422240935663065,0.14332729734826682,1.1350774512209139,1.143882019459705,0.7746453081527181,1.5730377344114488,0.748,500
20260838,100,JS,scale,0.8,0.16587768527279068,0.16594938823669472,1.323854597998081,1.3244268527790561,0.9133810446858593,1.8036955042343705,0.92,500
20260838,100,JS,scale,1.0,0.18717616418299107,0.1876966243042758,1.4938358054719172,1.4979895499825449,1.0556617466053284,1.9834310128842088,0.984,500
20260838,100,MMD2,contamination,0.0,0.006199599306791592,0.008278799606274846,0.2432645868096573,0.3248498275193618,0.03855038752324728,1.0952506569375275,0.038,500
20260838,100,MMD2,contamination,0.05,0.01036489626683923,0.012422276443215512,0.4067056728836371,0.48743471902832547,0.07178620585420166,1.5546504547009912,0.078,500
20260838,100,MMD2,contamination,0.1,0.019770257131411673,0.022178616307443434,0.7757603667909461,0.8702613935274324,0.18488282602602005,2.0167692368329666,0.33,500
20260838,100,MMD2,contamination,0.2,0.054123772367517364,0.05785264077363,2.123749692522937,2.2700658634868986,0.7570300915644278,4.462174464942884,0.938,500
20260838,100,MMD2,contamination,0.3,0.1158496113359192,0.11895524186760333,4.545795048853978,4.667656138690214,2.1455454285794358,8.032361430474136,1.0,500
20260838,100,MMD2,contamination,0.4,0.19802383102827414,0.20148390625846957,7.770209500602145,7.905978560754424,4.271207312594076,11.917522265063837,1.0,500
20260838,100,MMD2,contamination,0.5,0.30780412376611893,0.31258635825770176,12.077852016056214,12.265500965617736,7.2307161290032695,18.04105443975052,1.0,500
20260838,100,MMD2,contamination,0.6,0.43773391847522236,0.4417407087330708,17.176135995401165,17.33335747509271,12.026921710248978,23.60702973990565,1.0,500
20260838,100,MMD2,contamination,0.8,0.7759709037095214,0.7772064913456217,30.44813574651861,30.496618672735114,24.150697857939004,37.205836160319684,1.0,500
20260838,100,MMD2,contamination,1.0,1.2132674209828949,1.2129774640060096,47.60710866131209,47.59573110920202,42.766344879528255,51.89148083347071,1.0,500
20260838,100,MMD2,location,0.0,0.005936888183879274,0.008232978712862521,0.23295612821370332,0.32305187249814166,0.02959453900421461,1.1103672332973122,0.028,500
20260838,100,MMD2,location,0.05,0.006241260445329244,0.008953743171777927,0.24489931820935912,0.35133377582906555,0.03178728624618725,1.2784006007882025,0.054,500
20260838,100,MMD2,location,0.1,0.0077657540054850704,0.0112944161117351,0.30471855452661956,0.4431788786200561,0.04053545309601357,1.5737007866075787,0.1,500
20260838,100,MMD2,location,0.2,0.012253742897101572,0.016862807179545136,0.4808216717279844,0.661675637083374,0.06262558621854426,2.2824022151049017,0.216,500
20260838,100,MMD2,location,0.3,0.02071875247930055,0.025464021393611647,0.812978147727579,0.9991766138890961,0.10076026985099125,2.761623467713334,0.408,500
20260838,100,MMD2,location,0.4,0.03384563670660412,0.03775656550157578,1.3280608022073577,1.4815207970022686,0.2362379018819431,3.8347973648195515,0.624,500
20260838,100,MMD2,location,0.5,0.05249593796409591,0.05542023164140251,2.059875489700013,2.174621146300881,0.32866985502486123,4.546381895461452,0.856,500
20260838,100,MMD2,location,0.6,0.0754826473316702,0.077988884937743,2.9618454525475846,3.0601871074703837,0.8582692081212047,6.5586694399426895,0.958,500
20260838,100,MMD2,location,0.8,0.1224158576444791,0.12559885344213853,4.803446409223736,4.928343216132894,1.9797737565231774,8.575562482482804,1.0,500
20260838,100,MMD2,location,1.0,0.1822535222917664,0.18644811625517693,7.151402147287456,7.315992811433366,3.5221342394084214,11.8134312354034,1.0,500
20260838,100,MMD2,scale,0.0,0.005937465894741645,0.00828547803606473,0.23297879687134965,0.3251118808203862,0.033792891167500734,1.1120514240394899,0.034,500
20260838,100,MMD2,scale,0.05,0.00713103682142846,0.009511382614294841,0.2798130395280337,0.37321485585693737,0.03884437373571845,1.2223144148391338,0.046,500
20260838,100,MMD2,scale,0.1,0.00813393823597397,0.010975091962734461,0.3191656470349362,0.43064899510324756,0.04450951062990464,1.3642363015911299,0.08,500
20260838,100,MMD2,scale,0.2,0.014919477860047992,0.01696254704538661,0.5854218050938322,0.6655893057015694,0.07575814435641244,1.7542349755127336,0.196,500
20260838,100,MMD2,scale,0.3,0.02042961869416421,0.02272810339603385,0.8016328966406494,0.8918225852994158,0.1324507933689987,2.1633508414693523,0.366,500
20260838,100,MMD2,scale,0.4,0.030208607034840407,0.03260005373847854,1.185348269262395,1.2791856715604017,0.2577109441252804,2.8521176199105085,0.592,500
20260838,100,MMD2,scale,0.5,0.04218971479624012,0.04453128928993532,1.6554720764423188,1.7473525550837017,0.4758789986231292,3.5979496016549484,0.81,500
20260838,100,MMD2,scale,0.6,0.054427791090059074,0.05767410846654434,2.135679010090363,2.2630604772084997,0.7263487304843356,4.287035373984811,0.932,500
20260838,100,MMD2,scale,0.8,0.07545348625262138,0.07827300171212842,2.9607012079771384,3.0713354972785516,1.2324986695456337,5.384049849430347,0.988,500
20260838,100,MMD2,scale,1.0,0.1001950359829471,0.10334701083275806,3.931528929953429,4.055208513347425,2.0211332446085546,6.950128537545895,1.0,500
20260838,100,TV,contamination,0.0,0.285,0.2861,0.7916666666666666,0.7947222222222223,0.5833333333333334,1.027777777777778,0.04,500
20260838,100,TV,contamination,0.05,0.3,0.30066000000000004,0.8333333333333334,0.8351666666666667,0.6388888888888888,1.0555555555555556,0.068,500
20260838,100,TV,contamination,0.1,0.325,0.32366,0.9027777777777779,0.8990555555555556,0.6944444444444444,1.1388888888888888,0.168,500
20260838,100,TV,contamination,0.2,0.36000000000000004,0.36769999999999997,1.0000000000000002,1.021388888888889,0.8055555555555557,1.2645833333333327,0.508,500
20260838,100,TV,contamination,0.3,0.42000000000000004,0.42352000000000006,1.1666666666666667,1.1764444444444446,0.9298611111111111,1.4166666666666667,0.914,500
20260838,100,TV,contamination,0.4,0.4800000000000001,0.48482,1.3333333333333337,1.3467222222222224,1.0833333333333335,1.6111111111111112,0.992,500
20260838,100,TV,contamination,0.5,0.55,0.5545800000000001,1.527777777777778,1.5405000000000002,1.3055555555555556,1.777777777777778,1.0,500
20260838,100,TV,contamination,0.6,0.63,0.6272000000000001,1.75,1.7422222222222223,1.5000000000000002,1.986805555555555,1.0,500
20260838,100,TV,contamination,0.8,0.79,0.7898200000000001,2.1944444444444446,2.1939444444444445,1.9722222222222223,2.403472222222222,1.0,500
20260838,100,TV,contamination,1.0,0.97,0.96626,2.6944444444444446,2.6840555555555556,2.5833333333333335,2.7777777777777777,1.0,500
20260838,100,TV,location,0.0,0.28,0.28290000000000004,0.7777777777777779,0.7858333333333334,0.5555555555555556,1.027777777777778,0.032,500
20260838,100,TV,location,0.05,0.28,0.28546000000000005,0.7777777777777779,0.7929444444444445,0.5555555555555556,1.027777777777778,0.048,500
20260838,100,TV,location,0.1,0.2899999999999999,0.2878,0.8055555555555554,0.7994444444444444,0.5965277777777778,1.0555555555555556,0.042,500
20260838,100,TV,location,0.2,0.3,0.29581999999999997,0.8333333333333334,0.8217222222222222,0.5833333333333334,1.0555555555555556,0.042,500
20260838,100,TV,location,0.3,0.30000000000000004,0.30366000000000004,0.8333333333333335,0.8435000000000001,0.6388888888888888,1.0833333333333335,0.08,500
20260838,100,TV,location,0.4,0.31999999999999995,0.31712,0.8888888888888888,0.8808888888888889,0.6388888888888891,1.1111111111111112,0.162,500
20260838,100,TV,location,0.5,0.33,0.33412000000000003,0.9166666666666667,0.9281111111111112,0.6944444444444444,1.1944444444444446,0.262,500
20260838,100,TV,location,0.6,0.35000000000000003,0.35252,0.9722222222222223,0.9792222222222223,0.7222222222222223,1.2500000000000002,0.406,500
20260838,100,TV,location,0.8,0.4,0.39722,1.1111111111111112,1.103388888888889,0.8333333333333335,1.4034722222222216,0.766,500
20260838,100,TV,location,1.0,0.44999999999999996,0.45052000000000003,1.25,1.2514444444444446,1.0,1.527777777777778,0.974,500
20260838,100,TV,scale,0.0,0.29,0.28538,0.8055555555555556,0.7927222222222223,0.5833333333333334,1.014583333333333,0.032,500
20260838,100,TV,scale,0.05,0.29,0.28884000000000004,0.8055555555555556,0.8023333333333333,0.5555555555555556,1.0555555555555556,0.048,500
20260838,100,TV,scale,0.1,0.29000000000000004,0.29042,0.8055555555555557,0.8067222222222223,0.5833333333333334,1.027777777777778,0.046,500
20260838,100,TV,scale,0.2,0.31,0.30848000000000003,0.8611111111111112,0.8568888888888889,0.638888888888889,1.0833333333333335,0.1,500
20260838,100,TV,scale,0.3,0.32,0.32428,0.888888888888889,0.9007777777777778,0.6666666666666666,1.138888888888889,0.182,500
20260838,100,TV,scale,0.4,0.33999999999999997,0.33632,0.9444444444444444,0.9342222222222223,0.6944444444444444,1.1666666666666667,0.27,500
20260838,100,TV,scale,0.5,0.36,0.35838,1.0,0.9955000000000002,0.7500000000000001,1.25,0.456,500
20260838,100,TV,scale,0.6,0.37,0.37134000000000006,1.027777777777778,1.0315,0.7777777777777779,1.3055555555555556,0.578,500
20260838,100,TV,scale,0.8,0.41000000000000003,0.41102,1.138888888888889,1.1417222222222223,0.8611111111111113,1.3888888888888888,0.85,500
20260838,100,TV,scale,1.0,0.44,0.44212,1.2222222222222223,1.2281111111111112,0.9722222222222222,1.4722222222222223,0.944,500
20260838,100,W1,contamination,0.0,0.16530678446884733,0.1765111342743646,0.5391245012736132,0.5756658901851673,0.2996887377596254,1.0730624267664288,0.04,500
20260838,100,W1,contamination,0.05,0.24393677378786205,0.25623245755014,0.7955649971248416,0.8356656160888829,0.3888577005764086,1.5294407929763798,0.244,500
20260838,100,W1,contamination,0.1,0.34103202203661476,0.35681283549728177,1.1122273014358381,1.1636941738573832,0.5805350969567068,2.034063543887085,0.606,500
20260838,100,W1,contamination,0.2,0.6425406683825158,0.6421481772167993,2.09555474993236,2.0942746959729828,1.1857568827405773,3.1787223496046417,0.994,500
20260838,100,W1,contamination,0.3,0.9206259496371785,0.92362532100586,3.002490233855018,3.012272255799674,1.9048665528974136,4.11046297042764,1.0,500
20260838,100,W1,contamination,0.4,1.2124889741534663,1.2087526465318332,3.954359862425558,3.942174362767573,2.717538747958864,5.193194583464257,1.0,500
20260838,100,W1,contamination,0.5,1.500512931061915,1.5070228242118422,4.893708919526014,4.914940007584957,3.632143145900216,6.0945931528823385,1.0,500
20260838,100,W1,contamination,0.6,1.8005612618267808,1.7948817782982402,5.872273757027122,5.853750931514216,4.562609383643251,7.075606822114102,1.0,500
20260838,100,W1,contamination,0.8,2.4049288722058937,2.4010395476235873,7.843332522573242,7.830648045148648,6.723809890709149,8.897296663384958,1.0,500
20260838,100,W1,contamination,1.0,3.003227802490904,3.0062884997140293,9.794599153515602,9.804581180988153,9.148697931442719,10.491427295109705,1.0,500
20260838,100,W1,location,0.0,0.16803674872689672,0.1795845012567921,0.5480278903501398,0.5856892382707038,0.28894909615343534,1.0794706800581508,0.048,500
20260838,100,W1,location,0.05,0.1657007180672902,0.17782081615742468,0.5404092595216055,0.579937230858211,0.28508730172941893,1.0792901786899043,0.042,500
20260838,100,W1,location,0.1,0.18530028145465477,0.19623329747498391,0.6043304401939258,0.639986912663071,0.2909654861108253,1.28072067709899,0.088,500
20260838,100,W1,location,0.2,0.23117493450659682,0.24775543819345477,0.7539440784193379,0.8080190264607305,0.3238616628686548,1.5797401589386728,0.268,500
20260838,100,W1,location,0.3,0.3125016689295683,0.32505369880856283,1.0191796238137794,1.0601162790770706,0.4043275689213879,1.8923173260956172,0.522,500
20260838,100,W1,location,0.4,0.4076002817645126,0.40894941513172905,1.3293301864854148,1.3337301925474117,0.5029280983345181,2.194972308912794,0.762,500
20260838,100,W1,location,0.5,0.5023317027238985,0.5028052034228118,1.638283205224306,1.6398274602225176,0.7789946432716249,2.5055663073313776,0.92,500
20260838,100,W1,location,0.6,0.6130774206320058,0.6130446709947479,1.999464569481309,1.9993577612101885,1.1652292859826991,2.88517750149561,0.99,500
20260838,100,W1,location,0.8,0.8064270775251611,0.8070527412742888,2.630046899655367,2.6320874127401583,1.7239464179610156,3.4574130812490265,1.0,500
20260838,100,W1,location,1.0,1.0021844429649964,1.0075058622384263,3.268481627863855,3.285836677876315,2.4320958222612163,4.181121358577766,1.0,500
20260838,100,W1,scale,0.0,0.16600903231937864,0.1759804361586847,0.5414147824826068,0.5739350939697422,0.29774073099382276,1.0914917372826534,0.05,500
20260838,100,W1,scale,0.05,0.17063073889393848,0.1820660831880246,0.5564878193216491,0.593782563812932,0.31291179488431686,1.0947759129298085,0.052,500
20260838,100,W1,scale,0.1,0.1863775094959206,0.19703380224992423,0.6078436658148308,0.6425976448174925,0.30779538565844056,1.1805233291754402,0.068,500
20260838,100,W1,scale,0.2,0.23285147908101822,0.24487521492480738,0.7594118894378157,0.7986255890512767,0.37118194988618103,1.3343586730988097,0.214,500
20260838,100,W1,scale,0.3,0.2852555013080777,0.2948779623271411,0.9303201340006336,0.9617024182462326,0.4919219239149484,1.5665278918751078,0.414,500
20260838,100,W1,scale,0.4,0.3625077435833669,0.36517532887162024,1.1822673043648508,1.1909672533279585,0.6219894816234112,1.8153101769098856,0.718,500
20260838,100,W1,scale,0.5,0.4363282095396228,0.4351096905361549,1.423022225709004,1.41904819976598,0.7677409654078934,2.082227611014476,0.89,500
20260838,100,W1,scale,0.6,0.50905901235392,0.5094119788523016,1.6602233661248524,1.6613745160187767,0.9279186812298936,2.3972366135208745,0.966,500
20260838,100,W1,scale,0.8,0.6670580449420346,0.6639905397363348,2.1755146768806632,2.16551044614391,1.426149824580107,2.883395794244532,1.0,500
20260838,100,W1,scale,1.0,0.8241941258309102,0.8172926945049356,2.687991593744716,2.665483559766283,1.8156948127514738,3.4891691912586063,1.0,500
