d,x,regime,phi_a,phi_b,target_difference,theoretical_bound,representation_distance,indistinguishable
0.1,0.31049579472307687,preserved,-0.1,0.1,0.2,0.1,0.2,False
0.1,-0.0544783025156117,preserved,-0.1,0.1,0.2,0.1,0.2,False
0.1,-0.12781138912279855,preserved,-0.1,0.1,0.2,0.1,0.2,False
0.1,0.5299350613134177,preserved,-0.1,0.1,0.2,0.1,0.2,False
0.1,0.38682739000250366,preserved,-0.1,0.1,0.2,0.1,0.2,False
0.1,-0.19045053559397296,preserved,-0.1,0.1,0.2,0.1,0.2,False
0.1,0.70823724353804,preserved,-0.1,0.1,0.2,0.1,0.2,False
0.1,0.8590777916043291,preserved,-0.1,0.1,0.2,0.1,0.2,False
0.1,-0.16224522718974566,preserved,-0.1,0.1,0.2,0.1,0.2,False
0.1,0.8311837747437014,preserved,-0.1,0.1,0.2,0.1,0.2,False
0.1,-0.8310538229127051,preserved,-0.1,0.1,0.2,0.1,0.2,False
0.1,0.6116406539533468,preserved,-0.1,0.1,0.2,0.1,0.2,False
0.1,-0.41945563763473737,preserved,-0.1,0.1,0.2,0.1,0.2,False
0.1,0.6204050729196233,preserved,-0.1,0.1,0.2,0.1,0.2,False
0.1,-0.7189943149675428,preserved,-0.1,0.1,0.2,0.1,0.2,False
0.1,-0.33178555171797397,preserved,-0.1,0.1,0.2,0.1,0.2,False
0.1,0.9051423788519595,preserved,-0.1,0.1,0.2,0.1,0.2,False
0.1,0.056915519521514746,preserved,-0.1,0.1,0.2,0.1,0.2,False
0.1,0.649876102332339,preserved,-0.1,0.1,0.2,0.1,0.2,False
0.1,-0.3622554796800377,preserved,-0.1,0.1,0.2,0.1,0.2,False
0.1,-0.02757930366150152,preserved,-0.1,0.1,0.2,0.1,0.2,False
0.1,0.9062959550759366,preserved,-0.1,0.1,0.2,0.1,0.2,False
0.1,0.08979263473561305,preserved,-0.1,0.1,0.2,0.1,0.2,False
0.1,0.5810436969343922,preserved,-0.1,0.1,0.2,0.1,0.2,False
0.1,0.33351277528201106,preserved,-0.1,0.1,0.2,0.1,0.2,False
0.1,0.50021045803603,preserved,-0.1,0.1,0.2,0.1,0.2,False
0.1,0.647829676283949,preserved,-0.1,0.1,0.2,0.1,0.2,False
0.1,0.2532301034366604,preserved,-0.1,0.1,0.2,0.1,0.2,False
0.1,-0.45731192417320954,preserved,-0.1,0.1,0.2,0.1,0.2,False
0.1,0.9656692799074889,preserved,-0.1,0.1,0.2,0.1,0.2,False
0.1,0.7956682782658702,preserved,-0.1,0.1,0.2,0.1,0.2,False
0.1,-0.870113418836362,preserved,-0.1,0.1,0.2,0.1,0.2,False
0.1,0.6471733576066463,preserved,-0.1,0.1,0.2,0.1,0.2,False
0.1,-0.12258281205750432,preserved,-0.1,0.1,0.2,0.1,0.2,False
0.1,-0.7924659681337014,preserved,-0.1,0.1,0.2,0.1,0.2,False
0.1,-0.9614538437044982,preserved,-0.1,0.1,0.2,0.1,0.2,False
0.1,0.31204629970955255,preserved,-0.1,0.1,0.2,0.1,0.2,False
0.1,-0.14035420870731552,preserved,-0.1,0.1,0.2,0.1,0.2,False
0.1,-0.03808592435085645,preserved,-0.1,0.1,0.2,0.1,0.2,False
0.1,-0.031001603913969555,preserved,-0.1,0.1,0.2,0.1,0.2,False
0.1,-0.8829243891653982,preserved,-0.1,0.1,0.2,0.1,0.2,False
0.1,0.28145074654754487,preserved,-0.1,0.1,0.2,0.1,0.2,False
0.1,0.17575530208529533,preserved,-0.1,0.1,0.2,0.1,0.2,False
0.1,0.5869151184415577,preserved,-0.1,0.1,0.2,0.1,0.2,False
0.1,-0.5263150616207499,preserved,-0.1,0.1,0.2,0.1,0.2,False
0.1,0.12658518870624014,preserved,-0.1,0.1,0.2,0.1,0.2,False
0.1,-0.05105663381821013,preserved,-0.1,0.1,0.2,0.1,0.2,False
0.1,-0.8536492355351997,preserved,-0.1,0.1,0.2,0.1,0.2,False
0.1,0.5910251531573292,preserved,-0.1,0.1,0.2,0.1,0.2,False
0.1,0.7152698353286933,preserved,-0.1,0.1,0.2,0.1,0.2,False
0.1,-0.15599102732261771,preserved,-0.1,0.1,0.2,0.1,0.2,False
0.1,-0.8452088463348866,preserved,-0.1,0.1,0.2,0.1,0.2,False
0.1,-0.214495034172401,preserved,-0.1,0.1,0.2,0.1,0.2,False
0.1,0.4127483393911855,preserved,-0.1,0.1,0.2,0.1,0.2,False
0.1,-0.4137604310991858,preserved,-0.1,0.1,0.2,0.1,0.2,False
0.1,0.04633768978265618,preserved,-0.1,0.1,0.2,0.1,0.2,False
0.1,-0.9049904282084853,preserved,-0.1,0.1,0.2,0.1,0.2,False
0.1,-0.9468006466011301,preserved,-0.1,0.1,0.2,0.1,0.2,False
0.1,0.2865572848647602,preserved,-0.1,0.1,0.2,0.1,0.2,False
0.1,-0.49246765247474134,preserved,-0.1,0.1,0.2,0.1,0.2,False
0.1,0.8039372838760315,preserved,-0.1,0.1,0.2,0.1,0.2,False
0.1,0.23854233913248857,preserved,-0.1,0.1,0.2,0.1,0.2,False
0.1,-0.22877562371946514,preserved,-0.1,0.1,0.2,0.1,0.2,False
0.1,-0.4592651872471767,preserved,-0.1,0.1,0.2,0.1,0.2,False
0.1,-0.7334459835031455,preserved,-0.1,0.1,0.2,0.1,0.2,False
0.1,0.7849792272104572,preserved,-0.1,0.1,0.2,0.1,0.2,False
0.1,0.9963682238696876,preserved,-0.1,0.1,0.2,0.1,0.2,False
0.1,0.5255374282782288,preserved,-0.1,0.1,0.2,0.1,0.2,False
0.1,0.6189325177054181,preserved,-0.1,0.1,0.2,0.1,0.2,False
0.1,0.2784174392851164,preserved,-0.1,0.1,0.2,0.1,0.2,False
0.1,-0.5449187503356108,preserved,-0.1,0.1,0.2,0.1,0.2,False
0.1,0.5821306509718223,preserved,-0.1,0.1,0.2,0.1,0.2,False
0.1,0.8169298964431191,preserved,-0.1,0.1,0.2,0.1,0.2,False
0.1,0.6344540015152722,preserved,-0.1,0.1,0.2,0.1,0.2,False
0.1,-0.0679971724109083,preserved,-0.1,0.1,0.2,0.1,0.2,False
0.1,0.4797205691252253,preserved,-0.1,0.1,0.2,0.1,0.2,False
0.1,0.7458717976560796,preserved,-0.1,0.1,0.2,0.1,0.2,False
0.1,0.8928117786822543,preserved,-0.1,0.1,0.2,0.1,0.2,False
0.1,-0.605839376454282,preserved,-0.1,0.1,0.2,0.1,0.2,False
0.1,0.35641051629417264,preserved,-0.1,0.1,0.2,0.1,0.2,False
0.1,-0.07828174675552124,preserved,-0.1,0.1,0.2,0.1,0.2,False
0.1,0.04802168304651522,preserved,-0.1,0.1,0.2,0.1,0.2,False
0.1,-0.08759571965009272,preserved,-0.1,0.1,0.2,0.1,0.2,False
0.1,-0.4592879410994537,preserved,-0.1,0.1,0.2,0.1,0.2,False
0.1,-0.4791975823807606,preserved,-0.1,0.1,0.2,0.1,0.2,False
0.1,-0.46088016473893445,preserved,-0.1,0.1,0.2,0.1,0.2,False
0.1,0.13025123921138504,preserved,-0.1,0.1,0.2,0.1,0.2,False
0.1,0.9357666605760042,preserved,-0.1,0.1,0.2,0.1,0.2,False
0.1,0.7992196548412991,preserved,-0.1,0.1,0.2,0.1,0.2,False
0.1,0.48812365962949245,preserved,-0.1,0.1,0.2,0.1,0.2,False
0.1,0.5577525197458773,preserved,-0.1,0.1,0.2,0.1,0.2,False
0.1,-0.6607378978230116,preserved,-0.1,0.1,0.2,0.1,0.2,False
0.1,0.47164107896492813,preserved,-0.1,0.1,0.2,0.1,0.2,False
0.1,-0.30950064143013334,preserved,-0.1,0.1,0.2,0.1,0.2,False
0.1,0.006150742417380561,preserved,-0.1,0.1,0.2,0.1,0.2,False
0.1,-0.4043130656082028,preserved,-0.1,0.1,0.2,0.1,0.2,False
0.1,-0.9888145923654321,preserved,-0.1,0.1,0.2,0.1,0.2,False
0.1,0.5865227529641686,preserved,-0.1,0.1,0.2,0.1,0.2,False
0.1,0.9014214844330504,preserved,-0.1,0.1,0.2,0.1,0.2,False
0.1,-0.9072770127610534,preserved,-0.1,0.1,0.2,0.1,0.2,False
0.1,-0.22743319749475832,preserved,-0.1,0.1,0.2,0.1,0.2,False
0.1,0.04912431712130805,preserved,-0.1,0.1,0.2,0.1,0.2,False
0.1,0.8282574348692169,preserved,-0.1,0.1,0.2,0.1,0.2,False
0.1,-0.00839759326178946,preserved,-0.1,0.1,0.2,0.1,0.2,False
0.1,-0.4534342640622766,preserved,-0.1,0.1,0.2,0.1,0.2,False
0.1,0.15866354285373863,preserved,-0.1,0.1,0.2,0.1,0.2,False
0.1,0.8471249917027401,preserved,-0.1,0.1,0.2,0.1,0.2,False
0.1,0.4341712990684854,preserved,-0.1,0.1,0.2,0.1,0.2,False
0.1,-0.5579245254168461,preserved,-0.1,0.1,0.2,0.1,0.2,False
0.1,0.8874979969348114,preserved,-0.1,0.1,0.2,0.1,0.2,False
0.1,0.45878462494768923,preserved,-0.1,0.1,0.2,0.1,0.2,False
0.1,-0.22918533573857847,preserved,-0.1,0.1,0.2,0.1,0.2,False
0.1,0.7060350861125313,preserved,-0.1,0.1,0.2,0.1,0.2,False
0.1,0.013691044061096669,preserved,-0.1,0.1,0.2,0.1,0.2,False
0.1,-0.6679307363934819,preserved,-0.1,0.1,0.2,0.1,0.2,False
0.1,0.47627692737809557,preserved,-0.1,0.1,0.2,0.1,0.2,False
0.1,-0.8132460696686934,preserved,-0.1,0.1,0.2,0.1,0.2,False
0.1,-0.4630246056374723,preserved,-0.1,0.1,0.2,0.1,0.2,False
0.1,0.13159075331795367,preserved,-0.1,0.1,0.2,0.1,0.2,False
0.1,0.628041926397312,preserved,-0.1,0.1,0.2,0.1,0.2,False
0.1,0.3175909861569175,preserved,-0.1,0.1,0.2,0.1,0.2,False
0.1,-0.6452120471825318,preserved,-0.1,0.1,0.2,0.1,0.2,False
0.1,0.7997939791519331,preserved,-0.1,0.1,0.2,0.1,0.2,False
0.1,-0.399954880488093,preserved,-0.1,0.1,0.2,0.1,0.2,False
0.1,-0.6150584205536416,preserved,-0.1,0.1,0.2,0.1,0.2,False
0.1,0.7551450057242699,preserved,-0.1,0.1,0.2,0.1,0.2,False
0.1,0.34391080908622573,preserved,-0.1,0.1,0.2,0.1,0.2,False
0.1,-0.07539281140034193,preserved,-0.1,0.1,0.2,0.1,0.2,False
0.1,0.3337412174692349,preserved,-0.1,0.1,0.2,0.1,0.2,False
0.1,-0.11317642222437074,preserved,-0.1,0.1,0.2,0.1,0.2,False
0.1,-0.17109794556340163,preserved,-0.1,0.1,0.2,0.1,0.2,False
0.1,0.5085950572324311,preserved,-0.1,0.1,0.2,0.1,0.2,False
0.1,-0.861384204995375,preserved,-0.1,0.1,0.2,0.1,0.2,False
0.1,0.3811822324470917,preserved,-0.1,0.1,0.2,0.1,0.2,False
0.1,-0.905392452819151,preserved,-0.1,0.1,0.2,0.1,0.2,False
0.1,0.8898059822179134,preserved,-0.1,0.1,0.2,0.1,0.2,False
0.1,-0.5763859333395975,preserved,-0.1,0.1,0.2,0.1,0.2,False
0.1,-0.964407319465105,preserved,-0.1,0.1,0.2,0.1,0.2,False
0.1,0.26058124299304897,preserved,-0.1,0.1,0.2,0.1,0.2,False
0.1,-0.64549181166322,preserved,-0.1,0.1,0.2,0.1,0.2,False
0.1,-0.2977129604360824,preserved,-0.1,0.1,0.2,0.1,0.2,False
0.1,0.6066154207899217,preserved,-0.1,0.1,0.2,0.1,0.2,False
0.1,0.9409205436385051,preserved,-0.1,0.1,0.2,0.1,0.2,False
0.1,0.6764918378562408,preserved,-0.1,0.1,0.2,0.1,0.2,False
0.1,-0.4894497934337676,preserved,-0.1,0.1,0.2,0.1,0.2,False
0.1,-0.218689766073624,preserved,-0.1,0.1,0.2,0.1,0.2,False
0.1,0.9103464518063316,preserved,-0.1,0.1,0.2,0.1,0.2,False
0.1,0.7634253391195944,preserved,-0.1,0.1,0.2,0.1,0.2,False
0.1,-0.6469552796028921,preserved,-0.1,0.1,0.2,0.1,0.2,False
0.1,0.3471389638919997,preserved,-0.1,0.1,0.2,0.1,0.2,False
0.1,-0.1905422132180956,preserved,-0.1,0.1,0.2,0.1,0.2,False
0.1,0.9280162454270979,preserved,-0.1,0.1,0.2,0.1,0.2,False
0.1,0.21049316865814816,preserved,-0.1,0.1,0.2,0.1,0.2,False
0.1,0.588180909994884,preserved,-0.1,0.1,0.2,0.1,0.2,False
0.1,0.8884597191285108,preserved,-0.1,0.1,0.2,0.1,0.2,False
0.1,-0.7217947798934423,preserved,-0.1,0.1,0.2,0.1,0.2,False
0.1,0.3866736219255136,preserved,-0.1,0.1,0.2,0.1,0.2,False
0.1,-0.8417916323476329,preserved,-0.1,0.1,0.2,0.1,0.2,False
0.1,0.04359429669335335,preserved,-0.1,0.1,0.2,0.1,0.2,False
0.1,0.6804354125476306,preserved,-0.1,0.1,0.2,0.1,0.2,False
0.1,-0.7769751930153768,preserved,-0.1,0.1,0.2,0.1,0.2,False
0.1,0.09688425474414486,preserved,-0.1,0.1,0.2,0.1,0.2,False
0.1,0.4429915850273789,preserved,-0.1,0.1,0.2,0.1,0.2,False
0.1,0.22557220497124408,preserved,-0.1,0.1,0.2,0.1,0.2,False
0.1,-0.8755892952698585,preserved,-0.1,0.1,0.2,0.1,0.2,False
0.1,0.23036258171248747,preserved,-0.1,0.1,0.2,0.1,0.2,False
0.1,0.366564605909824,preserved,-0.1,0.1,0.2,0.1,0.2,False
0.1,0.6575705868014277,preserved,-0.1,0.1,0.2,0.1,0.2,False
0.1,-0.25114894519639175,preserved,-0.1,0.1,0.2,0.1,0.2,False
0.1,0.44486449900321423,preserved,-0.1,0.1,0.2,0.1,0.2,False
0.1,0.3562118114481079,preserved,-0.1,0.1,0.2,0.1,0.2,False
0.1,-0.7738593471613402,preserved,-0.1,0.1,0.2,0.1,0.2,False
0.1,-0.23774158185681382,preserved,-0.1,0.1,0.2,0.1,0.2,False
0.1,-0.6244029760163261,preserved,-0.1,0.1,0.2,0.1,0.2,False
0.1,0.12817241266453872,preserved,-0.1,0.1,0.2,0.1,0.2,False
0.1,0.63694827377485,preserved,-0.1,0.1,0.2,0.1,0.2,False
0.1,0.850989642710668,preserved,-0.1,0.1,0.2,0.1,0.2,False
0.1,-0.42520433839566185,preserved,-0.1,0.1,0.2,0.1,0.2,False
0.1,0.42059323090714007,preserved,-0.1,0.1,0.2,0.1,0.2,False
0.1,-0.7704036097936089,preserved,-0.1,0.1,0.2,0.1,0.2,False
0.1,0.08334815590326605,preserved,-0.1,0.1,0.2,0.1,0.2,False
0.1,-0.7997120578711134,preserved,-0.1,0.1,0.2,0.1,0.2,False
0.1,0.852233204579931,preserved,-0.1,0.1,0.2,0.1,0.2,False
0.1,-0.08098571903154661,preserved,-0.1,0.1,0.2,0.1,0.2,False
0.1,0.0313234654596255,preserved,-0.1,0.1,0.2,0.1,0.2,False
0.1,-0.7673848403253414,preserved,-0.1,0.1,0.2,0.1,0.2,False
0.1,0.8095800026625144,preserved,-0.1,0.1,0.2,0.1,0.2,False
0.1,0.8924407449849374,preserved,-0.1,0.1,0.2,0.1,0.2,False
0.1,0.41731625073671164,preserved,-0.1,0.1,0.2,0.1,0.2,False
0.1,0.9671058225924811,preserved,-0.1,0.1,0.2,0.1,0.2,False
0.1,0.49924912547425393,preserved,-0.1,0.1,0.2,0.1,0.2,False
0.1,-0.4081600594637209,preserved,-0.1,0.1,0.2,0.1,0.2,False
0.1,0.12733306640424824,preserved,-0.1,0.1,0.2,0.1,0.2,False
0.1,-0.6994847909970212,preserved,-0.1,0.1,0.2,0.1,0.2,False
0.1,0.7453874988261173,preserved,-0.1,0.1,0.2,0.1,0.2,False
0.1,-0.39934225455299255,preserved,-0.1,0.1,0.2,0.1,0.2,False
0.1,-0.37106524114965,preserved,-0.1,0.1,0.2,0.1,0.2,False
0.1,-0.3571446153375304,preserved,-0.1,0.1,0.2,0.1,0.2,False
0.1,-0.4875327977896633,preserved,-0.1,0.1,0.2,0.1,0.2,False
0.1,-0.32273704677186443,preserved,-0.1,0.1,0.2,0.1,0.2,False
0.1,-0.7362649934033727,preserved,-0.1,0.1,0.2,0.1,0.2,False
0.1,-0.9412894956554045,preserved,-0.1,0.1,0.2,0.1,0.2,False
0.1,0.949399966465097,preserved,-0.1,0.1,0.2,0.1,0.2,False
0.1,-0.2733239512178338,preserved,-0.1,0.1,0.2,0.1,0.2,False
0.1,0.9832286287329699,preserved,-0.1,0.1,0.2,0.1,0.2,False
0.1,0.3754439151517126,preserved,-0.1,0.1,0.2,0.1,0.2,False
0.1,0.6312802355192311,preserved,-0.1,0.1,0.2,0.1,0.2,False
0.1,-0.7603765281526325,preserved,-0.1,0.1,0.2,0.1,0.2,False
0.1,-0.05535833868556783,preserved,-0.1,0.1,0.2,0.1,0.2,False
0.1,-0.6925309283603391,preserved,-0.1,0.1,0.2,0.1,0.2,False
0.1,-0.17411408655593763,preserved,-0.1,0.1,0.2,0.1,0.2,False
0.1,-0.7958049962626723,preserved,-0.1,0.1,0.2,0.1,0.2,False
0.1,0.04765784277307872,preserved,-0.1,0.1,0.2,0.1,0.2,False
0.1,0.6191924548505301,preserved,-0.1,0.1,0.2,0.1,0.2,False
0.1,0.7977561645815587,preserved,-0.1,0.1,0.2,0.1,0.2,False
0.1,0.7928248796583686,preserved,-0.1,0.1,0.2,0.1,0.2,False
0.1,0.6112099965971571,preserved,-0.1,0.1,0.2,0.1,0.2,False
0.1,0.38201691095848567,preserved,-0.1,0.1,0.2,0.1,0.2,False
0.1,-0.35291483651274436,preserved,-0.1,0.1,0.2,0.1,0.2,False
0.1,-0.7636674087551842,preserved,-0.1,0.1,0.2,0.1,0.2,False
0.1,0.2052439862300759,preserved,-0.1,0.1,0.2,0.1,0.2,False
0.1,-0.6789095345535539,preserved,-0.1,0.1,0.2,0.1,0.2,False
0.1,0.3760127744590034,preserved,-0.1,0.1,0.2,0.1,0.2,False
0.1,-0.929645204974815,preserved,-0.1,0.1,0.2,0.1,0.2,False
0.1,0.9764288325282982,preserved,-0.1,0.1,0.2,0.1,0.2,False
0.1,0.4630115882449697,preserved,-0.1,0.1,0.2,0.1,0.2,False
0.1,-0.6449326440940126,preserved,-0.1,0.1,0.2,0.1,0.2,False
0.1,-0.6625333869505821,preserved,-0.1,0.1,0.2,0.1,0.2,False
0.1,-0.9561146194240329,preserved,-0.1,0.1,0.2,0.1,0.2,False
0.1,-0.8786167140913206,preserved,-0.1,0.1,0.2,0.1,0.2,False
0.1,0.26025557277455635,preserved,-0.1,0.1,0.2,0.1,0.2,False
0.1,0.8875272581262805,preserved,-0.1,0.1,0.2,0.1,0.2,False
0.1,0.8357910311198082,preserved,-0.1,0.1,0.2,0.1,0.2,False
0.1,0.8716453143174834,preserved,-0.1,0.1,0.2,0.1,0.2,False
0.1,-0.9421740852283209,preserved,-0.1,0.1,0.2,0.1,0.2,False
0.1,0.4992893000910221,preserved,-0.1,0.1,0.2,0.1,0.2,False
0.1,0.056483498876022775,preserved,-0.1,0.1,0.2,0.1,0.2,False
0.1,-0.5542594545316981,preserved,-0.1,0.1,0.2,0.1,0.2,False
0.1,0.4527163386220667,preserved,-0.1,0.1,0.2,0.1,0.2,False
0.1,-0.09124005371828181,preserved,-0.1,0.1,0.2,0.1,0.2,False
0.1,-0.9723280882765233,preserved,-0.1,0.1,0.2,0.1,0.2,False
0.1,-0.9595965600016509,preserved,-0.1,0.1,0.2,0.1,0.2,False
0.1,0.6811286228637581,preserved,-0.1,0.1,0.2,0.1,0.2,False
0.1,-0.6305426582080407,preserved,-0.1,0.1,0.2,0.1,0.2,False
0.1,0.27751928673165605,preserved,-0.1,0.1,0.2,0.1,0.2,False
0.1,-0.43799329170498935,preserved,-0.1,0.1,0.2,0.1,0.2,False
0.1,0.7407965863974528,preserved,-0.1,0.1,0.2,0.1,0.2,False
0.1,-0.5050683075077049,preserved,-0.1,0.1,0.2,0.1,0.2,False
0.1,0.17518316972415682,preserved,-0.1,0.1,0.2,0.1,0.2,False
0.1,0.15634082984207964,preserved,-0.1,0.1,0.2,0.1,0.2,False
0.1,-0.3313452221469564,preserved,-0.1,0.1,0.2,0.1,0.2,False
0.1,-0.060836377829430965,preserved,-0.1,0.1,0.2,0.1,0.2,False
0.1,0.6149836815194409,preserved,-0.1,0.1,0.2,0.1,0.2,False
0.1,-0.3799394874654398,preserved,-0.1,0.1,0.2,0.1,0.2,False
0.1,-0.5998178362496549,preserved,-0.1,0.1,0.2,0.1,0.2,False
0.1,-0.05388956507324738,preserved,-0.1,0.1,0.2,0.1,0.2,False
0.1,-0.4296790841221696,preserved,-0.1,0.1,0.2,0.1,0.2,False
0.1,0.8689320215151528,preserved,-0.1,0.1,0.2,0.1,0.2,False
0.1,0.4015159674383897,preserved,-0.1,0.1,0.2,0.1,0.2,False
0.1,0.47968333099846316,preserved,-0.1,0.1,0.2,0.1,0.2,False
0.1,-0.9584047822053783,preserved,-0.1,0.1,0.2,0.1,0.2,False
0.1,-0.9252374598718902,preserved,-0.1,0.1,0.2,0.1,0.2,False
0.1,-0.989298996773726,preserved,-0.1,0.1,0.2,0.1,0.2,False
0.1,0.6023595526594803,preserved,-0.1,0.1,0.2,0.1,0.2,False
0.1,0.50112674891195,preserved,-0.1,0.1,0.2,0.1,0.2,False
0.1,-0.34301449230510705,preserved,-0.1,0.1,0.2,0.1,0.2,False
0.1,-0.9678456411950984,preserved,-0.1,0.1,0.2,0.1,0.2,False
0.1,0.013842838957736303,preserved,-0.1,0.1,0.2,0.1,0.2,False
0.1,-0.5756454273521052,preserved,-0.1,0.1,0.2,0.1,0.2,False
0.1,-0.36061337417963935,preserved,-0.1,0.1,0.2,0.1,0.2,False
0.1,-0.5041963236166997,preserved,-0.1,0.1,0.2,0.1,0.2,False
0.1,0.48285046000332743,preserved,-0.1,0.1,0.2,0.1,0.2,False
0.1,0.7464557795245894,preserved,-0.1,0.1,0.2,0.1,0.2,False
0.1,0.30620170540079217,preserved,-0.1,0.1,0.2,0.1,0.2,False
0.1,0.3039364571559997,preserved,-0.1,0.1,0.2,0.1,0.2,False
0.1,0.09259095037883447,preserved,-0.1,0.1,0.2,0.1,0.2,False
0.1,0.23558652599215324,preserved,-0.1,0.1,0.2,0.1,0.2,False
0.1,-0.862069360652139,preserved,-0.1,0.1,0.2,0.1,0.2,False
0.1,0.3707328221673134,preserved,-0.1,0.1,0.2,0.1,0.2,False
0.1,-0.791727534157705,preserved,-0.1,0.1,0.2,0.1,0.2,False
0.1,-0.13735888748983616,preserved,-0.1,0.1,0.2,0.1,0.2,False
0.1,0.15485034001520592,preserved,-0.1,0.1,0.2,0.1,0.2,False
0.1,0.5012253339975778,preserved,-0.1,0.1,0.2,0.1,0.2,False
0.1,0.7739052260105901,preserved,-0.1,0.1,0.2,0.1,0.2,False
0.1,0.46236524230627474,preserved,-0.1,0.1,0.2,0.1,0.2,False
0.1,0.6155228312052421,preserved,-0.1,0.1,0.2,0.1,0.2,False
0.1,0.1484836835988692,preserved,-0.1,0.1,0.2,0.1,0.2,False
0.1,-0.7791859424571712,preserved,-0.1,0.1,0.2,0.1,0.2,False
0.1,0.9779579986164688,preserved,-0.1,0.1,0.2,0.1,0.2,False
0.1,-0.9055581133516195,preserved,-0.1,0.1,0.2,0.1,0.2,False
0.1,-0.34501955726892186,preserved,-0.1,0.1,0.2,0.1,0.2,False
0.1,0.33429119879228564,preserved,-0.1,0.1,0.2,0.1,0.2,False
0.1,0.1822361587399839,preserved,-0.1,0.1,0.2,0.1,0.2,False
0.1,0.38814373102906474,preserved,-0.1,0.1,0.2,0.1,0.2,False
0.1,-0.04383334144119866,preserved,-0.1,0.1,0.2,0.1,0.2,False
0.1,0.4489084697508863,preserved,-0.1,0.1,0.2,0.1,0.2,False
0.1,0.20867536968170053,preserved,-0.1,0.1,0.2,0.1,0.2,False
0.1,0.9570180071418772,preserved,-0.1,0.1,0.2,0.1,0.2,False
0.1,-0.6593357511484534,preserved,-0.1,0.1,0.2,0.1,0.2,False
0.1,-0.4882448635448178,preserved,-0.1,0.1,0.2,0.1,0.2,False
0.1,-0.9376303373764001,preserved,-0.1,0.1,0.2,0.1,0.2,False
0.1,-0.12881517729272995,preserved,-0.1,0.1,0.2,0.1,0.2,False
0.1,-0.6510700574819994,preserved,-0.1,0.1,0.2,0.1,0.2,False
0.1,-0.10251441744672807,preserved,-0.1,0.1,0.2,0.1,0.2,False
0.1,0.959825575249114,preserved,-0.1,0.1,0.2,0.1,0.2,False
0.1,0.07418140961152409,preserved,-0.1,0.1,0.2,0.1,0.2,False
0.1,0.5291365758836162,preserved,-0.1,0.1,0.2,0.1,0.2,False
0.1,0.961965348254235,preserved,-0.1,0.1,0.2,0.1,0.2,False
0.1,0.9373125880619537,preserved,-0.1,0.1,0.2,0.1,0.2,False
0.1,0.9329693660055711,preserved,-0.1,0.1,0.2,0.1,0.2,False
0.1,-0.3604623549487125,preserved,-0.1,0.1,0.2,0.1,0.2,False
0.1,0.4553969551137096,preserved,-0.1,0.1,0.2,0.1,0.2,False
0.1,0.4023614249712628,preserved,-0.1,0.1,0.2,0.1,0.2,False
0.1,-0.6245530065190772,preserved,-0.1,0.1,0.2,0.1,0.2,False
0.1,-0.8830529746459226,preserved,-0.1,0.1,0.2,0.1,0.2,False
0.1,-0.94595268765798,preserved,-0.1,0.1,0.2,0.1,0.2,False
0.1,0.024679492901452216,preserved,-0.1,0.1,0.2,0.1,0.2,False
0.1,-0.088359890069025,preserved,-0.1,0.1,0.2,0.1,0.2,False
0.1,-0.7905920353695408,preserved,-0.1,0.1,0.2,0.1,0.2,False
0.1,0.023639382588547697,preserved,-0.1,0.1,0.2,0.1,0.2,False
0.1,0.982166459196181,preserved,-0.1,0.1,0.2,0.1,0.2,False
0.1,-0.1794978071694724,preserved,-0.1,0.1,0.2,0.1,0.2,False
0.1,0.05138513163268077,preserved,-0.1,0.1,0.2,0.1,0.2,False
0.1,0.21650207918539022,preserved,-0.1,0.1,0.2,0.1,0.2,False
0.1,0.1643578273965367,preserved,-0.1,0.1,0.2,0.1,0.2,False
0.1,-0.02975693595070772,preserved,-0.1,0.1,0.2,0.1,0.2,False
0.1,-0.5179147945713967,preserved,-0.1,0.1,0.2,0.1,0.2,False
0.1,-0.4659572306168702,preserved,-0.1,0.1,0.2,0.1,0.2,False
0.1,-0.8353093229547945,preserved,-0.1,0.1,0.2,0.1,0.2,False
0.1,-0.9904402568805826,preserved,-0.1,0.1,0.2,0.1,0.2,False
0.1,-0.7214013813439157,preserved,-0.1,0.1,0.2,0.1,0.2,False
0.1,0.7158877279811191,preserved,-0.1,0.1,0.2,0.1,0.2,False
0.1,-0.5825335143095172,preserved,-0.1,0.1,0.2,0.1,0.2,False
0.1,-0.9122989114063498,preserved,-0.1,0.1,0.2,0.1,0.2,False
0.1,0.7826675562158611,preserved,-0.1,0.1,0.2,0.1,0.2,False
0.1,-0.8799352982242197,preserved,-0.1,0.1,0.2,0.1,0.2,False
0.1,-0.4590472113813513,preserved,-0.1,0.1,0.2,0.1,0.2,False
0.1,-0.3935274643408879,preserved,-0.1,0.1,0.2,0.1,0.2,False
0.1,-0.3050644130638338,preserved,-0.1,0.1,0.2,0.1,0.2,False
0.1,0.9756345000384372,preserved,-0.1,0.1,0.2,0.1,0.2,False
0.1,-0.4841436773691148,preserved,-0.1,0.1,0.2,0.1,0.2,False
0.1,0.6109333377560109,preserved,-0.1,0.1,0.2,0.1,0.2,False
0.1,-0.36112120211154464,preserved,-0.1,0.1,0.2,0.1,0.2,False
0.1,-0.9195593529954582,preserved,-0.1,0.1,0.2,0.1,0.2,False
0.1,-0.033591703755498026,preserved,-0.1,0.1,0.2,0.1,0.2,False
0.1,-0.7134608131887408,preserved,-0.1,0.1,0.2,0.1,0.2,False
0.1,0.5045738714096033,preserved,-0.1,0.1,0.2,0.1,0.2,False
0.1,-0.013195024974247183,preserved,-0.1,0.1,0.2,0.1,0.2,False
0.1,0.7467292662982177,preserved,-0.1,0.1,0.2,0.1,0.2,False
0.1,-0.9938471002681235,preserved,-0.1,0.1,0.2,0.1,0.2,False
0.1,-0.4537991983560139,preserved,-0.1,0.1,0.2,0.1,0.2,False
0.1,-0.20361823692398828,preserved,-0.1,0.1,0.2,0.1,0.2,False
0.1,0.6174436848319538,preserved,-0.1,0.1,0.2,0.1,0.2,False
0.1,0.6535812108539447,preserved,-0.1,0.1,0.2,0.1,0.2,False
0.1,0.7134506408033354,preserved,-0.1,0.1,0.2,0.1,0.2,False
0.1,0.6001290967526867,preserved,-0.1,0.1,0.2,0.1,0.2,False
0.1,-0.49025711800940064,preserved,-0.1,0.1,0.2,0.1,0.2,False
0.1,0.7559692744334419,preserved,-0.1,0.1,0.2,0.1,0.2,False
0.1,-0.8647693131039396,preserved,-0.1,0.1,0.2,0.1,0.2,False
0.1,-0.8782127225733025,preserved,-0.1,0.1,0.2,0.1,0.2,False
0.1,-0.74220958377971,preserved,-0.1,0.1,0.2,0.1,0.2,False
0.1,0.5546801620039938,preserved,-0.1,0.1,0.2,0.1,0.2,False
0.1,-0.13226387804147488,preserved,-0.1,0.1,0.2,0.1,0.2,False
0.1,-0.054637333139272215,preserved,-0.1,0.1,0.2,0.1,0.2,False
0.1,-0.8471425585027148,preserved,-0.1,0.1,0.2,0.1,0.2,False
0.1,-0.41417475019221817,preserved,-0.1,0.1,0.2,0.1,0.2,False
0.1,-0.8159955098194414,preserved,-0.1,0.1,0.2,0.1,0.2,False
0.1,-0.25532141547635634,preserved,-0.1,0.1,0.2,0.1,0.2,False
0.1,-0.9314839282301115,preserved,-0.1,0.1,0.2,0.1,0.2,False
0.1,0.5803536740897037,preserved,-0.1,0.1,0.2,0.1,0.2,False
0.1,0.16057808325633105,preserved,-0.1,0.1,0.2,0.1,0.2,False
0.1,0.8085196289216001,preserved,-0.1,0.1,0.2,0.1,0.2,False
0.1,-0.5195919303586216,preserved,-0.1,0.1,0.2,0.1,0.2,False
0.1,0.614769128149063,preserved,-0.1,0.1,0.2,0.1,0.2,False
0.1,0.3467240960619664,preserved,-0.1,0.1,0.2,0.1,0.2,False
0.1,-0.8738694721656846,preserved,-0.1,0.1,0.2,0.1,0.2,False
0.1,-0.8768980984371233,preserved,-0.1,0.1,0.2,0.1,0.2,False
0.1,-0.9426190194911324,preserved,-0.1,0.1,0.2,0.1,0.2,False
0.1,-0.11762990382534722,preserved,-0.1,0.1,0.2,0.1,0.2,False
0.1,0.03590730176805246,preserved,-0.1,0.1,0.2,0.1,0.2,False
0.1,0.5292639486415975,preserved,-0.1,0.1,0.2,0.1,0.2,False
0.1,-0.03456627661583922,preserved,-0.1,0.1,0.2,0.1,0.2,False
0.1,0.33123964606971623,preserved,-0.1,0.1,0.2,0.1,0.2,False
0.1,0.9462100436622727,preserved,-0.1,0.1,0.2,0.1,0.2,False
0.1,-0.883919432009695,preserved,-0.1,0.1,0.2,0.1,0.2,False
0.1,0.206602639749909,preserved,-0.1,0.1,0.2,0.1,0.2,False
0.1,0.7004356166108925,preserved,-0.1,0.1,0.2,0.1,0.2,False
0.1,0.2987045559516097,preserved,-0.1,0.1,0.2,0.1,0.2,False
0.1,0.8723432550569736,preserved,-0.1,0.1,0.2,0.1,0.2,False
0.1,0.04872954790486239,preserved,-0.1,0.1,0.2,0.1,0.2,False
0.1,-0.4183664237889042,preserved,-0.1,0.1,0.2,0.1,0.2,False
0.1,-0.04330574634974571,preserved,-0.1,0.1,0.2,0.1,0.2,False
0.1,0.2277508176649099,preserved,-0.1,0.1,0.2,0.1,0.2,False
0.1,0.20316868026963708,preserved,-0.1,0.1,0.2,0.1,0.2,False
0.1,-0.5370325830982052,preserved,-0.1,0.1,0.2,0.1,0.2,False
0.1,0.7809305990709567,preserved,-0.1,0.1,0.2,0.1,0.2,False
0.1,0.586432210198709,preserved,-0.1,0.1,0.2,0.1,0.2,False
0.1,-0.5250904950416022,preserved,-0.1,0.1,0.2,0.1,0.2,False
0.1,-0.4953333563000242,preserved,-0.1,0.1,0.2,0.1,0.2,False
0.1,0.6286607263860395,preserved,-0.1,0.1,0.2,0.1,0.2,False
0.1,-0.4262885984918767,preserved,-0.1,0.1,0.2,0.1,0.2,False
0.1,-0.9630091196168555,preserved,-0.1,0.1,0.2,0.1,0.2,False
0.1,-0.3472563717483239,preserved,-0.1,0.1,0.2,0.1,0.2,False
0.1,-0.12097876525694007,preserved,-0.1,0.1,0.2,0.1,0.2,False
0.1,-0.3797544670221964,preserved,-0.1,0.1,0.2,0.1,0.2,False
0.1,-0.8092690605049111,preserved,-0.1,0.1,0.2,0.1,0.2,False
0.1,-0.514989824020978,preserved,-0.1,0.1,0.2,0.1,0.2,False
0.1,0.03563477429771034,preserved,-0.1,0.1,0.2,0.1,0.2,False
0.1,0.06790706752885267,preserved,-0.1,0.1,0.2,0.1,0.2,False
0.1,0.11399133373762682,preserved,-0.1,0.1,0.2,0.1,0.2,False
0.1,0.9034141116908814,preserved,-0.1,0.1,0.2,0.1,0.2,False
0.1,0.03693266424853525,preserved,-0.1,0.1,0.2,0.1,0.2,False
0.1,0.8023900279333802,preserved,-0.1,0.1,0.2,0.1,0.2,False
0.1,0.30332077058887075,preserved,-0.1,0.1,0.2,0.1,0.2,False
0.1,-0.65565811811642,preserved,-0.1,0.1,0.2,0.1,0.2,False
0.1,0.44551241129406716,preserved,-0.1,0.1,0.2,0.1,0.2,False
0.1,0.18630459900989127,preserved,-0.1,0.1,0.2,0.1,0.2,False
0.1,0.8545851709413168,preserved,-0.1,0.1,0.2,0.1,0.2,False
0.1,0.8704090045858732,preserved,-0.1,0.1,0.2,0.1,0.2,False
0.1,0.8842770298225675,preserved,-0.1,0.1,0.2,0.1,0.2,False
0.1,-0.37084973350439254,preserved,-0.1,0.1,0.2,0.1,0.2,False
0.1,0.301070576940242,preserved,-0.1,0.1,0.2,0.1,0.2,False
0.1,0.3768921766266313,preserved,-0.1,0.1,0.2,0.1,0.2,False
0.1,0.6600142485340506,preserved,-0.1,0.1,0.2,0.1,0.2,False
0.1,0.6612689553188362,preserved,-0.1,0.1,0.2,0.1,0.2,False
0.1,-0.8293240255494574,preserved,-0.1,0.1,0.2,0.1,0.2,False
0.1,0.2449057967075028,preserved,-0.1,0.1,0.2,0.1,0.2,False
0.1,-0.7745749305068252,preserved,-0.1,0.1,0.2,0.1,0.2,False
0.1,-0.4619195149725499,preserved,-0.1,0.1,0.2,0.1,0.2,False
0.1,0.6565658815214626,preserved,-0.1,0.1,0.2,0.1,0.2,False
0.1,-0.8430084594333682,preserved,-0.1,0.1,0.2,0.1,0.2,False
0.1,-0.3351958301963558,preserved,-0.1,0.1,0.2,0.1,0.2,False
0.1,0.32887026483899384,preserved,-0.1,0.1,0.2,0.1,0.2,False
0.1,-0.830543583804974,preserved,-0.1,0.1,0.2,0.1,0.2,False
0.1,-0.6302570442964723,preserved,-0.1,0.1,0.2,0.1,0.2,False
0.1,0.7784696488506186,preserved,-0.1,0.1,0.2,0.1,0.2,False
0.1,-0.4279548184801911,preserved,-0.1,0.1,0.2,0.1,0.2,False
0.1,0.9120793438807098,preserved,-0.1,0.1,0.2,0.1,0.2,False
0.1,-0.07583080840905687,preserved,-0.1,0.1,0.2,0.1,0.2,False
0.1,-0.6550116994131285,preserved,-0.1,0.1,0.2,0.1,0.2,False
0.1,-0.13219114935368648,preserved,-0.1,0.1,0.2,0.1,0.2,False
0.1,-0.8972825827465538,preserved,-0.1,0.1,0.2,0.1,0.2,False
0.1,-0.2896797115832579,preserved,-0.1,0.1,0.2,0.1,0.2,False
0.1,0.4099059260200266,preserved,-0.1,0.1,0.2,0.1,0.2,False
0.1,-0.17836041025844174,preserved,-0.1,0.1,0.2,0.1,0.2,False
0.1,0.25612427607838995,preserved,-0.1,0.1,0.2,0.1,0.2,False
0.1,-0.4121547920740345,preserved,-0.1,0.1,0.2,0.1,0.2,False
0.1,0.6969316347102041,preserved,-0.1,0.1,0.2,0.1,0.2,False
0.1,-0.6618327826471604,preserved,-0.1,0.1,0.2,0.1,0.2,False
0.1,-0.5935810306368945,preserved,-0.1,0.1,0.2,0.1,0.2,False
0.1,-0.107613280944308,preserved,-0.1,0.1,0.2,0.1,0.2,False
0.1,-0.3709318872037015,preserved,-0.1,0.1,0.2,0.1,0.2,False
0.1,-0.4162961281524351,preserved,-0.1,0.1,0.2,0.1,0.2,False
0.1,0.7819777882107342,preserved,-0.1,0.1,0.2,0.1,0.2,False
0.1,0.7553200969203957,preserved,-0.1,0.1,0.2,0.1,0.2,False
0.1,0.08323407740455457,preserved,-0.1,0.1,0.2,0.1,0.2,False
0.1,0.6064435820788143,preserved,-0.1,0.1,0.2,0.1,0.2,False
0.1,-0.48612357931526695,preserved,-0.1,0.1,0.2,0.1,0.2,False
0.1,0.284729981605103,preserved,-0.1,0.1,0.2,0.1,0.2,False
0.1,0.3058778108174631,preserved,-0.1,0.1,0.2,0.1,0.2,False
0.1,0.8678178717640825,preserved,-0.1,0.1,0.2,0.1,0.2,False
0.1,-0.01848727101563763,preserved,-0.1,0.1,0.2,0.1,0.2,False
0.1,-0.2276537482813017,preserved,-0.1,0.1,0.2,0.1,0.2,False
0.1,-0.8052048965516636,preserved,-0.1,0.1,0.2,0.1,0.2,False
0.1,-0.3119805227243675,preserved,-0.1,0.1,0.2,0.1,0.2,False
0.1,0.5565122423765823,preserved,-0.1,0.1,0.2,0.1,0.2,False
0.1,-0.6923098378931098,preserved,-0.1,0.1,0.2,0.1,0.2,False
0.1,-0.046267127149039355,preserved,-0.1,0.1,0.2,0.1,0.2,False
0.1,0.9434739060646882,preserved,-0.1,0.1,0.2,0.1,0.2,False
0.1,-0.22580205066451797,preserved,-0.1,0.1,0.2,0.1,0.2,False
0.1,0.5631620328276021,preserved,-0.1,0.1,0.2,0.1,0.2,False
0.1,-0.39505446160689317,preserved,-0.1,0.1,0.2,0.1,0.2,False
0.1,-0.5552558292672138,preserved,-0.1,0.1,0.2,0.1,0.2,False
0.1,0.40620545282353104,preserved,-0.1,0.1,0.2,0.1,0.2,False
0.1,0.40441464633524693,preserved,-0.1,0.1,0.2,0.1,0.2,False
0.1,-0.5382343899971982,preserved,-0.1,0.1,0.2,0.1,0.2,False
0.1,-0.6115790685108822,preserved,-0.1,0.1,0.2,0.1,0.2,False
0.1,0.6776846008471311,preserved,-0.1,0.1,0.2,0.1,0.2,False
0.1,0.8182435444764,preserved,-0.1,0.1,0.2,0.1,0.2,False
0.1,-0.6435235607786318,preserved,-0.1,0.1,0.2,0.1,0.2,False
0.1,0.1627938536119744,preserved,-0.1,0.1,0.2,0.1,0.2,False
0.1,0.7961019877456432,preserved,-0.1,0.1,0.2,0.1,0.2,False
0.1,0.34613121665971436,preserved,-0.1,0.1,0.2,0.1,0.2,False
0.1,0.0477400764146827,preserved,-0.1,0.1,0.2,0.1,0.2,False
0.1,-0.3631160167695553,preserved,-0.1,0.1,0.2,0.1,0.2,False
0.1,-0.58863204247367,preserved,-0.1,0.1,0.2,0.1,0.2,False
0.1,-0.40008712849565065,preserved,-0.1,0.1,0.2,0.1,0.2,False
0.1,0.19559149824914335,preserved,-0.1,0.1,0.2,0.1,0.2,False
0.1,-0.9893605537964882,preserved,-0.1,0.1,0.2,0.1,0.2,False
0.1,-0.977908487846685,preserved,-0.1,0.1,0.2,0.1,0.2,False
0.1,0.9723573385014295,preserved,-0.1,0.1,0.2,0.1,0.2,False
0.1,0.1391384004195173,preserved,-0.1,0.1,0.2,0.1,0.2,False
0.1,-0.4887582780537536,preserved,-0.1,0.1,0.2,0.1,0.2,False
0.1,-0.6770123231190006,preserved,-0.1,0.1,0.2,0.1,0.2,False
0.1,-0.2865175537241236,preserved,-0.1,0.1,0.2,0.1,0.2,False
0.1,0.983998848406159,preserved,-0.1,0.1,0.2,0.1,0.2,False
0.1,-0.9351387260434085,preserved,-0.1,0.1,0.2,0.1,0.2,False
0.1,-0.16034104875501876,preserved,-0.1,0.1,0.2,0.1,0.2,False
0.1,-0.07216292192203322,preserved,-0.1,0.1,0.2,0.1,0.2,False
0.1,-0.7371418121535225,preserved,-0.1,0.1,0.2,0.1,0.2,False
0.1,0.31049579472307687,observational_loss,-0.1,0.1,0.2,0.1,0.0,True
0.1,-0.0544783025156117,observational_loss,-0.1,0.1,0.2,0.1,0.0,True
0.1,-0.12781138912279855,observational_loss,-0.1,0.1,0.2,0.1,0.0,True
0.1,0.5299350613134177,observational_loss,-0.1,0.1,0.2,0.1,0.0,True
0.1,0.38682739000250366,observational_loss,-0.1,0.1,0.2,0.1,0.0,True
0.1,-0.19045053559397296,observational_loss,-0.1,0.1,0.2,0.1,0.0,True
0.1,0.70823724353804,observational_loss,-0.1,0.1,0.2,0.1,0.0,True
0.1,0.8590777916043291,observational_loss,-0.1,0.1,0.2,0.1,0.0,True
0.1,-0.16224522718974566,observational_loss,-0.1,0.1,0.2,0.1,0.0,True
0.1,0.8311837747437014,observational_loss,-0.1,0.1,0.2,0.1,0.0,True
0.1,-0.8310538229127051,observational_loss,-0.1,0.1,0.2,0.1,0.0,True
0.1,0.6116406539533468,observational_loss,-0.1,0.1,0.2,0.1,0.0,True
0.1,-0.41945563763473737,observational_loss,-0.1,0.1,0.2,0.1,0.0,True
0.1,0.6204050729196233,observational_loss,-0.1,0.1,0.2,0.1,0.0,True
0.1,-0.7189943149675428,observational_loss,-0.1,0.1,0.2,0.1,0.0,True
0.1,-0.33178555171797397,observational_loss,-0.1,0.1,0.2,0.1,0.0,True
0.1,0.9051423788519595,observational_loss,-0.1,0.1,0.2,0.1,0.0,True
0.1,0.056915519521514746,observational_loss,-0.1,0.1,0.2,0.1,0.0,True
0.1,0.649876102332339,observational_loss,-0.1,0.1,0.2,0.1,0.0,True
0.1,-0.3622554796800377,observational_loss,-0.1,0.1,0.2,0.1,0.0,True
0.1,-0.02757930366150152,observational_loss,-0.1,0.1,0.2,0.1,0.0,True
0.1,0.9062959550759366,observational_loss,-0.1,0.1,0.2,0.1,0.0,True
0.1,0.08979263473561305,observational_loss,-0.1,0.1,0.2,0.1,0.0,True
0.1,0.5810436969343922,observational_loss,-0.1,0.1,0.2,0.1,0.0,True
0.1,0.33351277528201106,observational_loss,-0.1,0.1,0.2,0.1,0.0,True
0.1,0.50021045803603,observational_loss,-0.1,0.1,0.2,0.1,0.0,True
0.1,0.647829676283949,observational_loss,-0.1,0.1,0.2,0.1,0.0,True
0.1,0.2532301034366604,observational_loss,-0.1,0.1,0.2,0.1,0.0,True
0.1,-0.45731192417320954,observational_loss,-0.1,0.1,0.2,0.1,0.0,True
0.1,0.9656692799074889,observational_loss,-0.1,0.1,0.2,0.1,0.0,True
0.1,0.7956682782658702,observational_loss,-0.1,0.1,0.2,0.1,0.0,True
0.1,-0.870113418836362,observational_loss,-0.1,0.1,0.2,0.1,0.0,True
0.1,0.6471733576066463,observational_loss,-0.1,0.1,0.2,0.1,0.0,True
0.1,-0.12258281205750432,observational_loss,-0.1,0.1,0.2,0.1,0.0,True
0.1,-0.7924659681337014,observational_loss,-0.1,0.1,0.2,0.1,0.0,True
0.1,-0.9614538437044982,observational_loss,-0.1,0.1,0.2,0.1,0.0,True
0.1,0.31204629970955255,observational_loss,-0.1,0.1,0.2,0.1,0.0,True
0.1,-0.14035420870731552,observational_loss,-0.1,0.1,0.2,0.1,0.0,True
0.1,-0.03808592435085645,observational_loss,-0.1,0.1,0.2,0.1,0.0,True
0.1,-0.031001603913969555,observational_loss,-0.1,0.1,0.2,0.1,0.0,True
0.1,-0.8829243891653982,observational_loss,-0.1,0.1,0.2,0.1,0.0,True
0.1,0.28145074654754487,observational_loss,-0.1,0.1,0.2,0.1,0.0,True
0.1,0.17575530208529533,observational_loss,-0.1,0.1,0.2,0.1,0.0,True
0.1,0.5869151184415577,observational_loss,-0.1,0.1,0.2,0.1,0.0,True
0.1,-0.5263150616207499,observational_loss,-0.1,0.1,0.2,0.1,0.0,True
0.1,0.12658518870624014,observational_loss,-0.1,0.1,0.2,0.1,0.0,True
0.1,-0.05105663381821013,observational_loss,-0.1,0.1,0.2,0.1,0.0,True
0.1,-0.8536492355351997,observational_loss,-0.1,0.1,0.2,0.1,0.0,True
0.1,0.5910251531573292,observational_loss,-0.1,0.1,0.2,0.1,0.0,True
0.1,0.7152698353286933,observational_loss,-0.1,0.1,0.2,0.1,0.0,True
0.1,-0.15599102732261771,observational_loss,-0.1,0.1,0.2,0.1,0.0,True
0.1,-0.8452088463348866,observational_loss,-0.1,0.1,0.2,0.1,0.0,True
0.1,-0.214495034172401,observational_loss,-0.1,0.1,0.2,0.1,0.0,True
0.1,0.4127483393911855,observational_loss,-0.1,0.1,0.2,0.1,0.0,True
0.1,-0.4137604310991858,observational_loss,-0.1,0.1,0.2,0.1,0.0,True
0.1,0.04633768978265618,observational_loss,-0.1,0.1,0.2,0.1,0.0,True
0.1,-0.9049904282084853,observational_loss,-0.1,0.1,0.2,0.1,0.0,True
0.1,-0.9468006466011301,observational_loss,-0.1,0.1,0.2,0.1,0.0,True
0.1,0.2865572848647602,observational_loss,-0.1,0.1,0.2,0.1,0.0,True
0.1,-0.49246765247474134,observational_loss,-0.1,0.1,0.2,0.1,0.0,True
0.1,0.8039372838760315,observational_loss,-0.1,0.1,0.2,0.1,0.0,True
0.1,0.23854233913248857,observational_loss,-0.1,0.1,0.2,0.1,0.0,True
0.1,-0.22877562371946514,observational_loss,-0.1,0.1,0.2,0.1,0.0,True
0.1,-0.4592651872471767,observational_loss,-0.1,0.1,0.2,0.1,0.0,True
0.1,-0.7334459835031455,observational_loss,-0.1,0.1,0.2,0.1,0.0,True
0.1,0.7849792272104572,observational_loss,-0.1,0.1,0.2,0.1,0.0,True
0.1,0.9963682238696876,observational_loss,-0.1,0.1,0.2,0.1,0.0,True
0.1,0.5255374282782288,observational_loss,-0.1,0.1,0.2,0.1,0.0,True
0.1,0.6189325177054181,observational_loss,-0.1,0.1,0.2,0.1,0.0,True
0.1,0.2784174392851164,observational_loss,-0.1,0.1,0.2,0.1,0.0,True
0.1,-0.5449187503356108,observational_loss,-0.1,0.1,0.2,0.1,0.0,True
0.1,0.5821306509718223,observational_loss,-0.1,0.1,0.2,0.1,0.0,True
0.1,0.8169298964431191,observational_loss,-0.1,0.1,0.2,0.1,0.0,True
0.1,0.6344540015152722,observational_loss,-0.1,0.1,0.2,0.1,0.0,True
0.1,-0.0679971724109083,observational_loss,-0.1,0.1,0.2,0.1,0.0,True
0.1,0.4797205691252253,observational_loss,-0.1,0.1,0.2,0.1,0.0,True
0.1,0.7458717976560796,observational_loss,-0.1,0.1,0.2,0.1,0.0,True
0.1,0.8928117786822543,observational_loss,-0.1,0.1,0.2,0.1,0.0,True
0.1,-0.605839376454282,observational_loss,-0.1,0.1,0.2,0.1,0.0,True
0.1,0.35641051629417264,observational_loss,-0.1,0.1,0.2,0.1,0.0,True
0.1,-0.07828174675552124,observational_loss,-0.1,0.1,0.2,0.1,0.0,True
0.1,0.04802168304651522,observational_loss,-0.1,0.1,0.2,0.1,0.0,True
0.1,-0.08759571965009272,observational_loss,-0.1,0.1,0.2,0.1,0.0,True
0.1,-0.4592879410994537,observational_loss,-0.1,0.1,0.2,0.1,0.0,True
0.1,-0.4791975823807606,observational_loss,-0.1,0.1,0.2,0.1,0.0,True
0.1,-0.46088016473893445,observational_loss,-0.1,0.1,0.2,0.1,0.0,True
0.1,0.13025123921138504,observational_loss,-0.1,0.1,0.2,0.1,0.0,True
0.1,0.9357666605760042,observational_loss,-0.1,0.1,0.2,0.1,0.0,True
0.1,0.7992196548412991,observational_loss,-0.1,0.1,0.2,0.1,0.0,True
0.1,0.48812365962949245,observational_loss,-0.1,0.1,0.2,0.1,0.0,True
0.1,0.5577525197458773,observational_loss,-0.1,0.1,0.2,0.1,0.0,True
0.1,-0.6607378978230116,observational_loss,-0.1,0.1,0.2,0.1,0.0,True
0.1,0.47164107896492813,observational_loss,-0.1,0.1,0.2,0.1,0.0,True
0.1,-0.30950064143013334,observational_loss,-0.1,0.1,0.2,0.1,0.0,True
0.1,0.006150742417380561,observational_loss,-0.1,0.1,0.2,0.1,0.0,True
0.1,-0.4043130656082028,observational_loss,-0.1,0.1,0.2,0.1,0.0,True
0.1,-0.9888145923654321,observational_loss,-0.1,0.1,0.2,0.1,0.0,True
0.1,0.5865227529641686,observational_loss,-0.1,0.1,0.2,0.1,0.0,True
0.1,0.9014214844330504,observational_loss,-0.1,0.1,0.2,0.1,0.0,True
0.1,-0.9072770127610534,observational_loss,-0.1,0.1,0.2,0.1,0.0,True
0.1,-0.22743319749475832,observational_loss,-0.1,0.1,0.2,0.1,0.0,True
0.1,0.04912431712130805,observational_loss,-0.1,0.1,0.2,0.1,0.0,True
0.1,0.8282574348692169,observational_loss,-0.1,0.1,0.2,0.1,0.0,True
0.1,-0.00839759326178946,observational_loss,-0.1,0.1,0.2,0.1,0.0,True
0.1,-0.4534342640622766,observational_loss,-0.1,0.1,0.2,0.1,0.0,True
0.1,0.15866354285373863,observational_loss,-0.1,0.1,0.2,0.1,0.0,True
0.1,0.8471249917027401,observational_loss,-0.1,0.1,0.2,0.1,0.0,True
0.1,0.4341712990684854,observational_loss,-0.1,0.1,0.2,0.1,0.0,True
0.1,-0.5579245254168461,observational_loss,-0.1,0.1,0.2,0.1,0.0,True
0.1,0.8874979969348114,observational_loss,-0.1,0.1,0.2,0.1,0.0,True
0.1,0.45878462494768923,observational_loss,-0.1,0.1,0.2,0.1,0.0,True
0.1,-0.22918533573857847,observational_loss,-0.1,0.1,0.2,0.1,0.0,True
0.1,0.7060350861125313,observational_loss,-0.1,0.1,0.2,0.1,0.0,True
0.1,0.013691044061096669,observational_loss,-0.1,0.1,0.2,0.1,0.0,True
0.1,-0.6679307363934819,observational_loss,-0.1,0.1,0.2,0.1,0.0,True
0.1,0.47627692737809557,observational_loss,-0.1,0.1,0.2,0.1,0.0,True
0.1,-0.8132460696686934,observational_loss,-0.1,0.1,0.2,0.1,0.0,True
0.1,-0.4630246056374723,observational_loss,-0.1,0.1,0.2,0.1,0.0,True
0.1,0.13159075331795367,observational_loss,-0.1,0.1,0.2,0.1,0.0,True
0.1,0.628041926397312,observational_loss,-0.1,0.1,0.2,0.1,0.0,True
0.1,0.3175909861569175,observational_loss,-0.1,0.1,0.2,0.1,0.0,True
0.1,-0.6452120471825318,observational_loss,-0.1,0.1,0.2,0.1,0.0,True
0.1,0.7997939791519331,observational_loss,-0.1,0.1,0.2,0.1,0.0,True
0.1,-0.399954880488093,observational_loss,-0.1,0.1,0.2,0.1,0.0,True
0.1,-0.6150584205536416,observational_loss,-0.1,0.1,0.2,0.1,0.0,True
0.1,0.7551450057242699,observational_loss,-0.1,0.1,0.2,0.1,0.0,True
0.1,0.34391080908622573,observational_loss,-0.1,0.1,0.2,0.1,0.0,True
0.1,-0.07539281140034193,observational_loss,-0.1,0.1,0.2,0.1,0.0,True
0.1,0.3337412174692349,observational_loss,-0.1,0.1,0.2,0.1,0.0,True
0.1,-0.11317642222437074,observational_loss,-0.1,0.1,0.2,0.1,0.0,True
0.1,-0.17109794556340163,observational_loss,-0.1,0.1,0.2,0.1,0.0,True
0.1,0.5085950572324311,observational_loss,-0.1,0.1,0.2,0.1,0.0,True
0.1,-0.861384204995375,observational_loss,-0.1,0.1,0.2,0.1,0.0,True
0.1,0.3811822324470917,observational_loss,-0.1,0.1,0.2,0.1,0.0,True
0.1,-0.905392452819151,observational_loss,-0.1,0.1,0.2,0.1,0.0,True
0.1,0.8898059822179134,observational_loss,-0.1,0.1,0.2,0.1,0.0,True
0.1,-0.5763859333395975,observational_loss,-0.1,0.1,0.2,0.1,0.0,True
0.1,-0.964407319465105,observational_loss,-0.1,0.1,0.2,0.1,0.0,True
0.1,0.26058124299304897,observational_loss,-0.1,0.1,0.2,0.1,0.0,True
0.1,-0.64549181166322,observational_loss,-0.1,0.1,0.2,0.1,0.0,True
0.1,-0.2977129604360824,observational_loss,-0.1,0.1,0.2,0.1,0.0,True
0.1,0.6066154207899217,observational_loss,-0.1,0.1,0.2,0.1,0.0,True
0.1,0.9409205436385051,observational_loss,-0.1,0.1,0.2,0.1,0.0,True
0.1,0.6764918378562408,observational_loss,-0.1,0.1,0.2,0.1,0.0,True
0.1,-0.4894497934337676,observational_loss,-0.1,0.1,0.2,0.1,0.0,True
0.1,-0.218689766073624,observational_loss,-0.1,0.1,0.2,0.1,0.0,True
0.1,0.9103464518063316,observational_loss,-0.1,0.1,0.2,0.1,0.0,True
0.1,0.7634253391195944,observational_loss,-0.1,0.1,0.2,0.1,0.0,True
0.1,-0.6469552796028921,observational_loss,-0.1,0.1,0.2,0.1,0.0,True
0.1,0.3471389638919997,observational_loss,-0.1,0.1,0.2,0.1,0.0,True
0.1,-0.1905422132180956,observational_loss,-0.1,0.1,0.2,0.1,0.0,True
0.1,0.9280162454270979,observational_loss,-0.1,0.1,0.2,0.1,0.0,True
0.1,0.21049316865814816,observational_loss,-0.1,0.1,0.2,0.1,0.0,True
0.1,0.588180909994884,observational_loss,-0.1,0.1,0.2,0.1,0.0,True
0.1,0.8884597191285108,observational_loss,-0.1,0.1,0.2,0.1,0.0,True
0.1,-0.7217947798934423,observational_loss,-0.1,0.1,0.2,0.1,0.0,True
0.1,0.3866736219255136,observational_loss,-0.1,0.1,0.2,0.1,0.0,True
0.1,-0.8417916323476329,observational_loss,-0.1,0.1,0.2,0.1,0.0,True
0.1,0.04359429669335335,observational_loss,-0.1,0.1,0.2,0.1,0.0,True
0.1,0.6804354125476306,observational_loss,-0.1,0.1,0.2,0.1,0.0,True
0.1,-0.7769751930153768,observational_loss,-0.1,0.1,0.2,0.1,0.0,True
0.1,0.09688425474414486,observational_loss,-0.1,0.1,0.2,0.1,0.0,True
0.1,0.4429915850273789,observational_loss,-0.1,0.1,0.2,0.1,0.0,True
0.1,0.22557220497124408,observational_loss,-0.1,0.1,0.2,0.1,0.0,True
0.1,-0.8755892952698585,observational_loss,-0.1,0.1,0.2,0.1,0.0,True
0.1,0.23036258171248747,observational_loss,-0.1,0.1,0.2,0.1,0.0,True
0.1,0.366564605909824,observational_loss,-0.1,0.1,0.2,0.1,0.0,True
0.1,0.6575705868014277,observational_loss,-0.1,0.1,0.2,0.1,0.0,True
0.1,-0.25114894519639175,observational_loss,-0.1,0.1,0.2,0.1,0.0,True
0.1,0.44486449900321423,observational_loss,-0.1,0.1,0.2,0.1,0.0,True
0.1,0.3562118114481079,observational_loss,-0.1,0.1,0.2,0.1,0.0,True
0.1,-0.7738593471613402,observational_loss,-0.1,0.1,0.2,0.1,0.0,True
0.1,-0.23774158185681382,observational_loss,-0.1,0.1,0.2,0.1,0.0,True
0.1,-0.6244029760163261,observational_loss,-0.1,0.1,0.2,0.1,0.0,True
0.1,0.12817241266453872,observational_loss,-0.1,0.1,0.2,0.1,0.0,True
0.1,0.63694827377485,observational_loss,-0.1,0.1,0.2,0.1,0.0,True
0.1,0.850989642710668,observational_loss,-0.1,0.1,0.2,0.1,0.0,True
0.1,-0.42520433839566185,observational_loss,-0.1,0.1,0.2,0.1,0.0,True
0.1,0.42059323090714007,observational_loss,-0.1,0.1,0.2,0.1,0.0,True
0.1,-0.7704036097936089,observational_loss,-0.1,0.1,0.2,0.1,0.0,True
0.1,0.08334815590326605,observational_loss,-0.1,0.1,0.2,0.1,0.0,True
0.1,-0.7997120578711134,observational_loss,-0.1,0.1,0.2,0.1,0.0,True
0.1,0.852233204579931,observational_loss,-0.1,0.1,0.2,0.1,0.0,True
0.1,-0.08098571903154661,observational_loss,-0.1,0.1,0.2,0.1,0.0,True
0.1,0.0313234654596255,observational_loss,-0.1,0.1,0.2,0.1,0.0,True
0.1,-0.7673848403253414,observational_loss,-0.1,0.1,0.2,0.1,0.0,True
0.1,0.8095800026625144,observational_loss,-0.1,0.1,0.2,0.1,0.0,True
0.1,0.8924407449849374,observational_loss,-0.1,0.1,0.2,0.1,0.0,True
0.1,0.41731625073671164,observational_loss,-0.1,0.1,0.2,0.1,0.0,True
0.1,0.9671058225924811,observational_loss,-0.1,0.1,0.2,0.1,0.0,True
0.1,0.49924912547425393,observational_loss,-0.1,0.1,0.2,0.1,0.0,True
0.1,-0.4081600594637209,observational_loss,-0.1,0.1,0.2,0.1,0.0,True
0.1,0.12733306640424824,observational_loss,-0.1,0.1,0.2,0.1,0.0,True
0.1,-0.6994847909970212,observational_loss,-0.1,0.1,0.2,0.1,0.0,True
0.1,0.7453874988261173,observational_loss,-0.1,0.1,0.2,0.1,0.0,True
0.1,-0.39934225455299255,observational_loss,-0.1,0.1,0.2,0.1,0.0,True
0.1,-0.37106524114965,observational_loss,-0.1,0.1,0.2,0.1,0.0,True
0.1,-0.3571446153375304,observational_loss,-0.1,0.1,0.2,0.1,0.0,True
0.1,-0.4875327977896633,observational_loss,-0.1,0.1,0.2,0.1,0.0,True
0.1,-0.32273704677186443,observational_loss,-0.1,0.1,0.2,0.1,0.0,True
0.1,-0.7362649934033727,observational_loss,-0.1,0.1,0.2,0.1,0.0,True
0.1,-0.9412894956554045,observational_loss,-0.1,0.1,0.2,0.1,0.0,True
0.1,0.949399966465097,observational_loss,-0.1,0.1,0.2,0.1,0.0,True
0.1,-0.2733239512178338,observational_loss,-0.1,0.1,0.2,0.1,0.0,True
0.1,0.9832286287329699,observational_loss,-0.1,0.1,0.2,0.1,0.0,True
0.1,0.3754439151517126,observational_loss,-0.1,0.1,0.2,0.1,0.0,True
0.1,0.6312802355192311,observational_loss,-0.1,0.1,0.2,0.1,0.0,True
0.1,-0.7603765281526325,observational_loss,-0.1,0.1,0.2,0.1,0.0,True
0.1,-0.05535833868556783,observational_loss,-0.1,0.1,0.2,0.1,0.0,True
0.1,-0.6925309283603391,observational_loss,-0.1,0.1,0.2,0.1,0.0,True
0.1,-0.17411408655593763,observational_loss,-0.1,0.1,0.2,0.1,0.0,True
0.1,-0.7958049962626723,observational_loss,-0.1,0.1,0.2,0.1,0.0,True
0.1,0.04765784277307872,observational_loss,-0.1,0.1,0.2,0.1,0.0,True
0.1,0.6191924548505301,observational_loss,-0.1,0.1,0.2,0.1,0.0,True
0.1,0.7977561645815587,observational_loss,-0.1,0.1,0.2,0.1,0.0,True
0.1,0.7928248796583686,observational_loss,-0.1,0.1,0.2,0.1,0.0,True
0.1,0.6112099965971571,observational_loss,-0.1,0.1,0.2,0.1,0.0,True
0.1,0.38201691095848567,observational_loss,-0.1,0.1,0.2,0.1,0.0,True
0.1,-0.35291483651274436,observational_loss,-0.1,0.1,0.2,0.1,0.0,True
0.1,-0.7636674087551842,observational_loss,-0.1,0.1,0.2,0.1,0.0,True
0.1,0.2052439862300759,observational_loss,-0.1,0.1,0.2,0.1,0.0,True
0.1,-0.6789095345535539,observational_loss,-0.1,0.1,0.2,0.1,0.0,True
0.1,0.3760127744590034,observational_loss,-0.1,0.1,0.2,0.1,0.0,True
0.1,-0.929645204974815,observational_loss,-0.1,0.1,0.2,0.1,0.0,True
0.1,0.9764288325282982,observational_loss,-0.1,0.1,0.2,0.1,0.0,True
0.1,0.4630115882449697,observational_loss,-0.1,0.1,0.2,0.1,0.0,True
0.1,-0.6449326440940126,observational_loss,-0.1,0.1,0.2,0.1,0.0,True
0.1,-0.6625333869505821,observational_loss,-0.1,0.1,0.2,0.1,0.0,True
0.1,-0.9561146194240329,observational_loss,-0.1,0.1,0.2,0.1,0.0,True
0.1,-0.8786167140913206,observational_loss,-0.1,0.1,0.2,0.1,0.0,True
0.1,0.26025557277455635,observational_loss,-0.1,0.1,0.2,0.1,0.0,True
0.1,0.8875272581262805,observational_loss,-0.1,0.1,0.2,0.1,0.0,True
0.1,0.8357910311198082,observational_loss,-0.1,0.1,0.2,0.1,0.0,True
0.1,0.8716453143174834,observational_loss,-0.1,0.1,0.2,0.1,0.0,True
0.1,-0.9421740852283209,observational_loss,-0.1,0.1,0.2,0.1,0.0,True
0.1,0.4992893000910221,observational_loss,-0.1,0.1,0.2,0.1,0.0,True
0.1,0.056483498876022775,observational_loss,-0.1,0.1,0.2,0.1,0.0,True
0.1,-0.5542594545316981,observational_loss,-0.1,0.1,0.2,0.1,0.0,True
0.1,0.4527163386220667,observational_loss,-0.1,0.1,0.2,0.1,0.0,True
0.1,-0.09124005371828181,observational_loss,-0.1,0.1,0.2,0.1,0.0,True
0.1,-0.9723280882765233,observational_loss,-0.1,0.1,0.2,0.1,0.0,True
0.1,-0.9595965600016509,observational_loss,-0.1,0.1,0.2,0.1,0.0,True
0.1,0.6811286228637581,observational_loss,-0.1,0.1,0.2,0.1,0.0,True
0.1,-0.6305426582080407,observational_loss,-0.1,0.1,0.2,0.1,0.0,True
0.1,0.27751928673165605,observational_loss,-0.1,0.1,0.2,0.1,0.0,True
0.1,-0.43799329170498935,observational_loss,-0.1,0.1,0.2,0.1,0.0,True
0.1,0.7407965863974528,observational_loss,-0.1,0.1,0.2,0.1,0.0,True
0.1,-0.5050683075077049,observational_loss,-0.1,0.1,0.2,0.1,0.0,True
0.1,0.17518316972415682,observational_loss,-0.1,0.1,0.2,0.1,0.0,True
0.1,0.15634082984207964,observational_loss,-0.1,0.1,0.2,0.1,0.0,True
0.1,-0.3313452221469564,observational_loss,-0.1,0.1,0.2,0.1,0.0,True
0.1,-0.060836377829430965,observational_loss,-0.1,0.1,0.2,0.1,0.0,True
0.1,0.6149836815194409,observational_loss,-0.1,0.1,0.2,0.1,0.0,True
0.1,-0.3799394874654398,observational_loss,-0.1,0.1,0.2,0.1,0.0,True
0.1,-0.5998178362496549,observational_loss,-0.1,0.1,0.2,0.1,0.0,True
0.1,-0.05388956507324738,observational_loss,-0.1,0.1,0.2,0.1,0.0,True
0.1,-0.4296790841221696,observational_loss,-0.1,0.1,0.2,0.1,0.0,True
0.1,0.8689320215151528,observational_loss,-0.1,0.1,0.2,0.1,0.0,True
0.1,0.4015159674383897,observational_loss,-0.1,0.1,0.2,0.1,0.0,True
0.1,0.47968333099846316,observational_loss,-0.1,0.1,0.2,0.1,0.0,True
0.1,-0.9584047822053783,observational_loss,-0.1,0.1,0.2,0.1,0.0,True
0.1,-0.9252374598718902,observational_loss,-0.1,0.1,0.2,0.1,0.0,True
0.1,-0.989298996773726,observational_loss,-0.1,0.1,0.2,0.1,0.0,True
0.1,0.6023595526594803,observational_loss,-0.1,0.1,0.2,0.1,0.0,True
0.1,0.50112674891195,observational_loss,-0.1,0.1,0.2,0.1,0.0,True
0.1,-0.34301449230510705,observational_loss,-0.1,0.1,0.2,0.1,0.0,True
0.1,-0.9678456411950984,observational_loss,-0.1,0.1,0.2,0.1,0.0,True
0.1,0.013842838957736303,observational_loss,-0.1,0.1,0.2,0.1,0.0,True
0.1,-0.5756454273521052,observational_loss,-0.1,0.1,0.2,0.1,0.0,True
0.1,-0.36061337417963935,observational_loss,-0.1,0.1,0.2,0.1,0.0,True
0.1,-0.5041963236166997,observational_loss,-0.1,0.1,0.2,0.1,0.0,True
0.1,0.48285046000332743,observational_loss,-0.1,0.1,0.2,0.1,0.0,True
0.1,0.7464557795245894,observational_loss,-0.1,0.1,0.2,0.1,0.0,True
0.1,0.30620170540079217,observational_loss,-0.1,0.1,0.2,0.1,0.0,True
0.1,0.3039364571559997,observational_loss,-0.1,0.1,0.2,0.1,0.0,True
0.1,0.09259095037883447,observational_loss,-0.1,0.1,0.2,0.1,0.0,True
0.1,0.23558652599215324,observational_loss,-0.1,0.1,0.2,0.1,0.0,True
0.1,-0.862069360652139,observational_loss,-0.1,0.1,0.2,0.1,0.0,True
0.1,0.3707328221673134,observational_loss,-0.1,0.1,0.2,0.1,0.0,True
0.1,-0.791727534157705,observational_loss,-0.1,0.1,0.2,0.1,0.0,True
0.1,-0.13735888748983616,observational_loss,-0.1,0.1,0.2,0.1,0.0,True
0.1,0.15485034001520592,observational_loss,-0.1,0.1,0.2,0.1,0.0,True
0.1,0.5012253339975778,observational_loss,-0.1,0.1,0.2,0.1,0.0,True
0.1,0.7739052260105901,observational_loss,-0.1,0.1,0.2,0.1,0.0,True
0.1,0.46236524230627474,observational_loss,-0.1,0.1,0.2,0.1,0.0,True
0.1,0.6155228312052421,observational_loss,-0.1,0.1,0.2,0.1,0.0,True
0.1,0.1484836835988692,observational_loss,-0.1,0.1,0.2,0.1,0.0,True
0.1,-0.7791859424571712,observational_loss,-0.1,0.1,0.2,0.1,0.0,True
0.1,0.9779579986164688,observational_loss,-0.1,0.1,0.2,0.1,0.0,True
0.1,-0.9055581133516195,observational_loss,-0.1,0.1,0.2,0.1,0.0,True
0.1,-0.34501955726892186,observational_loss,-0.1,0.1,0.2,0.1,0.0,True
0.1,0.33429119879228564,observational_loss,-0.1,0.1,0.2,0.1,0.0,True
0.1,0.1822361587399839,observational_loss,-0.1,0.1,0.2,0.1,0.0,True
0.1,0.38814373102906474,observational_loss,-0.1,0.1,0.2,0.1,0.0,True
0.1,-0.04383334144119866,observational_loss,-0.1,0.1,0.2,0.1,0.0,True
0.1,0.4489084697508863,observational_loss,-0.1,0.1,0.2,0.1,0.0,True
0.1,0.20867536968170053,observational_loss,-0.1,0.1,0.2,0.1,0.0,True
0.1,0.9570180071418772,observational_loss,-0.1,0.1,0.2,0.1,0.0,True
0.1,-0.6593357511484534,observational_loss,-0.1,0.1,0.2,0.1,0.0,True
0.1,-0.4882448635448178,observational_loss,-0.1,0.1,0.2,0.1,0.0,True
0.1,-0.9376303373764001,observational_loss,-0.1,0.1,0.2,0.1,0.0,True
0.1,-0.12881517729272995,observational_loss,-0.1,0.1,0.2,0.1,0.0,True
0.1,-0.6510700574819994,observational_loss,-0.1,0.1,0.2,0.1,0.0,True
0.1,-0.10251441744672807,observational_loss,-0.1,0.1,0.2,0.1,0.0,True
0.1,0.959825575249114,observational_loss,-0.1,0.1,0.2,0.1,0.0,True
0.1,0.07418140961152409,observational_loss,-0.1,0.1,0.2,0.1,0.0,True
0.1,0.5291365758836162,observational_loss,-0.1,0.1,0.2,0.1,0.0,True
0.1,0.961965348254235,observational_loss,-0.1,0.1,0.2,0.1,0.0,True
0.1,0.9373125880619537,observational_loss,-0.1,0.1,0.2,0.1,0.0,True
0.1,0.9329693660055711,observational_loss,-0.1,0.1,0.2,0.1,0.0,True
0.1,-0.3604623549487125,observational_loss,-0.1,0.1,0.2,0.1,0.0,True
0.1,0.4553969551137096,observational_loss,-0.1,0.1,0.2,0.1,0.0,True
0.1,0.4023614249712628,observational_loss,-0.1,0.1,0.2,0.1,0.0,True
0.1,-0.6245530065190772,observational_loss,-0.1,0.1,0.2,0.1,0.0,True
0.1,-0.8830529746459226,observational_loss,-0.1,0.1,0.2,0.1,0.0,True
0.1,-0.94595268765798,observational_loss,-0.1,0.1,0.2,0.1,0.0,True
0.1,0.024679492901452216,observational_loss,-0.1,0.1,0.2,0.1,0.0,True
0.1,-0.088359890069025,observational_loss,-0.1,0.1,0.2,0.1,0.0,True
0.1,-0.7905920353695408,observational_loss,-0.1,0.1,0.2,0.1,0.0,True
0.1,0.023639382588547697,observational_loss,-0.1,0.1,0.2,0.1,0.0,True
0.1,0.982166459196181,observational_loss,-0.1,0.1,0.2,0.1,0.0,True
0.1,-0.1794978071694724,observational_loss,-0.1,0.1,0.2,0.1,0.0,True
0.1,0.05138513163268077,observational_loss,-0.1,0.1,0.2,0.1,0.0,True
0.1,0.21650207918539022,observational_loss,-0.1,0.1,0.2,0.1,0.0,True
0.1,0.1643578273965367,observational_loss,-0.1,0.1,0.2,0.1,0.0,True
0.1,-0.02975693595070772,observational_loss,-0.1,0.1,0.2,0.1,0.0,True
0.1,-0.5179147945713967,observational_loss,-0.1,0.1,0.2,0.1,0.0,True
0.1,-0.4659572306168702,observational_loss,-0.1,0.1,0.2,0.1,0.0,True
0.1,-0.8353093229547945,observational_loss,-0.1,0.1,0.2,0.1,0.0,True
0.1,-0.9904402568805826,observational_loss,-0.1,0.1,0.2,0.1,0.0,True
0.1,-0.7214013813439157,observational_loss,-0.1,0.1,0.2,0.1,0.0,True
0.1,0.7158877279811191,observational_loss,-0.1,0.1,0.2,0.1,0.0,True
0.1,-0.5825335143095172,observational_loss,-0.1,0.1,0.2,0.1,0.0,True
0.1,-0.9122989114063498,observational_loss,-0.1,0.1,0.2,0.1,0.0,True
0.1,0.7826675562158611,observational_loss,-0.1,0.1,0.2,0.1,0.0,True
0.1,-0.8799352982242197,observational_loss,-0.1,0.1,0.2,0.1,0.0,True
0.1,-0.4590472113813513,observational_loss,-0.1,0.1,0.2,0.1,0.0,True
0.1,-0.3935274643408879,observational_loss,-0.1,0.1,0.2,0.1,0.0,True
0.1,-0.3050644130638338,observational_loss,-0.1,0.1,0.2,0.1,0.0,True
0.1,0.9756345000384372,observational_loss,-0.1,0.1,0.2,0.1,0.0,True
0.1,-0.4841436773691148,observational_loss,-0.1,0.1,0.2,0.1,0.0,True
0.1,0.6109333377560109,observational_loss,-0.1,0.1,0.2,0.1,0.0,True
0.1,-0.36112120211154464,observational_loss,-0.1,0.1,0.2,0.1,0.0,True
0.1,-0.9195593529954582,observational_loss,-0.1,0.1,0.2,0.1,0.0,True
0.1,-0.033591703755498026,observational_loss,-0.1,0.1,0.2,0.1,0.0,True
0.1,-0.7134608131887408,observational_loss,-0.1,0.1,0.2,0.1,0.0,True
0.1,0.5045738714096033,observational_loss,-0.1,0.1,0.2,0.1,0.0,True
0.1,-0.013195024974247183,observational_loss,-0.1,0.1,0.2,0.1,0.0,True
0.1,0.7467292662982177,observational_loss,-0.1,0.1,0.2,0.1,0.0,True
0.1,-0.9938471002681235,observational_loss,-0.1,0.1,0.2,0.1,0.0,True
0.1,-0.4537991983560139,observational_loss,-0.1,0.1,0.2,0.1,0.0,True
0.1,-0.20361823692398828,observational_loss,-0.1,0.1,0.2,0.1,0.0,True
0.1,0.6174436848319538,observational_loss,-0.1,0.1,0.2,0.1,0.0,True
0.1,0.6535812108539447,observational_loss,-0.1,0.1,0.2,0.1,0.0,True
0.1,0.7134506408033354,observational_loss,-0.1,0.1,0.2,0.1,0.0,True
0.1,0.6001290967526867,observational_loss,-0.1,0.1,0.2,0.1,0.0,True
0.1,-0.49025711800940064,observational_loss,-0.1,0.1,0.2,0.1,0.0,True
0.1,0.7559692744334419,observational_loss,-0.1,0.1,0.2,0.1,0.0,True
0.1,-0.8647693131039396,observational_loss,-0.1,0.1,0.2,0.1,0.0,True
0.1,-0.8782127225733025,observational_loss,-0.1,0.1,0.2,0.1,0.0,True
0.1,-0.74220958377971,observational_loss,-0.1,0.1,0.2,0.1,0.0,True
0.1,0.5546801620039938,observational_loss,-0.1,0.1,0.2,0.1,0.0,True
0.1,-0.13226387804147488,observational_loss,-0.1,0.1,0.2,0.1,0.0,True
0.1,-0.054637333139272215,observational_loss,-0.1,0.1,0.2,0.1,0.0,True
0.1,-0.8471425585027148,observational_loss,-0.1,0.1,0.2,0.1,0.0,True
0.1,-0.41417475019221817,observational_loss,-0.1,0.1,0.2,0.1,0.0,True
0.1,-0.8159955098194414,observational_loss,-0.1,0.1,0.2,0.1,0.0,True
0.1,-0.25532141547635634,observational_loss,-0.1,0.1,0.2,0.1,0.0,True
0.1,-0.9314839282301115,observational_loss,-0.1,0.1,0.2,0.1,0.0,True
0.1,0.5803536740897037,observational_loss,-0.1,0.1,0.2,0.1,0.0,True
0.1,0.16057808325633105,observational_loss,-0.1,0.1,0.2,0.1,0.0,True
0.1,0.8085196289216001,observational_loss,-0.1,0.1,0.2,0.1,0.0,True
0.1,-0.5195919303586216,observational_loss,-0.1,0.1,0.2,0.1,0.0,True
0.1,0.614769128149063,observational_loss,-0.1,0.1,0.2,0.1,0.0,True
0.1,0.3467240960619664,observational_loss,-0.1,0.1,0.2,0.1,0.0,True
0.1,-0.8738694721656846,observational_loss,-0.1,0.1,0.2,0.1,0.0,True
0.1,-0.8768980984371233,observational_loss,-0.1,0.1,0.2,0.1,0.0,True
0.1,-0.9426190194911324,observational_loss,-0.1,0.1,0.2,0.1,0.0,True
0.1,-0.11762990382534722,observational_loss,-0.1,0.1,0.2,0.1,0.0,True
0.1,0.03590730176805246,observational_loss,-0.1,0.1,0.2,0.1,0.0,True
0.1,0.5292639486415975,observational_loss,-0.1,0.1,0.2,0.1,0.0,True
0.1,-0.03456627661583922,observational_loss,-0.1,0.1,0.2,0.1,0.0,True
0.1,0.33123964606971623,observational_loss,-0.1,0.1,0.2,0.1,0.0,True
0.1,0.9462100436622727,observational_loss,-0.1,0.1,0.2,0.1,0.0,True
0.1,-0.883919432009695,observational_loss,-0.1,0.1,0.2,0.1,0.0,True
0.1,0.206602639749909,observational_loss,-0.1,0.1,0.2,0.1,0.0,True
0.1,0.7004356166108925,observational_loss,-0.1,0.1,0.2,0.1,0.0,True
0.1,0.2987045559516097,observational_loss,-0.1,0.1,0.2,0.1,0.0,True
0.1,0.8723432550569736,observational_loss,-0.1,0.1,0.2,0.1,0.0,True
0.1,0.04872954790486239,observational_loss,-0.1,0.1,0.2,0.1,0.0,True
0.1,-0.4183664237889042,observational_loss,-0.1,0.1,0.2,0.1,0.0,True
0.1,-0.04330574634974571,observational_loss,-0.1,0.1,0.2,0.1,0.0,True
0.1,0.2277508176649099,observational_loss,-0.1,0.1,0.2,0.1,0.0,True
0.1,0.20316868026963708,observational_loss,-0.1,0.1,0.2,0.1,0.0,True
0.1,-0.5370325830982052,observational_loss,-0.1,0.1,0.2,0.1,0.0,True
0.1,0.7809305990709567,observational_loss,-0.1,0.1,0.2,0.1,0.0,True
0.1,0.586432210198709,observational_loss,-0.1,0.1,0.2,0.1,0.0,True
0.1,-0.5250904950416022,observational_loss,-0.1,0.1,0.2,0.1,0.0,True
0.1,-0.4953333563000242,observational_loss,-0.1,0.1,0.2,0.1,0.0,True
0.1,0.6286607263860395,observational_loss,-0.1,0.1,0.2,0.1,0.0,True
0.1,-0.4262885984918767,observational_loss,-0.1,0.1,0.2,0.1,0.0,True
0.1,-0.9630091196168555,observational_loss,-0.1,0.1,0.2,0.1,0.0,True
0.1,-0.3472563717483239,observational_loss,-0.1,0.1,0.2,0.1,0.0,True
0.1,-0.12097876525694007,observational_loss,-0.1,0.1,0.2,0.1,0.0,True
0.1,-0.3797544670221964,observational_loss,-0.1,0.1,0.2,0.1,0.0,True
0.1,-0.8092690605049111,observational_loss,-0.1,0.1,0.2,0.1,0.0,True
0.1,-0.514989824020978,observational_loss,-0.1,0.1,0.2,0.1,0.0,True
0.1,0.03563477429771034,observational_loss,-0.1,0.1,0.2,0.1,0.0,True
0.1,0.06790706752885267,observational_loss,-0.1,0.1,0.2,0.1,0.0,True
0.1,0.11399133373762682,observational_loss,-0.1,0.1,0.2,0.1,0.0,True
0.1,0.9034141116908814,observational_loss,-0.1,0.1,0.2,0.1,0.0,True
0.1,0.03693266424853525,observational_loss,-0.1,0.1,0.2,0.1,0.0,True
0.1,0.8023900279333802,observational_loss,-0.1,0.1,0.2,0.1,0.0,True
0.1,0.30332077058887075,observational_loss,-0.1,0.1,0.2,0.1,0.0,True
0.1,-0.65565811811642,observational_loss,-0.1,0.1,0.2,0.1,0.0,True
0.1,0.44551241129406716,observational_loss,-0.1,0.1,0.2,0.1,0.0,True
0.1,0.18630459900989127,observational_loss,-0.1,0.1,0.2,0.1,0.0,True
0.1,0.8545851709413168,observational_loss,-0.1,0.1,0.2,0.1,0.0,True
0.1,0.8704090045858732,observational_loss,-0.1,0.1,0.2,0.1,0.0,True
0.1,0.8842770298225675,observational_loss,-0.1,0.1,0.2,0.1,0.0,True
0.1,-0.37084973350439254,observational_loss,-0.1,0.1,0.2,0.1,0.0,True
0.1,0.301070576940242,observational_loss,-0.1,0.1,0.2,0.1,0.0,True
0.1,0.3768921766266313,observational_loss,-0.1,0.1,0.2,0.1,0.0,True
0.1,0.6600142485340506,observational_loss,-0.1,0.1,0.2,0.1,0.0,True
0.1,0.6612689553188362,observational_loss,-0.1,0.1,0.2,0.1,0.0,True
0.1,-0.8293240255494574,observational_loss,-0.1,0.1,0.2,0.1,0.0,True
0.1,0.2449057967075028,observational_loss,-0.1,0.1,0.2,0.1,0.0,True
0.1,-0.7745749305068252,observational_loss,-0.1,0.1,0.2,0.1,0.0,True
0.1,-0.4619195149725499,observational_loss,-0.1,0.1,0.2,0.1,0.0,True
0.1,0.6565658815214626,observational_loss,-0.1,0.1,0.2,0.1,0.0,True
0.1,-0.8430084594333682,observational_loss,-0.1,0.1,0.2,0.1,0.0,True
0.1,-0.3351958301963558,observational_loss,-0.1,0.1,0.2,0.1,0.0,True
0.1,0.32887026483899384,observational_loss,-0.1,0.1,0.2,0.1,0.0,True
0.1,-0.830543583804974,observational_loss,-0.1,0.1,0.2,0.1,0.0,True
0.1,-0.6302570442964723,observational_loss,-0.1,0.1,0.2,0.1,0.0,True
0.1,0.7784696488506186,observational_loss,-0.1,0.1,0.2,0.1,0.0,True
0.1,-0.4279548184801911,observational_loss,-0.1,0.1,0.2,0.1,0.0,True
0.1,0.9120793438807098,observational_loss,-0.1,0.1,0.2,0.1,0.0,True
0.1,-0.07583080840905687,observational_loss,-0.1,0.1,0.2,0.1,0.0,True
0.1,-0.6550116994131285,observational_loss,-0.1,0.1,0.2,0.1,0.0,True
0.1,-0.13219114935368648,observational_loss,-0.1,0.1,0.2,0.1,0.0,True
0.1,-0.8972825827465538,observational_loss,-0.1,0.1,0.2,0.1,0.0,True
0.1,-0.2896797115832579,observational_loss,-0.1,0.1,0.2,0.1,0.0,True
0.1,0.4099059260200266,observational_loss,-0.1,0.1,0.2,0.1,0.0,True
0.1,-0.17836041025844174,observational_loss,-0.1,0.1,0.2,0.1,0.0,True
0.1,0.25612427607838995,observational_loss,-0.1,0.1,0.2,0.1,0.0,True
0.1,-0.4121547920740345,observational_loss,-0.1,0.1,0.2,0.1,0.0,True
0.1,0.6969316347102041,observational_loss,-0.1,0.1,0.2,0.1,0.0,True
0.1,-0.6618327826471604,observational_loss,-0.1,0.1,0.2,0.1,0.0,True
0.1,-0.5935810306368945,observational_loss,-0.1,0.1,0.2,0.1,0.0,True
0.1,-0.107613280944308,observational_loss,-0.1,0.1,0.2,0.1,0.0,True
0.1,-0.3709318872037015,observational_loss,-0.1,0.1,0.2,0.1,0.0,True
0.1,-0.4162961281524351,observational_loss,-0.1,0.1,0.2,0.1,0.0,True
0.1,0.7819777882107342,observational_loss,-0.1,0.1,0.2,0.1,0.0,True
0.1,0.7553200969203957,observational_loss,-0.1,0.1,0.2,0.1,0.0,True
0.1,0.08323407740455457,observational_loss,-0.1,0.1,0.2,0.1,0.0,True
0.1,0.6064435820788143,observational_loss,-0.1,0.1,0.2,0.1,0.0,True
0.1,-0.48612357931526695,observational_loss,-0.1,0.1,0.2,0.1,0.0,True
0.1,0.284729981605103,observational_loss,-0.1,0.1,0.2,0.1,0.0,True
0.1,0.3058778108174631,observational_loss,-0.1,0.1,0.2,0.1,0.0,True
0.1,0.8678178717640825,observational_loss,-0.1,0.1,0.2,0.1,0.0,True
0.1,-0.01848727101563763,observational_loss,-0.1,0.1,0.2,0.1,0.0,True
0.1,-0.2276537482813017,observational_loss,-0.1,0.1,0.2,0.1,0.0,True
0.1,-0.8052048965516636,observational_loss,-0.1,0.1,0.2,0.1,0.0,True
0.1,-0.3119805227243675,observational_loss,-0.1,0.1,0.2,0.1,0.0,True
0.1,0.5565122423765823,observational_loss,-0.1,0.1,0.2,0.1,0.0,True
0.1,-0.6923098378931098,observational_loss,-0.1,0.1,0.2,0.1,0.0,True
0.1,-0.046267127149039355,observational_loss,-0.1,0.1,0.2,0.1,0.0,True
0.1,0.9434739060646882,observational_loss,-0.1,0.1,0.2,0.1,0.0,True
0.1,-0.22580205066451797,observational_loss,-0.1,0.1,0.2,0.1,0.0,True
0.1,0.5631620328276021,observational_loss,-0.1,0.1,0.2,0.1,0.0,True
0.1,-0.39505446160689317,observational_loss,-0.1,0.1,0.2,0.1,0.0,True
0.1,-0.5552558292672138,observational_loss,-0.1,0.1,0.2,0.1,0.0,True
0.1,0.40620545282353104,observational_loss,-0.1,0.1,0.2,0.1,0.0,True
0.1,0.40441464633524693,observational_loss,-0.1,0.1,0.2,0.1,0.0,True
0.1,-0.5382343899971982,observational_loss,-0.1,0.1,0.2,0.1,0.0,True
0.1,-0.6115790685108822,observational_loss,-0.1,0.1,0.2,0.1,0.0,True
0.1,0.6776846008471311,observational_loss,-0.1,0.1,0.2,0.1,0.0,True
0.1,0.8182435444764,observational_loss,-0.1,0.1,0.2,0.1,0.0,True
0.1,-0.6435235607786318,observational_loss,-0.1,0.1,0.2,0.1,0.0,True
0.1,0.1627938536119744,observational_loss,-0.1,0.1,0.2,0.1,0.0,True
0.1,0.7961019877456432,observational_loss,-0.1,0.1,0.2,0.1,0.0,True
0.1,0.34613121665971436,observational_loss,-0.1,0.1,0.2,0.1,0.0,True
0.1,0.0477400764146827,observational_loss,-0.1,0.1,0.2,0.1,0.0,True
0.1,-0.3631160167695553,observational_loss,-0.1,0.1,0.2,0.1,0.0,True
0.1,-0.58863204247367,observational_loss,-0.1,0.1,0.2,0.1,0.0,True
0.1,-0.40008712849565065,observational_loss,-0.1,0.1,0.2,0.1,0.0,True
0.1,0.19559149824914335,observational_loss,-0.1,0.1,0.2,0.1,0.0,True
0.1,-0.9893605537964882,observational_loss,-0.1,0.1,0.2,0.1,0.0,True
0.1,-0.977908487846685,observational_loss,-0.1,0.1,0.2,0.1,0.0,True
0.1,0.9723573385014295,observational_loss,-0.1,0.1,0.2,0.1,0.0,True
0.1,0.1391384004195173,observational_loss,-0.1,0.1,0.2,0.1,0.0,True
0.1,-0.4887582780537536,observational_loss,-0.1,0.1,0.2,0.1,0.0,True
0.1,-0.6770123231190006,observational_loss,-0.1,0.1,0.2,0.1,0.0,True
0.1,-0.2865175537241236,observational_loss,-0.1,0.1,0.2,0.1,0.0,True
0.1,0.983998848406159,observational_loss,-0.1,0.1,0.2,0.1,0.0,True
0.1,-0.9351387260434085,observational_loss,-0.1,0.1,0.2,0.1,0.0,True
0.1,-0.16034104875501876,observational_loss,-0.1,0.1,0.2,0.1,0.0,True
0.1,-0.07216292192203322,observational_loss,-0.1,0.1,0.2,0.1,0.0,True
0.1,-0.7371418121535225,observational_loss,-0.1,0.1,0.2,0.1,0.0,True
0.1,0.31049579472307687,representational_loss,-0.1,0.1,0.2,0.1,0.0,True
0.1,-0.0544783025156117,representational_loss,-0.1,0.1,0.2,0.1,0.0,True
0.1,-0.12781138912279855,representational_loss,-0.1,0.1,0.2,0.1,0.0,True
0.1,0.5299350613134177,representational_loss,-0.1,0.1,0.2,0.1,0.0,True
0.1,0.38682739000250366,representational_loss,-0.1,0.1,0.2,0.1,0.0,True
0.1,-0.19045053559397296,representational_loss,-0.1,0.1,0.2,0.1,0.0,True
0.1,0.70823724353804,representational_loss,-0.1,0.1,0.2,0.1,0.0,True
0.1,0.8590777916043291,representational_loss,-0.1,0.1,0.2,0.1,0.0,True
0.1,-0.16224522718974566,representational_loss,-0.1,0.1,0.2,0.1,0.0,True
0.1,0.8311837747437014,representational_loss,-0.1,0.1,0.2,0.1,0.0,True
0.1,-0.8310538229127051,representational_loss,-0.1,0.1,0.2,0.1,0.0,True
0.1,0.6116406539533468,representational_loss,-0.1,0.1,0.2,0.1,0.0,True
0.1,-0.41945563763473737,representational_loss,-0.1,0.1,0.2,0.1,0.0,True
0.1,0.6204050729196233,representational_loss,-0.1,0.1,0.2,0.1,0.0,True
0.1,-0.7189943149675428,representational_loss,-0.1,0.1,0.2,0.1,0.0,True
0.1,-0.33178555171797397,representational_loss,-0.1,0.1,0.2,0.1,0.0,True
0.1,0.9051423788519595,representational_loss,-0.1,0.1,0.2,0.1,0.0,True
0.1,0.056915519521514746,representational_loss,-0.1,0.1,0.2,0.1,0.0,True
0.1,0.649876102332339,representational_loss,-0.1,0.1,0.2,0.1,0.0,True
0.1,-0.3622554796800377,representational_loss,-0.1,0.1,0.2,0.1,0.0,True
0.1,-0.02757930366150152,representational_loss,-0.1,0.1,0.2,0.1,0.0,True
0.1,0.9062959550759366,representational_loss,-0.1,0.1,0.2,0.1,0.0,True
0.1,0.08979263473561305,representational_loss,-0.1,0.1,0.2,0.1,0.0,True
0.1,0.5810436969343922,representational_loss,-0.1,0.1,0.2,0.1,0.0,True
0.1,0.33351277528201106,representational_loss,-0.1,0.1,0.2,0.1,0.0,True
0.1,0.50021045803603,representational_loss,-0.1,0.1,0.2,0.1,0.0,True
0.1,0.647829676283949,representational_loss,-0.1,0.1,0.2,0.1,0.0,True
0.1,0.2532301034366604,representational_loss,-0.1,0.1,0.2,0.1,0.0,True
0.1,-0.45731192417320954,representational_loss,-0.1,0.1,0.2,0.1,0.0,True
0.1,0.9656692799074889,representational_loss,-0.1,0.1,0.2,0.1,0.0,True
0.1,0.7956682782658702,representational_loss,-0.1,0.1,0.2,0.1,0.0,True
0.1,-0.870113418836362,representational_loss,-0.1,0.1,0.2,0.1,0.0,True
0.1,0.6471733576066463,representational_loss,-0.1,0.1,0.2,0.1,0.0,True
0.1,-0.12258281205750432,representational_loss,-0.1,0.1,0.2,0.1,0.0,True
0.1,-0.7924659681337014,representational_loss,-0.1,0.1,0.2,0.1,0.0,True
0.1,-0.9614538437044982,representational_loss,-0.1,0.1,0.2,0.1,0.0,True
0.1,0.31204629970955255,representational_loss,-0.1,0.1,0.2,0.1,0.0,True
0.1,-0.14035420870731552,representational_loss,-0.1,0.1,0.2,0.1,0.0,True
0.1,-0.03808592435085645,representational_loss,-0.1,0.1,0.2,0.1,0.0,True
0.1,-0.031001603913969555,representational_loss,-0.1,0.1,0.2,0.1,0.0,True
0.1,-0.8829243891653982,representational_loss,-0.1,0.1,0.2,0.1,0.0,True
0.1,0.28145074654754487,representational_loss,-0.1,0.1,0.2,0.1,0.0,True
0.1,0.17575530208529533,representational_loss,-0.1,0.1,0.2,0.1,0.0,True
0.1,0.5869151184415577,representational_loss,-0.1,0.1,0.2,0.1,0.0,True
0.1,-0.5263150616207499,representational_loss,-0.1,0.1,0.2,0.1,0.0,True
0.1,0.12658518870624014,representational_loss,-0.1,0.1,0.2,0.1,0.0,True
0.1,-0.05105663381821013,representational_loss,-0.1,0.1,0.2,0.1,0.0,True
0.1,-0.8536492355351997,representational_loss,-0.1,0.1,0.2,0.1,0.0,True
0.1,0.5910251531573292,representational_loss,-0.1,0.1,0.2,0.1,0.0,True
0.1,0.7152698353286933,representational_loss,-0.1,0.1,0.2,0.1,0.0,True
0.1,-0.15599102732261771,representational_loss,-0.1,0.1,0.2,0.1,0.0,True
0.1,-0.8452088463348866,representational_loss,-0.1,0.1,0.2,0.1,0.0,True
0.1,-0.214495034172401,representational_loss,-0.1,0.1,0.2,0.1,0.0,True
0.1,0.4127483393911855,representational_loss,-0.1,0.1,0.2,0.1,0.0,True
0.1,-0.4137604310991858,representational_loss,-0.1,0.1,0.2,0.1,0.0,True
0.1,0.04633768978265618,representational_loss,-0.1,0.1,0.2,0.1,0.0,True
0.1,-0.9049904282084853,representational_loss,-0.1,0.1,0.2,0.1,0.0,True
0.1,-0.9468006466011301,representational_loss,-0.1,0.1,0.2,0.1,0.0,True
0.1,0.2865572848647602,representational_loss,-0.1,0.1,0.2,0.1,0.0,True
0.1,-0.49246765247474134,representational_loss,-0.1,0.1,0.2,0.1,0.0,True
0.1,0.8039372838760315,representational_loss,-0.1,0.1,0.2,0.1,0.0,True
0.1,0.23854233913248857,representational_loss,-0.1,0.1,0.2,0.1,0.0,True
0.1,-0.22877562371946514,representational_loss,-0.1,0.1,0.2,0.1,0.0,True
0.1,-0.4592651872471767,representational_loss,-0.1,0.1,0.2,0.1,0.0,True
0.1,-0.7334459835031455,representational_loss,-0.1,0.1,0.2,0.1,0.0,True
0.1,0.7849792272104572,representational_loss,-0.1,0.1,0.2,0.1,0.0,True
0.1,0.9963682238696876,representational_loss,-0.1,0.1,0.2,0.1,0.0,True
0.1,0.5255374282782288,representational_loss,-0.1,0.1,0.2,0.1,0.0,True
0.1,0.6189325177054181,representational_loss,-0.1,0.1,0.2,0.1,0.0,True
0.1,0.2784174392851164,representational_loss,-0.1,0.1,0.2,0.1,0.0,True
0.1,-0.5449187503356108,representational_loss,-0.1,0.1,0.2,0.1,0.0,True
0.1,0.5821306509718223,representational_loss,-0.1,0.1,0.2,0.1,0.0,True
0.1,0.8169298964431191,representational_loss,-0.1,0.1,0.2,0.1,0.0,True
0.1,0.6344540015152722,representational_loss,-0.1,0.1,0.2,0.1,0.0,True
0.1,-0.0679971724109083,representational_loss,-0.1,0.1,0.2,0.1,0.0,True
0.1,0.4797205691252253,representational_loss,-0.1,0.1,0.2,0.1,0.0,True
0.1,0.7458717976560796,representational_loss,-0.1,0.1,0.2,0.1,0.0,True
0.1,0.8928117786822543,representational_loss,-0.1,0.1,0.2,0.1,0.0,True
0.1,-0.605839376454282,representational_loss,-0.1,0.1,0.2,0.1,0.0,True
0.1,0.35641051629417264,representational_loss,-0.1,0.1,0.2,0.1,0.0,True
0.1,-0.07828174675552124,representational_loss,-0.1,0.1,0.2,0.1,0.0,True
0.1,0.04802168304651522,representational_loss,-0.1,0.1,0.2,0.1,0.0,True
0.1,-0.08759571965009272,representational_loss,-0.1,0.1,0.2,0.1,0.0,True
0.1,-0.4592879410994537,representational_loss,-0.1,0.1,0.2,0.1,0.0,True
0.1,-0.4791975823807606,representational_loss,-0.1,0.1,0.2,0.1,0.0,True
0.1,-0.46088016473893445,representational_loss,-0.1,0.1,0.2,0.1,0.0,True
0.1,0.13025123921138504,representational_loss,-0.1,0.1,0.2,0.1,0.0,True
0.1,0.9357666605760042,representational_loss,-0.1,0.1,0.2,0.1,0.0,True
0.1,0.7992196548412991,representational_loss,-0.1,0.1,0.2,0.1,0.0,True
0.1,0.48812365962949245,representational_loss,-0.1,0.1,0.2,0.1,0.0,True
0.1,0.5577525197458773,representational_loss,-0.1,0.1,0.2,0.1,0.0,True
0.1,-0.6607378978230116,representational_loss,-0.1,0.1,0.2,0.1,0.0,True
0.1,0.47164107896492813,representational_loss,-0.1,0.1,0.2,0.1,0.0,True
0.1,-0.30950064143013334,representational_loss,-0.1,0.1,0.2,0.1,0.0,True
0.1,0.006150742417380561,representational_loss,-0.1,0.1,0.2,0.1,0.0,True
0.1,-0.4043130656082028,representational_loss,-0.1,0.1,0.2,0.1,0.0,True
0.1,-0.9888145923654321,representational_loss,-0.1,0.1,0.2,0.1,0.0,True
0.1,0.5865227529641686,representational_loss,-0.1,0.1,0.2,0.1,0.0,True
0.1,0.9014214844330504,representational_loss,-0.1,0.1,0.2,0.1,0.0,True
0.1,-0.9072770127610534,representational_loss,-0.1,0.1,0.2,0.1,0.0,True
0.1,-0.22743319749475832,representational_loss,-0.1,0.1,0.2,0.1,0.0,True
0.1,0.04912431712130805,representational_loss,-0.1,0.1,0.2,0.1,0.0,True
0.1,0.8282574348692169,representational_loss,-0.1,0.1,0.2,0.1,0.0,True
0.1,-0.00839759326178946,representational_loss,-0.1,0.1,0.2,0.1,0.0,True
0.1,-0.4534342640622766,representational_loss,-0.1,0.1,0.2,0.1,0.0,True
0.1,0.15866354285373863,representational_loss,-0.1,0.1,0.2,0.1,0.0,True
0.1,0.8471249917027401,representational_loss,-0.1,0.1,0.2,0.1,0.0,True
0.1,0.4341712990684854,representational_loss,-0.1,0.1,0.2,0.1,0.0,True
0.1,-0.5579245254168461,representational_loss,-0.1,0.1,0.2,0.1,0.0,True
0.1,0.8874979969348114,representational_loss,-0.1,0.1,0.2,0.1,0.0,True
0.1,0.45878462494768923,representational_loss,-0.1,0.1,0.2,0.1,0.0,True
0.1,-0.22918533573857847,representational_loss,-0.1,0.1,0.2,0.1,0.0,True
0.1,0.7060350861125313,representational_loss,-0.1,0.1,0.2,0.1,0.0,True
0.1,0.013691044061096669,representational_loss,-0.1,0.1,0.2,0.1,0.0,True
0.1,-0.6679307363934819,representational_loss,-0.1,0.1,0.2,0.1,0.0,True
0.1,0.47627692737809557,representational_loss,-0.1,0.1,0.2,0.1,0.0,True
0.1,-0.8132460696686934,representational_loss,-0.1,0.1,0.2,0.1,0.0,True
0.1,-0.4630246056374723,representational_loss,-0.1,0.1,0.2,0.1,0.0,True
0.1,0.13159075331795367,representational_loss,-0.1,0.1,0.2,0.1,0.0,True
0.1,0.628041926397312,representational_loss,-0.1,0.1,0.2,0.1,0.0,True
0.1,0.3175909861569175,representational_loss,-0.1,0.1,0.2,0.1,0.0,True
0.1,-0.6452120471825318,representational_loss,-0.1,0.1,0.2,0.1,0.0,True
0.1,0.7997939791519331,representational_loss,-0.1,0.1,0.2,0.1,0.0,True
0.1,-0.399954880488093,representational_loss,-0.1,0.1,0.2,0.1,0.0,True
0.1,-0.6150584205536416,representational_loss,-0.1,0.1,0.2,0.1,0.0,True
0.1,0.7551450057242699,representational_loss,-0.1,0.1,0.2,0.1,0.0,True
0.1,0.34391080908622573,representational_loss,-0.1,0.1,0.2,0.1,0.0,True
0.1,-0.07539281140034193,representational_loss,-0.1,0.1,0.2,0.1,0.0,True
0.1,0.3337412174692349,representational_loss,-0.1,0.1,0.2,0.1,0.0,True
0.1,-0.11317642222437074,representational_loss,-0.1,0.1,0.2,0.1,0.0,True
0.1,-0.17109794556340163,representational_loss,-0.1,0.1,0.2,0.1,0.0,True
0.1,0.5085950572324311,representational_loss,-0.1,0.1,0.2,0.1,0.0,True
0.1,-0.861384204995375,representational_loss,-0.1,0.1,0.2,0.1,0.0,True
0.1,0.3811822324470917,representational_loss,-0.1,0.1,0.2,0.1,0.0,True
0.1,-0.905392452819151,representational_loss,-0.1,0.1,0.2,0.1,0.0,True
0.1,0.8898059822179134,representational_loss,-0.1,0.1,0.2,0.1,0.0,True
0.1,-0.5763859333395975,representational_loss,-0.1,0.1,0.2,0.1,0.0,True
0.1,-0.964407319465105,representational_loss,-0.1,0.1,0.2,0.1,0.0,True
0.1,0.26058124299304897,representational_loss,-0.1,0.1,0.2,0.1,0.0,True
0.1,-0.64549181166322,representational_loss,-0.1,0.1,0.2,0.1,0.0,True
0.1,-0.2977129604360824,representational_loss,-0.1,0.1,0.2,0.1,0.0,True
0.1,0.6066154207899217,representational_loss,-0.1,0.1,0.2,0.1,0.0,True
0.1,0.9409205436385051,representational_loss,-0.1,0.1,0.2,0.1,0.0,True
0.1,0.6764918378562408,representational_loss,-0.1,0.1,0.2,0.1,0.0,True
0.1,-0.4894497934337676,representational_loss,-0.1,0.1,0.2,0.1,0.0,True
0.1,-0.218689766073624,representational_loss,-0.1,0.1,0.2,0.1,0.0,True
0.1,0.9103464518063316,representational_loss,-0.1,0.1,0.2,0.1,0.0,True
0.1,0.7634253391195944,representational_loss,-0.1,0.1,0.2,0.1,0.0,True
0.1,-0.6469552796028921,representational_loss,-0.1,0.1,0.2,0.1,0.0,True
0.1,0.3471389638919997,representational_loss,-0.1,0.1,0.2,0.1,0.0,True
0.1,-0.1905422132180956,representational_loss,-0.1,0.1,0.2,0.1,0.0,True
0.1,0.9280162454270979,representational_loss,-0.1,0.1,0.2,0.1,0.0,True
0.1,0.21049316865814816,representational_loss,-0.1,0.1,0.2,0.1,0.0,True
0.1,0.588180909994884,representational_loss,-0.1,0.1,0.2,0.1,0.0,True
0.1,0.8884597191285108,representational_loss,-0.1,0.1,0.2,0.1,0.0,True
0.1,-0.7217947798934423,representational_loss,-0.1,0.1,0.2,0.1,0.0,True
0.1,0.3866736219255136,representational_loss,-0.1,0.1,0.2,0.1,0.0,True
0.1,-0.8417916323476329,representational_loss,-0.1,0.1,0.2,0.1,0.0,True
0.1,0.04359429669335335,representational_loss,-0.1,0.1,0.2,0.1,0.0,True
0.1,0.6804354125476306,representational_loss,-0.1,0.1,0.2,0.1,0.0,True
0.1,-0.7769751930153768,representational_loss,-0.1,0.1,0.2,0.1,0.0,True
0.1,0.09688425474414486,representational_loss,-0.1,0.1,0.2,0.1,0.0,True
0.1,0.4429915850273789,representational_loss,-0.1,0.1,0.2,0.1,0.0,True
0.1,0.22557220497124408,representational_loss,-0.1,0.1,0.2,0.1,0.0,True
0.1,-0.8755892952698585,representational_loss,-0.1,0.1,0.2,0.1,0.0,True
0.1,0.23036258171248747,representational_loss,-0.1,0.1,0.2,0.1,0.0,True
0.1,0.366564605909824,representational_loss,-0.1,0.1,0.2,0.1,0.0,True
0.1,0.6575705868014277,representational_loss,-0.1,0.1,0.2,0.1,0.0,True
0.1,-0.25114894519639175,representational_loss,-0.1,0.1,0.2,0.1,0.0,True
0.1,0.44486449900321423,representational_loss,-0.1,0.1,0.2,0.1,0.0,True
0.1,0.3562118114481079,representational_loss,-0.1,0.1,0.2,0.1,0.0,True
0.1,-0.7738593471613402,representational_loss,-0.1,0.1,0.2,0.1,0.0,True
0.1,-0.23774158185681382,representational_loss,-0.1,0.1,0.2,0.1,0.0,True
0.1,-0.6244029760163261,representational_loss,-0.1,0.1,0.2,0.1,0.0,True
0.1,0.12817241266453872,representational_loss,-0.1,0.1,0.2,0.1,0.0,True
0.1,0.63694827377485,representational_loss,-0.1,0.1,0.2,0.1,0.0,True
0.1,0.850989642710668,representational_loss,-0.1,0.1,0.2,0.1,0.0,True
0.1,-0.42520433839566185,representational_loss,-0.1,0.1,0.2,0.1,0.0,True
0.1,0.42059323090714007,representational_loss,-0.1,0.1,0.2,0.1,0.0,True
0.1,-0.7704036097936089,representational_loss,-0.1,0.1,0.2,0.1,0.0,True
0.1,0.08334815590326605,representational_loss,-0.1,0.1,0.2,0.1,0.0,True
0.1,-0.7997120578711134,representational_loss,-0.1,0.1,0.2,0.1,0.0,True
0.1,0.852233204579931,representational_loss,-0.1,0.1,0.2,0.1,0.0,True
0.1,-0.08098571903154661,representational_loss,-0.1,0.1,0.2,0.1,0.0,True
0.1,0.0313234654596255,representational_loss,-0.1,0.1,0.2,0.1,0.0,True
0.1,-0.7673848403253414,representational_loss,-0.1,0.1,0.2,0.1,0.0,True
0.1,0.8095800026625144,representational_loss,-0.1,0.1,0.2,0.1,0.0,True
0.1,0.8924407449849374,representational_loss,-0.1,0.1,0.2,0.1,0.0,True
0.1,0.41731625073671164,representational_loss,-0.1,0.1,0.2,0.1,0.0,True
0.1,0.9671058225924811,representational_loss,-0.1,0.1,0.2,0.1,0.0,True
0.1,0.49924912547425393,representational_loss,-0.1,0.1,0.2,0.1,0.0,True
0.1,-0.4081600594637209,representational_loss,-0.1,0.1,0.2,0.1,0.0,True
0.1,0.12733306640424824,representational_loss,-0.1,0.1,0.2,0.1,0.0,True
0.1,-0.6994847909970212,representational_loss,-0.1,0.1,0.2,0.1,0.0,True
0.1,0.7453874988261173,representational_loss,-0.1,0.1,0.2,0.1,0.0,True
0.1,-0.39934225455299255,representational_loss,-0.1,0.1,0.2,0.1,0.0,True
0.1,-0.37106524114965,representational_loss,-0.1,0.1,0.2,0.1,0.0,True
0.1,-0.3571446153375304,representational_loss,-0.1,0.1,0.2,0.1,0.0,True
0.1,-0.4875327977896633,representational_loss,-0.1,0.1,0.2,0.1,0.0,True
0.1,-0.32273704677186443,representational_loss,-0.1,0.1,0.2,0.1,0.0,True
0.1,-0.7362649934033727,representational_loss,-0.1,0.1,0.2,0.1,0.0,True
0.1,-0.9412894956554045,representational_loss,-0.1,0.1,0.2,0.1,0.0,True
0.1,0.949399966465097,representational_loss,-0.1,0.1,0.2,0.1,0.0,True
0.1,-0.2733239512178338,representational_loss,-0.1,0.1,0.2,0.1,0.0,True
0.1,0.9832286287329699,representational_loss,-0.1,0.1,0.2,0.1,0.0,True
0.1,0.3754439151517126,representational_loss,-0.1,0.1,0.2,0.1,0.0,True
0.1,0.6312802355192311,representational_loss,-0.1,0.1,0.2,0.1,0.0,True
0.1,-0.7603765281526325,representational_loss,-0.1,0.1,0.2,0.1,0.0,True
0.1,-0.05535833868556783,representational_loss,-0.1,0.1,0.2,0.1,0.0,True
0.1,-0.6925309283603391,representational_loss,-0.1,0.1,0.2,0.1,0.0,True
0.1,-0.17411408655593763,representational_loss,-0.1,0.1,0.2,0.1,0.0,True
0.1,-0.7958049962626723,representational_loss,-0.1,0.1,0.2,0.1,0.0,True
0.1,0.04765784277307872,representational_loss,-0.1,0.1,0.2,0.1,0.0,True
0.1,0.6191924548505301,representational_loss,-0.1,0.1,0.2,0.1,0.0,True
0.1,0.7977561645815587,representational_loss,-0.1,0.1,0.2,0.1,0.0,True
0.1,0.7928248796583686,representational_loss,-0.1,0.1,0.2,0.1,0.0,True
0.1,0.6112099965971571,representational_loss,-0.1,0.1,0.2,0.1,0.0,True
0.1,0.38201691095848567,representational_loss,-0.1,0.1,0.2,0.1,0.0,True
0.1,-0.35291483651274436,representational_loss,-0.1,0.1,0.2,0.1,0.0,True
0.1,-0.7636674087551842,representational_loss,-0.1,0.1,0.2,0.1,0.0,True
0.1,0.2052439862300759,representational_loss,-0.1,0.1,0.2,0.1,0.0,True
0.1,-0.6789095345535539,representational_loss,-0.1,0.1,0.2,0.1,0.0,True
0.1,0.3760127744590034,representational_loss,-0.1,0.1,0.2,0.1,0.0,True
0.1,-0.929645204974815,representational_loss,-0.1,0.1,0.2,0.1,0.0,True
0.1,0.9764288325282982,representational_loss,-0.1,0.1,0.2,0.1,0.0,True
0.1,0.4630115882449697,representational_loss,-0.1,0.1,0.2,0.1,0.0,True
0.1,-0.6449326440940126,representational_loss,-0.1,0.1,0.2,0.1,0.0,True
0.1,-0.6625333869505821,representational_loss,-0.1,0.1,0.2,0.1,0.0,True
0.1,-0.9561146194240329,representational_loss,-0.1,0.1,0.2,0.1,0.0,True
0.1,-0.8786167140913206,representational_loss,-0.1,0.1,0.2,0.1,0.0,True
0.1,0.26025557277455635,representational_loss,-0.1,0.1,0.2,0.1,0.0,True
0.1,0.8875272581262805,representational_loss,-0.1,0.1,0.2,0.1,0.0,True
0.1,0.8357910311198082,representational_loss,-0.1,0.1,0.2,0.1,0.0,True
0.1,0.8716453143174834,representational_loss,-0.1,0.1,0.2,0.1,0.0,True
0.1,-0.9421740852283209,representational_loss,-0.1,0.1,0.2,0.1,0.0,True
0.1,0.4992893000910221,representational_loss,-0.1,0.1,0.2,0.1,0.0,True
0.1,0.056483498876022775,representational_loss,-0.1,0.1,0.2,0.1,0.0,True
0.1,-0.5542594545316981,representational_loss,-0.1,0.1,0.2,0.1,0.0,True
0.1,0.4527163386220667,representational_loss,-0.1,0.1,0.2,0.1,0.0,True
0.1,-0.09124005371828181,representational_loss,-0.1,0.1,0.2,0.1,0.0,True
0.1,-0.9723280882765233,representational_loss,-0.1,0.1,0.2,0.1,0.0,True
0.1,-0.9595965600016509,representational_loss,-0.1,0.1,0.2,0.1,0.0,True
0.1,0.6811286228637581,representational_loss,-0.1,0.1,0.2,0.1,0.0,True
0.1,-0.6305426582080407,representational_loss,-0.1,0.1,0.2,0.1,0.0,True
0.1,0.27751928673165605,representational_loss,-0.1,0.1,0.2,0.1,0.0,True
0.1,-0.43799329170498935,representational_loss,-0.1,0.1,0.2,0.1,0.0,True
0.1,0.7407965863974528,representational_loss,-0.1,0.1,0.2,0.1,0.0,True
0.1,-0.5050683075077049,representational_loss,-0.1,0.1,0.2,0.1,0.0,True
0.1,0.17518316972415682,representational_loss,-0.1,0.1,0.2,0.1,0.0,True
0.1,0.15634082984207964,representational_loss,-0.1,0.1,0.2,0.1,0.0,True
0.1,-0.3313452221469564,representational_loss,-0.1,0.1,0.2,0.1,0.0,True
0.1,-0.060836377829430965,representational_loss,-0.1,0.1,0.2,0.1,0.0,True
0.1,0.6149836815194409,representational_loss,-0.1,0.1,0.2,0.1,0.0,True
0.1,-0.3799394874654398,representational_loss,-0.1,0.1,0.2,0.1,0.0,True
0.1,-0.5998178362496549,representational_loss,-0.1,0.1,0.2,0.1,0.0,True
0.1,-0.05388956507324738,representational_loss,-0.1,0.1,0.2,0.1,0.0,True
0.1,-0.4296790841221696,representational_loss,-0.1,0.1,0.2,0.1,0.0,True
0.1,0.8689320215151528,representational_loss,-0.1,0.1,0.2,0.1,0.0,True
0.1,0.4015159674383897,representational_loss,-0.1,0.1,0.2,0.1,0.0,True
0.1,0.47968333099846316,representational_loss,-0.1,0.1,0.2,0.1,0.0,True
0.1,-0.9584047822053783,representational_loss,-0.1,0.1,0.2,0.1,0.0,True
0.1,-0.9252374598718902,representational_loss,-0.1,0.1,0.2,0.1,0.0,True
0.1,-0.989298996773726,representational_loss,-0.1,0.1,0.2,0.1,0.0,True
0.1,0.6023595526594803,representational_loss,-0.1,0.1,0.2,0.1,0.0,True
0.1,0.50112674891195,representational_loss,-0.1,0.1,0.2,0.1,0.0,True
0.1,-0.34301449230510705,representational_loss,-0.1,0.1,0.2,0.1,0.0,True
0.1,-0.9678456411950984,representational_loss,-0.1,0.1,0.2,0.1,0.0,True
0.1,0.013842838957736303,representational_loss,-0.1,0.1,0.2,0.1,0.0,True
0.1,-0.5756454273521052,representational_loss,-0.1,0.1,0.2,0.1,0.0,True
0.1,-0.36061337417963935,representational_loss,-0.1,0.1,0.2,0.1,0.0,True
0.1,-0.5041963236166997,representational_loss,-0.1,0.1,0.2,0.1,0.0,True
0.1,0.48285046000332743,representational_loss,-0.1,0.1,0.2,0.1,0.0,True
0.1,0.7464557795245894,representational_loss,-0.1,0.1,0.2,0.1,0.0,True
0.1,0.30620170540079217,representational_loss,-0.1,0.1,0.2,0.1,0.0,True
0.1,0.3039364571559997,representational_loss,-0.1,0.1,0.2,0.1,0.0,True
0.1,0.09259095037883447,representational_loss,-0.1,0.1,0.2,0.1,0.0,True
0.1,0.23558652599215324,representational_loss,-0.1,0.1,0.2,0.1,0.0,True
0.1,-0.862069360652139,representational_loss,-0.1,0.1,0.2,0.1,0.0,True
0.1,0.3707328221673134,representational_loss,-0.1,0.1,0.2,0.1,0.0,True
0.1,-0.791727534157705,representational_loss,-0.1,0.1,0.2,0.1,0.0,True
0.1,-0.13735888748983616,representational_loss,-0.1,0.1,0.2,0.1,0.0,True
0.1,0.15485034001520592,representational_loss,-0.1,0.1,0.2,0.1,0.0,True
0.1,0.5012253339975778,representational_loss,-0.1,0.1,0.2,0.1,0.0,True
0.1,0.7739052260105901,representational_loss,-0.1,0.1,0.2,0.1,0.0,True
0.1,0.46236524230627474,representational_loss,-0.1,0.1,0.2,0.1,0.0,True
0.1,0.6155228312052421,representational_loss,-0.1,0.1,0.2,0.1,0.0,True
0.1,0.1484836835988692,representational_loss,-0.1,0.1,0.2,0.1,0.0,True
0.1,-0.7791859424571712,representational_loss,-0.1,0.1,0.2,0.1,0.0,True
0.1,0.9779579986164688,representational_loss,-0.1,0.1,0.2,0.1,0.0,True
0.1,-0.9055581133516195,representational_loss,-0.1,0.1,0.2,0.1,0.0,True
0.1,-0.34501955726892186,representational_loss,-0.1,0.1,0.2,0.1,0.0,True
0.1,0.33429119879228564,representational_loss,-0.1,0.1,0.2,0.1,0.0,True
0.1,0.1822361587399839,representational_loss,-0.1,0.1,0.2,0.1,0.0,True
0.1,0.38814373102906474,representational_loss,-0.1,0.1,0.2,0.1,0.0,True
0.1,-0.04383334144119866,representational_loss,-0.1,0.1,0.2,0.1,0.0,True
0.1,0.4489084697508863,representational_loss,-0.1,0.1,0.2,0.1,0.0,True
0.1,0.20867536968170053,representational_loss,-0.1,0.1,0.2,0.1,0.0,True
0.1,0.9570180071418772,representational_loss,-0.1,0.1,0.2,0.1,0.0,True
0.1,-0.6593357511484534,representational_loss,-0.1,0.1,0.2,0.1,0.0,True
0.1,-0.4882448635448178,representational_loss,-0.1,0.1,0.2,0.1,0.0,True
0.1,-0.9376303373764001,representational_loss,-0.1,0.1,0.2,0.1,0.0,True
0.1,-0.12881517729272995,representational_loss,-0.1,0.1,0.2,0.1,0.0,True
0.1,-0.6510700574819994,representational_loss,-0.1,0.1,0.2,0.1,0.0,True
0.1,-0.10251441744672807,representational_loss,-0.1,0.1,0.2,0.1,0.0,True
0.1,0.959825575249114,representational_loss,-0.1,0.1,0.2,0.1,0.0,True
0.1,0.07418140961152409,representational_loss,-0.1,0.1,0.2,0.1,0.0,True
0.1,0.5291365758836162,representational_loss,-0.1,0.1,0.2,0.1,0.0,True
0.1,0.961965348254235,representational_loss,-0.1,0.1,0.2,0.1,0.0,True
0.1,0.9373125880619537,representational_loss,-0.1,0.1,0.2,0.1,0.0,True
0.1,0.9329693660055711,representational_loss,-0.1,0.1,0.2,0.1,0.0,True
0.1,-0.3604623549487125,representational_loss,-0.1,0.1,0.2,0.1,0.0,True
0.1,0.4553969551137096,representational_loss,-0.1,0.1,0.2,0.1,0.0,True
0.1,0.4023614249712628,representational_loss,-0.1,0.1,0.2,0.1,0.0,True
0.1,-0.6245530065190772,representational_loss,-0.1,0.1,0.2,0.1,0.0,True
0.1,-0.8830529746459226,representational_loss,-0.1,0.1,0.2,0.1,0.0,True
0.1,-0.94595268765798,representational_loss,-0.1,0.1,0.2,0.1,0.0,True
0.1,0.024679492901452216,representational_loss,-0.1,0.1,0.2,0.1,0.0,True
0.1,-0.088359890069025,representational_loss,-0.1,0.1,0.2,0.1,0.0,True
0.1,-0.7905920353695408,representational_loss,-0.1,0.1,0.2,0.1,0.0,True
0.1,0.023639382588547697,representational_loss,-0.1,0.1,0.2,0.1,0.0,True
0.1,0.982166459196181,representational_loss,-0.1,0.1,0.2,0.1,0.0,True
0.1,-0.1794978071694724,representational_loss,-0.1,0.1,0.2,0.1,0.0,True
0.1,0.05138513163268077,representational_loss,-0.1,0.1,0.2,0.1,0.0,True
0.1,0.21650207918539022,representational_loss,-0.1,0.1,0.2,0.1,0.0,True
0.1,0.1643578273965367,representational_loss,-0.1,0.1,0.2,0.1,0.0,True
0.1,-0.02975693595070772,representational_loss,-0.1,0.1,0.2,0.1,0.0,True
0.1,-0.5179147945713967,representational_loss,-0.1,0.1,0.2,0.1,0.0,True
0.1,-0.4659572306168702,representational_loss,-0.1,0.1,0.2,0.1,0.0,True
0.1,-0.8353093229547945,representational_loss,-0.1,0.1,0.2,0.1,0.0,True
0.1,-0.9904402568805826,representational_loss,-0.1,0.1,0.2,0.1,0.0,True
0.1,-0.7214013813439157,representational_loss,-0.1,0.1,0.2,0.1,0.0,True
0.1,0.7158877279811191,representational_loss,-0.1,0.1,0.2,0.1,0.0,True
0.1,-0.5825335143095172,representational_loss,-0.1,0.1,0.2,0.1,0.0,True
0.1,-0.9122989114063498,representational_loss,-0.1,0.1,0.2,0.1,0.0,True
0.1,0.7826675562158611,representational_loss,-0.1,0.1,0.2,0.1,0.0,True
0.1,-0.8799352982242197,representational_loss,-0.1,0.1,0.2,0.1,0.0,True
0.1,-0.4590472113813513,representational_loss,-0.1,0.1,0.2,0.1,0.0,True
0.1,-0.3935274643408879,representational_loss,-0.1,0.1,0.2,0.1,0.0,True
0.1,-0.3050644130638338,representational_loss,-0.1,0.1,0.2,0.1,0.0,True
0.1,0.9756345000384372,representational_loss,-0.1,0.1,0.2,0.1,0.0,True
0.1,-0.4841436773691148,representational_loss,-0.1,0.1,0.2,0.1,0.0,True
0.1,0.6109333377560109,representational_loss,-0.1,0.1,0.2,0.1,0.0,True
0.1,-0.36112120211154464,representational_loss,-0.1,0.1,0.2,0.1,0.0,True
0.1,-0.9195593529954582,representational_loss,-0.1,0.1,0.2,0.1,0.0,True
0.1,-0.033591703755498026,representational_loss,-0.1,0.1,0.2,0.1,0.0,True
0.1,-0.7134608131887408,representational_loss,-0.1,0.1,0.2,0.1,0.0,True
0.1,0.5045738714096033,representational_loss,-0.1,0.1,0.2,0.1,0.0,True
0.1,-0.013195024974247183,representational_loss,-0.1,0.1,0.2,0.1,0.0,True
0.1,0.7467292662982177,representational_loss,-0.1,0.1,0.2,0.1,0.0,True
0.1,-0.9938471002681235,representational_loss,-0.1,0.1,0.2,0.1,0.0,True
0.1,-0.4537991983560139,representational_loss,-0.1,0.1,0.2,0.1,0.0,True
0.1,-0.20361823692398828,representational_loss,-0.1,0.1,0.2,0.1,0.0,True
0.1,0.6174436848319538,representational_loss,-0.1,0.1,0.2,0.1,0.0,True
0.1,0.6535812108539447,representational_loss,-0.1,0.1,0.2,0.1,0.0,True
0.1,0.7134506408033354,representational_loss,-0.1,0.1,0.2,0.1,0.0,True
0.1,0.6001290967526867,representational_loss,-0.1,0.1,0.2,0.1,0.0,True
0.1,-0.49025711800940064,representational_loss,-0.1,0.1,0.2,0.1,0.0,True
0.1,0.7559692744334419,representational_loss,-0.1,0.1,0.2,0.1,0.0,True
0.1,-0.8647693131039396,representational_loss,-0.1,0.1,0.2,0.1,0.0,True
0.1,-0.8782127225733025,representational_loss,-0.1,0.1,0.2,0.1,0.0,True
0.1,-0.74220958377971,representational_loss,-0.1,0.1,0.2,0.1,0.0,True
0.1,0.5546801620039938,representational_loss,-0.1,0.1,0.2,0.1,0.0,True
0.1,-0.13226387804147488,representational_loss,-0.1,0.1,0.2,0.1,0.0,True
0.1,-0.054637333139272215,representational_loss,-0.1,0.1,0.2,0.1,0.0,True
0.1,-0.8471425585027148,representational_loss,-0.1,0.1,0.2,0.1,0.0,True
0.1,-0.41417475019221817,representational_loss,-0.1,0.1,0.2,0.1,0.0,True
0.1,-0.8159955098194414,representational_loss,-0.1,0.1,0.2,0.1,0.0,True
0.1,-0.25532141547635634,representational_loss,-0.1,0.1,0.2,0.1,0.0,True
0.1,-0.9314839282301115,representational_loss,-0.1,0.1,0.2,0.1,0.0,True
0.1,0.5803536740897037,representational_loss,-0.1,0.1,0.2,0.1,0.0,True
0.1,0.16057808325633105,representational_loss,-0.1,0.1,0.2,0.1,0.0,True
0.1,0.8085196289216001,representational_loss,-0.1,0.1,0.2,0.1,0.0,True
0.1,-0.5195919303586216,representational_loss,-0.1,0.1,0.2,0.1,0.0,True
0.1,0.614769128149063,representational_loss,-0.1,0.1,0.2,0.1,0.0,True
0.1,0.3467240960619664,representational_loss,-0.1,0.1,0.2,0.1,0.0,True
0.1,-0.8738694721656846,representational_loss,-0.1,0.1,0.2,0.1,0.0,True
0.1,-0.8768980984371233,representational_loss,-0.1,0.1,0.2,0.1,0.0,True
0.1,-0.9426190194911324,representational_loss,-0.1,0.1,0.2,0.1,0.0,True
0.1,-0.11762990382534722,representational_loss,-0.1,0.1,0.2,0.1,0.0,True
0.1,0.03590730176805246,representational_loss,-0.1,0.1,0.2,0.1,0.0,True
0.1,0.5292639486415975,representational_loss,-0.1,0.1,0.2,0.1,0.0,True
0.1,-0.03456627661583922,representational_loss,-0.1,0.1,0.2,0.1,0.0,True
0.1,0.33123964606971623,representational_loss,-0.1,0.1,0.2,0.1,0.0,True
0.1,0.9462100436622727,representational_loss,-0.1,0.1,0.2,0.1,0.0,True
0.1,-0.883919432009695,representational_loss,-0.1,0.1,0.2,0.1,0.0,True
0.1,0.206602639749909,representational_loss,-0.1,0.1,0.2,0.1,0.0,True
0.1,0.7004356166108925,representational_loss,-0.1,0.1,0.2,0.1,0.0,True
0.1,0.2987045559516097,representational_loss,-0.1,0.1,0.2,0.1,0.0,True
0.1,0.8723432550569736,representational_loss,-0.1,0.1,0.2,0.1,0.0,True
0.1,0.04872954790486239,representational_loss,-0.1,0.1,0.2,0.1,0.0,True
0.1,-0.4183664237889042,representational_loss,-0.1,0.1,0.2,0.1,0.0,True
0.1,-0.04330574634974571,representational_loss,-0.1,0.1,0.2,0.1,0.0,True
0.1,0.2277508176649099,representational_loss,-0.1,0.1,0.2,0.1,0.0,True
0.1,0.20316868026963708,representational_loss,-0.1,0.1,0.2,0.1,0.0,True
0.1,-0.5370325830982052,representational_loss,-0.1,0.1,0.2,0.1,0.0,True
0.1,0.7809305990709567,representational_loss,-0.1,0.1,0.2,0.1,0.0,True
0.1,0.586432210198709,representational_loss,-0.1,0.1,0.2,0.1,0.0,True
0.1,-0.5250904950416022,representational_loss,-0.1,0.1,0.2,0.1,0.0,True
0.1,-0.4953333563000242,representational_loss,-0.1,0.1,0.2,0.1,0.0,True
0.1,0.6286607263860395,representational_loss,-0.1,0.1,0.2,0.1,0.0,True
0.1,-0.4262885984918767,representational_loss,-0.1,0.1,0.2,0.1,0.0,True
0.1,-0.9630091196168555,representational_loss,-0.1,0.1,0.2,0.1,0.0,True
0.1,-0.3472563717483239,representational_loss,-0.1,0.1,0.2,0.1,0.0,True
0.1,-0.12097876525694007,representational_loss,-0.1,0.1,0.2,0.1,0.0,True
0.1,-0.3797544670221964,representational_loss,-0.1,0.1,0.2,0.1,0.0,True
0.1,-0.8092690605049111,representational_loss,-0.1,0.1,0.2,0.1,0.0,True
0.1,-0.514989824020978,representational_loss,-0.1,0.1,0.2,0.1,0.0,True
0.1,0.03563477429771034,representational_loss,-0.1,0.1,0.2,0.1,0.0,True
0.1,0.06790706752885267,representational_loss,-0.1,0.1,0.2,0.1,0.0,True
0.1,0.11399133373762682,representational_loss,-0.1,0.1,0.2,0.1,0.0,True
0.1,0.9034141116908814,representational_loss,-0.1,0.1,0.2,0.1,0.0,True
0.1,0.03693266424853525,representational_loss,-0.1,0.1,0.2,0.1,0.0,True
0.1,0.8023900279333802,representational_loss,-0.1,0.1,0.2,0.1,0.0,True
0.1,0.30332077058887075,representational_loss,-0.1,0.1,0.2,0.1,0.0,True
0.1,-0.65565811811642,representational_loss,-0.1,0.1,0.2,0.1,0.0,True
0.1,0.44551241129406716,representational_loss,-0.1,0.1,0.2,0.1,0.0,True
0.1,0.18630459900989127,representational_loss,-0.1,0.1,0.2,0.1,0.0,True
0.1,0.8545851709413168,representational_loss,-0.1,0.1,0.2,0.1,0.0,True
0.1,0.8704090045858732,representational_loss,-0.1,0.1,0.2,0.1,0.0,True
0.1,0.8842770298225675,representational_loss,-0.1,0.1,0.2,0.1,0.0,True
0.1,-0.37084973350439254,representational_loss,-0.1,0.1,0.2,0.1,0.0,True
0.1,0.301070576940242,representational_loss,-0.1,0.1,0.2,0.1,0.0,True
0.1,0.3768921766266313,representational_loss,-0.1,0.1,0.2,0.1,0.0,True
0.1,0.6600142485340506,representational_loss,-0.1,0.1,0.2,0.1,0.0,True
0.1,0.6612689553188362,representational_loss,-0.1,0.1,0.2,0.1,0.0,True
0.1,-0.8293240255494574,representational_loss,-0.1,0.1,0.2,0.1,0.0,True
0.1,0.2449057967075028,representational_loss,-0.1,0.1,0.2,0.1,0.0,True
0.1,-0.7745749305068252,representational_loss,-0.1,0.1,0.2,0.1,0.0,True
0.1,-0.4619195149725499,representational_loss,-0.1,0.1,0.2,0.1,0.0,True
0.1,0.6565658815214626,representational_loss,-0.1,0.1,0.2,0.1,0.0,True
0.1,-0.8430084594333682,representational_loss,-0.1,0.1,0.2,0.1,0.0,True
0.1,-0.3351958301963558,representational_loss,-0.1,0.1,0.2,0.1,0.0,True
0.1,0.32887026483899384,representational_loss,-0.1,0.1,0.2,0.1,0.0,True
0.1,-0.830543583804974,representational_loss,-0.1,0.1,0.2,0.1,0.0,True
0.1,-0.6302570442964723,representational_loss,-0.1,0.1,0.2,0.1,0.0,True
0.1,0.7784696488506186,representational_loss,-0.1,0.1,0.2,0.1,0.0,True
0.1,-0.4279548184801911,representational_loss,-0.1,0.1,0.2,0.1,0.0,True
0.1,0.9120793438807098,representational_loss,-0.1,0.1,0.2,0.1,0.0,True
0.1,-0.07583080840905687,representational_loss,-0.1,0.1,0.2,0.1,0.0,True
0.1,-0.6550116994131285,representational_loss,-0.1,0.1,0.2,0.1,0.0,True
0.1,-0.13219114935368648,representational_loss,-0.1,0.1,0.2,0.1,0.0,True
0.1,-0.8972825827465538,representational_loss,-0.1,0.1,0.2,0.1,0.0,True
0.1,-0.2896797115832579,representational_loss,-0.1,0.1,0.2,0.1,0.0,True
0.1,0.4099059260200266,representational_loss,-0.1,0.1,0.2,0.1,0.0,True
0.1,-0.17836041025844174,representational_loss,-0.1,0.1,0.2,0.1,0.0,True
0.1,0.25612427607838995,representational_loss,-0.1,0.1,0.2,0.1,0.0,True
0.1,-0.4121547920740345,representational_loss,-0.1,0.1,0.2,0.1,0.0,True
0.1,0.6969316347102041,representational_loss,-0.1,0.1,0.2,0.1,0.0,True
0.1,-0.6618327826471604,representational_loss,-0.1,0.1,0.2,0.1,0.0,True
0.1,-0.5935810306368945,representational_loss,-0.1,0.1,0.2,0.1,0.0,True
0.1,-0.107613280944308,representational_loss,-0.1,0.1,0.2,0.1,0.0,True
0.1,-0.3709318872037015,representational_loss,-0.1,0.1,0.2,0.1,0.0,True
0.1,-0.4162961281524351,representational_loss,-0.1,0.1,0.2,0.1,0.0,True
0.1,0.7819777882107342,representational_loss,-0.1,0.1,0.2,0.1,0.0,True
0.1,0.7553200969203957,representational_loss,-0.1,0.1,0.2,0.1,0.0,True
0.1,0.08323407740455457,representational_loss,-0.1,0.1,0.2,0.1,0.0,True
0.1,0.6064435820788143,representational_loss,-0.1,0.1,0.2,0.1,0.0,True
0.1,-0.48612357931526695,representational_loss,-0.1,0.1,0.2,0.1,0.0,True
0.1,0.284729981605103,representational_loss,-0.1,0.1,0.2,0.1,0.0,True
0.1,0.3058778108174631,representational_loss,-0.1,0.1,0.2,0.1,0.0,True
0.1,0.8678178717640825,representational_loss,-0.1,0.1,0.2,0.1,0.0,True
0.1,-0.01848727101563763,representational_loss,-0.1,0.1,0.2,0.1,0.0,True
0.1,-0.2276537482813017,representational_loss,-0.1,0.1,0.2,0.1,0.0,True
0.1,-0.8052048965516636,representational_loss,-0.1,0.1,0.2,0.1,0.0,True
0.1,-0.3119805227243675,representational_loss,-0.1,0.1,0.2,0.1,0.0,True
0.1,0.5565122423765823,representational_loss,-0.1,0.1,0.2,0.1,0.0,True
0.1,-0.6923098378931098,representational_loss,-0.1,0.1,0.2,0.1,0.0,True
0.1,-0.046267127149039355,representational_loss,-0.1,0.1,0.2,0.1,0.0,True
0.1,0.9434739060646882,representational_loss,-0.1,0.1,0.2,0.1,0.0,True
0.1,-0.22580205066451797,representational_loss,-0.1,0.1,0.2,0.1,0.0,True
0.1,0.5631620328276021,representational_loss,-0.1,0.1,0.2,0.1,0.0,True
0.1,-0.39505446160689317,representational_loss,-0.1,0.1,0.2,0.1,0.0,True
0.1,-0.5552558292672138,representational_loss,-0.1,0.1,0.2,0.1,0.0,True
0.1,0.40620545282353104,representational_loss,-0.1,0.1,0.2,0.1,0.0,True
0.1,0.40441464633524693,representational_loss,-0.1,0.1,0.2,0.1,0.0,True
0.1,-0.5382343899971982,representational_loss,-0.1,0.1,0.2,0.1,0.0,True
0.1,-0.6115790685108822,representational_loss,-0.1,0.1,0.2,0.1,0.0,True
0.1,0.6776846008471311,representational_loss,-0.1,0.1,0.2,0.1,0.0,True
0.1,0.8182435444764,representational_loss,-0.1,0.1,0.2,0.1,0.0,True
0.1,-0.6435235607786318,representational_loss,-0.1,0.1,0.2,0.1,0.0,True
0.1,0.1627938536119744,representational_loss,-0.1,0.1,0.2,0.1,0.0,True
0.1,0.7961019877456432,representational_loss,-0.1,0.1,0.2,0.1,0.0,True
0.1,0.34613121665971436,representational_loss,-0.1,0.1,0.2,0.1,0.0,True
0.1,0.0477400764146827,representational_loss,-0.1,0.1,0.2,0.1,0.0,True
0.1,-0.3631160167695553,representational_loss,-0.1,0.1,0.2,0.1,0.0,True
0.1,-0.58863204247367,representational_loss,-0.1,0.1,0.2,0.1,0.0,True
0.1,-0.40008712849565065,representational_loss,-0.1,0.1,0.2,0.1,0.0,True
0.1,0.19559149824914335,representational_loss,-0.1,0.1,0.2,0.1,0.0,True
0.1,-0.9893605537964882,representational_loss,-0.1,0.1,0.2,0.1,0.0,True
0.1,-0.977908487846685,representational_loss,-0.1,0.1,0.2,0.1,0.0,True
0.1,0.9723573385014295,representational_loss,-0.1,0.1,0.2,0.1,0.0,True
0.1,0.1391384004195173,representational_loss,-0.1,0.1,0.2,0.1,0.0,True
0.1,-0.4887582780537536,representational_loss,-0.1,0.1,0.2,0.1,0.0,True
0.1,-0.6770123231190006,representational_loss,-0.1,0.1,0.2,0.1,0.0,True
0.1,-0.2865175537241236,representational_loss,-0.1,0.1,0.2,0.1,0.0,True
0.1,0.983998848406159,representational_loss,-0.1,0.1,0.2,0.1,0.0,True
0.1,-0.9351387260434085,representational_loss,-0.1,0.1,0.2,0.1,0.0,True
0.1,-0.16034104875501876,representational_loss,-0.1,0.1,0.2,0.1,0.0,True
0.1,-0.07216292192203322,representational_loss,-0.1,0.1,0.2,0.1,0.0,True
0.1,-0.7371418121535225,representational_loss,-0.1,0.1,0.2,0.1,0.0,True
0.25,0.31049579472307687,preserved,-0.25,0.25,0.5,0.25,0.5,False
0.25,-0.0544783025156117,preserved,-0.25,0.25,0.5,0.25,0.5,False
0.25,-0.12781138912279855,preserved,-0.25,0.25,0.5,0.25,0.5,False
0.25,0.5299350613134177,preserved,-0.25,0.25,0.5,0.25,0.5,False
0.25,0.38682739000250366,preserved,-0.25,0.25,0.5,0.25,0.5,False
0.25,-0.19045053559397296,preserved,-0.25,0.25,0.5,0.25,0.5,False
0.25,0.70823724353804,preserved,-0.25,0.25,0.5,0.25,0.5,False
0.25,0.8590777916043291,preserved,-0.25,0.25,0.5,0.25,0.5,False
0.25,-0.16224522718974566,preserved,-0.25,0.25,0.5,0.25,0.5,False
0.25,0.8311837747437014,preserved,-0.25,0.25,0.5,0.25,0.5,False
0.25,-0.8310538229127051,preserved,-0.25,0.25,0.5,0.25,0.5,False
0.25,0.6116406539533468,preserved,-0.25,0.25,0.5,0.25,0.5,False
0.25,-0.41945563763473737,preserved,-0.25,0.25,0.5,0.25,0.5,False
0.25,0.6204050729196233,preserved,-0.25,0.25,0.5,0.25,0.5,False
0.25,-0.7189943149675428,preserved,-0.25,0.25,0.5,0.25,0.5,False
0.25,-0.33178555171797397,preserved,-0.25,0.25,0.5,0.25,0.5,False
0.25,0.9051423788519595,preserved,-0.25,0.25,0.5,0.25,0.5,False
0.25,0.056915519521514746,preserved,-0.25,0.25,0.5,0.25,0.5,False
0.25,0.649876102332339,preserved,-0.25,0.25,0.5,0.25,0.5,False
0.25,-0.3622554796800377,preserved,-0.25,0.25,0.5,0.25,0.5,False
0.25,-0.02757930366150152,preserved,-0.25,0.25,0.5,0.25,0.5,False
0.25,0.9062959550759366,preserved,-0.25,0.25,0.5,0.25,0.5,False
0.25,0.08979263473561305,preserved,-0.25,0.25,0.5,0.25,0.5,False
0.25,0.5810436969343922,preserved,-0.25,0.25,0.5,0.25,0.5,False
0.25,0.33351277528201106,preserved,-0.25,0.25,0.5,0.25,0.5,False
0.25,0.50021045803603,preserved,-0.25,0.25,0.5,0.25,0.5,False
0.25,0.647829676283949,preserved,-0.25,0.25,0.5,0.25,0.5,False
0.25,0.2532301034366604,preserved,-0.25,0.25,0.5,0.25,0.5,False
0.25,-0.45731192417320954,preserved,-0.25,0.25,0.5,0.25,0.5,False
0.25,0.9656692799074889,preserved,-0.25,0.25,0.5,0.25,0.5,False
0.25,0.7956682782658702,preserved,-0.25,0.25,0.5,0.25,0.5,False
0.25,-0.870113418836362,preserved,-0.25,0.25,0.5,0.25,0.5,False
0.25,0.6471733576066463,preserved,-0.25,0.25,0.5,0.25,0.5,False
0.25,-0.12258281205750432,preserved,-0.25,0.25,0.5,0.25,0.5,False
0.25,-0.7924659681337014,preserved,-0.25,0.25,0.5,0.25,0.5,False
0.25,-0.9614538437044982,preserved,-0.25,0.25,0.5,0.25,0.5,False
0.25,0.31204629970955255,preserved,-0.25,0.25,0.5,0.25,0.5,False
0.25,-0.14035420870731552,preserved,-0.25,0.25,0.5,0.25,0.5,False
0.25,-0.03808592435085645,preserved,-0.25,0.25,0.5,0.25,0.5,False
0.25,-0.031001603913969555,preserved,-0.25,0.25,0.5,0.25,0.5,False
0.25,-0.8829243891653982,preserved,-0.25,0.25,0.5,0.25,0.5,False
0.25,0.28145074654754487,preserved,-0.25,0.25,0.5,0.25,0.5,False
0.25,0.17575530208529533,preserved,-0.25,0.25,0.5,0.25,0.5,False
0.25,0.5869151184415577,preserved,-0.25,0.25,0.5,0.25,0.5,False
0.25,-0.5263150616207499,preserved,-0.25,0.25,0.5,0.25,0.5,False
0.25,0.12658518870624014,preserved,-0.25,0.25,0.5,0.25,0.5,False
0.25,-0.05105663381821013,preserved,-0.25,0.25,0.5,0.25,0.5,False
0.25,-0.8536492355351997,preserved,-0.25,0.25,0.5,0.25,0.5,False
0.25,0.5910251531573292,preserved,-0.25,0.25,0.5,0.25,0.5,False
0.25,0.7152698353286933,preserved,-0.25,0.25,0.5,0.25,0.5,False
0.25,-0.15599102732261771,preserved,-0.25,0.25,0.5,0.25,0.5,False
0.25,-0.8452088463348866,preserved,-0.25,0.25,0.5,0.25,0.5,False
0.25,-0.214495034172401,preserved,-0.25,0.25,0.5,0.25,0.5,False
0.25,0.4127483393911855,preserved,-0.25,0.25,0.5,0.25,0.5,False
0.25,-0.4137604310991858,preserved,-0.25,0.25,0.5,0.25,0.5,False
0.25,0.04633768978265618,preserved,-0.25,0.25,0.5,0.25,0.5,False
0.25,-0.9049904282084853,preserved,-0.25,0.25,0.5,0.25,0.5,False
0.25,-0.9468006466011301,preserved,-0.25,0.25,0.5,0.25,0.5,False
0.25,0.2865572848647602,preserved,-0.25,0.25,0.5,0.25,0.5,False
0.25,-0.49246765247474134,preserved,-0.25,0.25,0.5,0.25,0.5,False
0.25,0.8039372838760315,preserved,-0.25,0.25,0.5,0.25,0.5,False
0.25,0.23854233913248857,preserved,-0.25,0.25,0.5,0.25,0.5,False
0.25,-0.22877562371946514,preserved,-0.25,0.25,0.5,0.25,0.5,False
0.25,-0.4592651872471767,preserved,-0.25,0.25,0.5,0.25,0.5,False
0.25,-0.7334459835031455,preserved,-0.25,0.25,0.5,0.25,0.5,False
0.25,0.7849792272104572,preserved,-0.25,0.25,0.5,0.25,0.5,False
0.25,0.9963682238696876,preserved,-0.25,0.25,0.5,0.25,0.5,False
0.25,0.5255374282782288,preserved,-0.25,0.25,0.5,0.25,0.5,False
0.25,0.6189325177054181,preserved,-0.25,0.25,0.5,0.25,0.5,False
0.25,0.2784174392851164,preserved,-0.25,0.25,0.5,0.25,0.5,False
0.25,-0.5449187503356108,preserved,-0.25,0.25,0.5,0.25,0.5,False
0.25,0.5821306509718223,preserved,-0.25,0.25,0.5,0.25,0.5,False
0.25,0.8169298964431191,preserved,-0.25,0.25,0.5,0.25,0.5,False
0.25,0.6344540015152722,preserved,-0.25,0.25,0.5,0.25,0.5,False
0.25,-0.0679971724109083,preserved,-0.25,0.25,0.5,0.25,0.5,False
0.25,0.4797205691252253,preserved,-0.25,0.25,0.5,0.25,0.5,False
0.25,0.7458717976560796,preserved,-0.25,0.25,0.5,0.25,0.5,False
0.25,0.8928117786822543,preserved,-0.25,0.25,0.5,0.25,0.5,False
0.25,-0.605839376454282,preserved,-0.25,0.25,0.5,0.25,0.5,False
0.25,0.35641051629417264,preserved,-0.25,0.25,0.5,0.25,0.5,False
0.25,-0.07828174675552124,preserved,-0.25,0.25,0.5,0.25,0.5,False
0.25,0.04802168304651522,preserved,-0.25,0.25,0.5,0.25,0.5,False
0.25,-0.08759571965009272,preserved,-0.25,0.25,0.5,0.25,0.5,False
0.25,-0.4592879410994537,preserved,-0.25,0.25,0.5,0.25,0.5,False
0.25,-0.4791975823807606,preserved,-0.25,0.25,0.5,0.25,0.5,False
0.25,-0.46088016473893445,preserved,-0.25,0.25,0.5,0.25,0.5,False
0.25,0.13025123921138504,preserved,-0.25,0.25,0.5,0.25,0.5,False
0.25,0.9357666605760042,preserved,-0.25,0.25,0.5,0.25,0.5,False
0.25,0.7992196548412991,preserved,-0.25,0.25,0.5,0.25,0.5,False
0.25,0.48812365962949245,preserved,-0.25,0.25,0.5,0.25,0.5,False
0.25,0.5577525197458773,preserved,-0.25,0.25,0.5,0.25,0.5,False
0.25,-0.6607378978230116,preserved,-0.25,0.25,0.5,0.25,0.5,False
0.25,0.47164107896492813,preserved,-0.25,0.25,0.5,0.25,0.5,False
0.25,-0.30950064143013334,preserved,-0.25,0.25,0.5,0.25,0.5,False
0.25,0.006150742417380561,preserved,-0.25,0.25,0.5,0.25,0.5,False
0.25,-0.4043130656082028,preserved,-0.25,0.25,0.5,0.25,0.5,False
0.25,-0.9888145923654321,preserved,-0.25,0.25,0.5,0.25,0.5,False
0.25,0.5865227529641686,preserved,-0.25,0.25,0.5,0.25,0.5,False
0.25,0.9014214844330504,preserved,-0.25,0.25,0.5,0.25,0.5,False
0.25,-0.9072770127610534,preserved,-0.25,0.25,0.5,0.25,0.5,False
0.25,-0.22743319749475832,preserved,-0.25,0.25,0.5,0.25,0.5,False
0.25,0.04912431712130805,preserved,-0.25,0.25,0.5,0.25,0.5,False
0.25,0.8282574348692169,preserved,-0.25,0.25,0.5,0.25,0.5,False
0.25,-0.00839759326178946,preserved,-0.25,0.25,0.5,0.25,0.5,False
0.25,-0.4534342640622766,preserved,-0.25,0.25,0.5,0.25,0.5,False
0.25,0.15866354285373863,preserved,-0.25,0.25,0.5,0.25,0.5,False
0.25,0.8471249917027401,preserved,-0.25,0.25,0.5,0.25,0.5,False
0.25,0.4341712990684854,preserved,-0.25,0.25,0.5,0.25,0.5,False
0.25,-0.5579245254168461,preserved,-0.25,0.25,0.5,0.25,0.5,False
0.25,0.8874979969348114,preserved,-0.25,0.25,0.5,0.25,0.5,False
0.25,0.45878462494768923,preserved,-0.25,0.25,0.5,0.25,0.5,False
0.25,-0.22918533573857847,preserved,-0.25,0.25,0.5,0.25,0.5,False
0.25,0.7060350861125313,preserved,-0.25,0.25,0.5,0.25,0.5,False
0.25,0.013691044061096669,preserved,-0.25,0.25,0.5,0.25,0.5,False
0.25,-0.6679307363934819,preserved,-0.25,0.25,0.5,0.25,0.5,False
0.25,0.47627692737809557,preserved,-0.25,0.25,0.5,0.25,0.5,False
0.25,-0.8132460696686934,preserved,-0.25,0.25,0.5,0.25,0.5,False
0.25,-0.4630246056374723,preserved,-0.25,0.25,0.5,0.25,0.5,False
0.25,0.13159075331795367,preserved,-0.25,0.25,0.5,0.25,0.5,False
0.25,0.628041926397312,preserved,-0.25,0.25,0.5,0.25,0.5,False
0.25,0.3175909861569175,preserved,-0.25,0.25,0.5,0.25,0.5,False
0.25,-0.6452120471825318,preserved,-0.25,0.25,0.5,0.25,0.5,False
0.25,0.7997939791519331,preserved,-0.25,0.25,0.5,0.25,0.5,False
0.25,-0.399954880488093,preserved,-0.25,0.25,0.5,0.25,0.5,False
0.25,-0.6150584205536416,preserved,-0.25,0.25,0.5,0.25,0.5,False
0.25,0.7551450057242699,preserved,-0.25,0.25,0.5,0.25,0.5,False
0.25,0.34391080908622573,preserved,-0.25,0.25,0.5,0.25,0.5,False
0.25,-0.07539281140034193,preserved,-0.25,0.25,0.5,0.25,0.5,False
0.25,0.3337412174692349,preserved,-0.25,0.25,0.5,0.25,0.5,False
0.25,-0.11317642222437074,preserved,-0.25,0.25,0.5,0.25,0.5,False
0.25,-0.17109794556340163,preserved,-0.25,0.25,0.5,0.25,0.5,False
0.25,0.5085950572324311,preserved,-0.25,0.25,0.5,0.25,0.5,False
0.25,-0.861384204995375,preserved,-0.25,0.25,0.5,0.25,0.5,False
0.25,0.3811822324470917,preserved,-0.25,0.25,0.5,0.25,0.5,False
0.25,-0.905392452819151,preserved,-0.25,0.25,0.5,0.25,0.5,False
0.25,0.8898059822179134,preserved,-0.25,0.25,0.5,0.25,0.5,False
0.25,-0.5763859333395975,preserved,-0.25,0.25,0.5,0.25,0.5,False
0.25,-0.964407319465105,preserved,-0.25,0.25,0.5,0.25,0.5,False
0.25,0.26058124299304897,preserved,-0.25,0.25,0.5,0.25,0.5,False
0.25,-0.64549181166322,preserved,-0.25,0.25,0.5,0.25,0.5,False
0.25,-0.2977129604360824,preserved,-0.25,0.25,0.5,0.25,0.5,False
0.25,0.6066154207899217,preserved,-0.25,0.25,0.5,0.25,0.5,False
0.25,0.9409205436385051,preserved,-0.25,0.25,0.5,0.25,0.5,False
0.25,0.6764918378562408,preserved,-0.25,0.25,0.5,0.25,0.5,False
0.25,-0.4894497934337676,preserved,-0.25,0.25,0.5,0.25,0.5,False
0.25,-0.218689766073624,preserved,-0.25,0.25,0.5,0.25,0.5,False
0.25,0.9103464518063316,preserved,-0.25,0.25,0.5,0.25,0.5,False
0.25,0.7634253391195944,preserved,-0.25,0.25,0.5,0.25,0.5,False
0.25,-0.6469552796028921,preserved,-0.25,0.25,0.5,0.25,0.5,False
0.25,0.3471389638919997,preserved,-0.25,0.25,0.5,0.25,0.5,False
0.25,-0.1905422132180956,preserved,-0.25,0.25,0.5,0.25,0.5,False
0.25,0.9280162454270979,preserved,-0.25,0.25,0.5,0.25,0.5,False
0.25,0.21049316865814816,preserved,-0.25,0.25,0.5,0.25,0.5,False
0.25,0.588180909994884,preserved,-0.25,0.25,0.5,0.25,0.5,False
0.25,0.8884597191285108,preserved,-0.25,0.25,0.5,0.25,0.5,False
0.25,-0.7217947798934423,preserved,-0.25,0.25,0.5,0.25,0.5,False
0.25,0.3866736219255136,preserved,-0.25,0.25,0.5,0.25,0.5,False
0.25,-0.8417916323476329,preserved,-0.25,0.25,0.5,0.25,0.5,False
0.25,0.04359429669335335,preserved,-0.25,0.25,0.5,0.25,0.5,False
0.25,0.6804354125476306,preserved,-0.25,0.25,0.5,0.25,0.5,False
0.25,-0.7769751930153768,preserved,-0.25,0.25,0.5,0.25,0.5,False
0.25,0.09688425474414486,preserved,-0.25,0.25,0.5,0.25,0.5,False
0.25,0.4429915850273789,preserved,-0.25,0.25,0.5,0.25,0.5,False
0.25,0.22557220497124408,preserved,-0.25,0.25,0.5,0.25,0.5,False
0.25,-0.8755892952698585,preserved,-0.25,0.25,0.5,0.25,0.5,False
0.25,0.23036258171248747,preserved,-0.25,0.25,0.5,0.25,0.5,False
0.25,0.366564605909824,preserved,-0.25,0.25,0.5,0.25,0.5,False
0.25,0.6575705868014277,preserved,-0.25,0.25,0.5,0.25,0.5,False
0.25,-0.25114894519639175,preserved,-0.25,0.25,0.5,0.25,0.5,False
0.25,0.44486449900321423,preserved,-0.25,0.25,0.5,0.25,0.5,False
0.25,0.3562118114481079,preserved,-0.25,0.25,0.5,0.25,0.5,False
0.25,-0.7738593471613402,preserved,-0.25,0.25,0.5,0.25,0.5,False
0.25,-0.23774158185681382,preserved,-0.25,0.25,0.5,0.25,0.5,False
0.25,-0.6244029760163261,preserved,-0.25,0.25,0.5,0.25,0.5,False
0.25,0.12817241266453872,preserved,-0.25,0.25,0.5,0.25,0.5,False
0.25,0.63694827377485,preserved,-0.25,0.25,0.5,0.25,0.5,False
0.25,0.850989642710668,preserved,-0.25,0.25,0.5,0.25,0.5,False
0.25,-0.42520433839566185,preserved,-0.25,0.25,0.5,0.25,0.5,False
0.25,0.42059323090714007,preserved,-0.25,0.25,0.5,0.25,0.5,False
0.25,-0.7704036097936089,preserved,-0.25,0.25,0.5,0.25,0.5,False
0.25,0.08334815590326605,preserved,-0.25,0.25,0.5,0.25,0.5,False
0.25,-0.7997120578711134,preserved,-0.25,0.25,0.5,0.25,0.5,False
0.25,0.852233204579931,preserved,-0.25,0.25,0.5,0.25,0.5,False
0.25,-0.08098571903154661,preserved,-0.25,0.25,0.5,0.25,0.5,False
0.25,0.0313234654596255,preserved,-0.25,0.25,0.5,0.25,0.5,False
0.25,-0.7673848403253414,preserved,-0.25,0.25,0.5,0.25,0.5,False
0.25,0.8095800026625144,preserved,-0.25,0.25,0.5,0.25,0.5,False
0.25,0.8924407449849374,preserved,-0.25,0.25,0.5,0.25,0.5,False
0.25,0.41731625073671164,preserved,-0.25,0.25,0.5,0.25,0.5,False
0.25,0.9671058225924811,preserved,-0.25,0.25,0.5,0.25,0.5,False
0.25,0.49924912547425393,preserved,-0.25,0.25,0.5,0.25,0.5,False
0.25,-0.4081600594637209,preserved,-0.25,0.25,0.5,0.25,0.5,False
0.25,0.12733306640424824,preserved,-0.25,0.25,0.5,0.25,0.5,False
0.25,-0.6994847909970212,preserved,-0.25,0.25,0.5,0.25,0.5,False
0.25,0.7453874988261173,preserved,-0.25,0.25,0.5,0.25,0.5,False
0.25,-0.39934225455299255,preserved,-0.25,0.25,0.5,0.25,0.5,False
0.25,-0.37106524114965,preserved,-0.25,0.25,0.5,0.25,0.5,False
0.25,-0.3571446153375304,preserved,-0.25,0.25,0.5,0.25,0.5,False
0.25,-0.4875327977896633,preserved,-0.25,0.25,0.5,0.25,0.5,False
0.25,-0.32273704677186443,preserved,-0.25,0.25,0.5,0.25,0.5,False
0.25,-0.7362649934033727,preserved,-0.25,0.25,0.5,0.25,0.5,False
0.25,-0.9412894956554045,preserved,-0.25,0.25,0.5,0.25,0.5,False
0.25,0.949399966465097,preserved,-0.25,0.25,0.5,0.25,0.5,False
0.25,-0.2733239512178338,preserved,-0.25,0.25,0.5,0.25,0.5,False
0.25,0.9832286287329699,preserved,-0.25,0.25,0.5,0.25,0.5,False
0.25,0.3754439151517126,preserved,-0.25,0.25,0.5,0.25,0.5,False
0.25,0.6312802355192311,preserved,-0.25,0.25,0.5,0.25,0.5,False
0.25,-0.7603765281526325,preserved,-0.25,0.25,0.5,0.25,0.5,False
0.25,-0.05535833868556783,preserved,-0.25,0.25,0.5,0.25,0.5,False
0.25,-0.6925309283603391,preserved,-0.25,0.25,0.5,0.25,0.5,False
0.25,-0.17411408655593763,preserved,-0.25,0.25,0.5,0.25,0.5,False
0.25,-0.7958049962626723,preserved,-0.25,0.25,0.5,0.25,0.5,False
0.25,0.04765784277307872,preserved,-0.25,0.25,0.5,0.25,0.5,False
0.25,0.6191924548505301,preserved,-0.25,0.25,0.5,0.25,0.5,False
0.25,0.7977561645815587,preserved,-0.25,0.25,0.5,0.25,0.5,False
0.25,0.7928248796583686,preserved,-0.25,0.25,0.5,0.25,0.5,False
0.25,0.6112099965971571,preserved,-0.25,0.25,0.5,0.25,0.5,False
0.25,0.38201691095848567,preserved,-0.25,0.25,0.5,0.25,0.5,False
0.25,-0.35291483651274436,preserved,-0.25,0.25,0.5,0.25,0.5,False
0.25,-0.7636674087551842,preserved,-0.25,0.25,0.5,0.25,0.5,False
0.25,0.2052439862300759,preserved,-0.25,0.25,0.5,0.25,0.5,False
0.25,-0.6789095345535539,preserved,-0.25,0.25,0.5,0.25,0.5,False
0.25,0.3760127744590034,preserved,-0.25,0.25,0.5,0.25,0.5,False
0.25,-0.929645204974815,preserved,-0.25,0.25,0.5,0.25,0.5,False
0.25,0.9764288325282982,preserved,-0.25,0.25,0.5,0.25,0.5,False
0.25,0.4630115882449697,preserved,-0.25,0.25,0.5,0.25,0.5,False
0.25,-0.6449326440940126,preserved,-0.25,0.25,0.5,0.25,0.5,False
0.25,-0.6625333869505821,preserved,-0.25,0.25,0.5,0.25,0.5,False
0.25,-0.9561146194240329,preserved,-0.25,0.25,0.5,0.25,0.5,False
0.25,-0.8786167140913206,preserved,-0.25,0.25,0.5,0.25,0.5,False
0.25,0.26025557277455635,preserved,-0.25,0.25,0.5,0.25,0.5,False
0.25,0.8875272581262805,preserved,-0.25,0.25,0.5,0.25,0.5,False
0.25,0.8357910311198082,preserved,-0.25,0.25,0.5,0.25,0.5,False
0.25,0.8716453143174834,preserved,-0.25,0.25,0.5,0.25,0.5,False
0.25,-0.9421740852283209,preserved,-0.25,0.25,0.5,0.25,0.5,False
0.25,0.4992893000910221,preserved,-0.25,0.25,0.5,0.25,0.5,False
0.25,0.056483498876022775,preserved,-0.25,0.25,0.5,0.25,0.5,False
0.25,-0.5542594545316981,preserved,-0.25,0.25,0.5,0.25,0.5,False
0.25,0.4527163386220667,preserved,-0.25,0.25,0.5,0.25,0.5,False
0.25,-0.09124005371828181,preserved,-0.25,0.25,0.5,0.25,0.5,False
0.25,-0.9723280882765233,preserved,-0.25,0.25,0.5,0.25,0.5,False
0.25,-0.9595965600016509,preserved,-0.25,0.25,0.5,0.25,0.5,False
0.25,0.6811286228637581,preserved,-0.25,0.25,0.5,0.25,0.5,False
0.25,-0.6305426582080407,preserved,-0.25,0.25,0.5,0.25,0.5,False
0.25,0.27751928673165605,preserved,-0.25,0.25,0.5,0.25,0.5,False
0.25,-0.43799329170498935,preserved,-0.25,0.25,0.5,0.25,0.5,False
0.25,0.7407965863974528,preserved,-0.25,0.25,0.5,0.25,0.5,False
0.25,-0.5050683075077049,preserved,-0.25,0.25,0.5,0.25,0.5,False
0.25,0.17518316972415682,preserved,-0.25,0.25,0.5,0.25,0.5,False
0.25,0.15634082984207964,preserved,-0.25,0.25,0.5,0.25,0.5,False
0.25,-0.3313452221469564,preserved,-0.25,0.25,0.5,0.25,0.5,False
0.25,-0.060836377829430965,preserved,-0.25,0.25,0.5,0.25,0.5,False
0.25,0.6149836815194409,preserved,-0.25,0.25,0.5,0.25,0.5,False
0.25,-0.3799394874654398,preserved,-0.25,0.25,0.5,0.25,0.5,False
0.25,-0.5998178362496549,preserved,-0.25,0.25,0.5,0.25,0.5,False
0.25,-0.05388956507324738,preserved,-0.25,0.25,0.5,0.25,0.5,False
0.25,-0.4296790841221696,preserved,-0.25,0.25,0.5,0.25,0.5,False
0.25,0.8689320215151528,preserved,-0.25,0.25,0.5,0.25,0.5,False
0.25,0.4015159674383897,preserved,-0.25,0.25,0.5,0.25,0.5,False
0.25,0.47968333099846316,preserved,-0.25,0.25,0.5,0.25,0.5,False
0.25,-0.9584047822053783,preserved,-0.25,0.25,0.5,0.25,0.5,False
0.25,-0.9252374598718902,preserved,-0.25,0.25,0.5,0.25,0.5,False
0.25,-0.989298996773726,preserved,-0.25,0.25,0.5,0.25,0.5,False
0.25,0.6023595526594803,preserved,-0.25,0.25,0.5,0.25,0.5,False
0.25,0.50112674891195,preserved,-0.25,0.25,0.5,0.25,0.5,False
0.25,-0.34301449230510705,preserved,-0.25,0.25,0.5,0.25,0.5,False
0.25,-0.9678456411950984,preserved,-0.25,0.25,0.5,0.25,0.5,False
0.25,0.013842838957736303,preserved,-0.25,0.25,0.5,0.25,0.5,False
0.25,-0.5756454273521052,preserved,-0.25,0.25,0.5,0.25,0.5,False
0.25,-0.36061337417963935,preserved,-0.25,0.25,0.5,0.25,0.5,False
0.25,-0.5041963236166997,preserved,-0.25,0.25,0.5,0.25,0.5,False
0.25,0.48285046000332743,preserved,-0.25,0.25,0.5,0.25,0.5,False
0.25,0.7464557795245894,preserved,-0.25,0.25,0.5,0.25,0.5,False
0.25,0.30620170540079217,preserved,-0.25,0.25,0.5,0.25,0.5,False
0.25,0.3039364571559997,preserved,-0.25,0.25,0.5,0.25,0.5,False
0.25,0.09259095037883447,preserved,-0.25,0.25,0.5,0.25,0.5,False
0.25,0.23558652599215324,preserved,-0.25,0.25,0.5,0.25,0.5,False
0.25,-0.862069360652139,preserved,-0.25,0.25,0.5,0.25,0.5,False
0.25,0.3707328221673134,preserved,-0.25,0.25,0.5,0.25,0.5,False
0.25,-0.791727534157705,preserved,-0.25,0.25,0.5,0.25,0.5,False
0.25,-0.13735888748983616,preserved,-0.25,0.25,0.5,0.25,0.5,False
0.25,0.15485034001520592,preserved,-0.25,0.25,0.5,0.25,0.5,False
0.25,0.5012253339975778,preserved,-0.25,0.25,0.5,0.25,0.5,False
0.25,0.7739052260105901,preserved,-0.25,0.25,0.5,0.25,0.5,False
0.25,0.46236524230627474,preserved,-0.25,0.25,0.5,0.25,0.5,False
0.25,0.6155228312052421,preserved,-0.25,0.25,0.5,0.25,0.5,False
0.25,0.1484836835988692,preserved,-0.25,0.25,0.5,0.25,0.5,False
0.25,-0.7791859424571712,preserved,-0.25,0.25,0.5,0.25,0.5,False
0.25,0.9779579986164688,preserved,-0.25,0.25,0.5,0.25,0.5,False
0.25,-0.9055581133516195,preserved,-0.25,0.25,0.5,0.25,0.5,False
0.25,-0.34501955726892186,preserved,-0.25,0.25,0.5,0.25,0.5,False
0.25,0.33429119879228564,preserved,-0.25,0.25,0.5,0.25,0.5,False
0.25,0.1822361587399839,preserved,-0.25,0.25,0.5,0.25,0.5,False
0.25,0.38814373102906474,preserved,-0.25,0.25,0.5,0.25,0.5,False
0.25,-0.04383334144119866,preserved,-0.25,0.25,0.5,0.25,0.5,False
0.25,0.4489084697508863,preserved,-0.25,0.25,0.5,0.25,0.5,False
0.25,0.20867536968170053,preserved,-0.25,0.25,0.5,0.25,0.5,False
0.25,0.9570180071418772,preserved,-0.25,0.25,0.5,0.25,0.5,False
0.25,-0.6593357511484534,preserved,-0.25,0.25,0.5,0.25,0.5,False
0.25,-0.4882448635448178,preserved,-0.25,0.25,0.5,0.25,0.5,False
0.25,-0.9376303373764001,preserved,-0.25,0.25,0.5,0.25,0.5,False
0.25,-0.12881517729272995,preserved,-0.25,0.25,0.5,0.25,0.5,False
0.25,-0.6510700574819994,preserved,-0.25,0.25,0.5,0.25,0.5,False
0.25,-0.10251441744672807,preserved,-0.25,0.25,0.5,0.25,0.5,False
0.25,0.959825575249114,preserved,-0.25,0.25,0.5,0.25,0.5,False
0.25,0.07418140961152409,preserved,-0.25,0.25,0.5,0.25,0.5,False
0.25,0.5291365758836162,preserved,-0.25,0.25,0.5,0.25,0.5,False
0.25,0.961965348254235,preserved,-0.25,0.25,0.5,0.25,0.5,False
0.25,0.9373125880619537,preserved,-0.25,0.25,0.5,0.25,0.5,False
0.25,0.9329693660055711,preserved,-0.25,0.25,0.5,0.25,0.5,False
0.25,-0.3604623549487125,preserved,-0.25,0.25,0.5,0.25,0.5,False
0.25,0.4553969551137096,preserved,-0.25,0.25,0.5,0.25,0.5,False
0.25,0.4023614249712628,preserved,-0.25,0.25,0.5,0.25,0.5,False
0.25,-0.6245530065190772,preserved,-0.25,0.25,0.5,0.25,0.5,False
0.25,-0.8830529746459226,preserved,-0.25,0.25,0.5,0.25,0.5,False
0.25,-0.94595268765798,preserved,-0.25,0.25,0.5,0.25,0.5,False
0.25,0.024679492901452216,preserved,-0.25,0.25,0.5,0.25,0.5,False
0.25,-0.088359890069025,preserved,-0.25,0.25,0.5,0.25,0.5,False
0.25,-0.7905920353695408,preserved,-0.25,0.25,0.5,0.25,0.5,False
0.25,0.023639382588547697,preserved,-0.25,0.25,0.5,0.25,0.5,False
0.25,0.982166459196181,preserved,-0.25,0.25,0.5,0.25,0.5,False
0.25,-0.1794978071694724,preserved,-0.25,0.25,0.5,0.25,0.5,False
0.25,0.05138513163268077,preserved,-0.25,0.25,0.5,0.25,0.5,False
0.25,0.21650207918539022,preserved,-0.25,0.25,0.5,0.25,0.5,False
0.25,0.1643578273965367,preserved,-0.25,0.25,0.5,0.25,0.5,False
0.25,-0.02975693595070772,preserved,-0.25,0.25,0.5,0.25,0.5,False
0.25,-0.5179147945713967,preserved,-0.25,0.25,0.5,0.25,0.5,False
0.25,-0.4659572306168702,preserved,-0.25,0.25,0.5,0.25,0.5,False
0.25,-0.8353093229547945,preserved,-0.25,0.25,0.5,0.25,0.5,False
0.25,-0.9904402568805826,preserved,-0.25,0.25,0.5,0.25,0.5,False
0.25,-0.7214013813439157,preserved,-0.25,0.25,0.5,0.25,0.5,False
0.25,0.7158877279811191,preserved,-0.25,0.25,0.5,0.25,0.5,False
0.25,-0.5825335143095172,preserved,-0.25,0.25,0.5,0.25,0.5,False
0.25,-0.9122989114063498,preserved,-0.25,0.25,0.5,0.25,0.5,False
0.25,0.7826675562158611,preserved,-0.25,0.25,0.5,0.25,0.5,False
0.25,-0.8799352982242197,preserved,-0.25,0.25,0.5,0.25,0.5,False
0.25,-0.4590472113813513,preserved,-0.25,0.25,0.5,0.25,0.5,False
0.25,-0.3935274643408879,preserved,-0.25,0.25,0.5,0.25,0.5,False
0.25,-0.3050644130638338,preserved,-0.25,0.25,0.5,0.25,0.5,False
0.25,0.9756345000384372,preserved,-0.25,0.25,0.5,0.25,0.5,False
0.25,-0.4841436773691148,preserved,-0.25,0.25,0.5,0.25,0.5,False
0.25,0.6109333377560109,preserved,-0.25,0.25,0.5,0.25,0.5,False
0.25,-0.36112120211154464,preserved,-0.25,0.25,0.5,0.25,0.5,False
0.25,-0.9195593529954582,preserved,-0.25,0.25,0.5,0.25,0.5,False
0.25,-0.033591703755498026,preserved,-0.25,0.25,0.5,0.25,0.5,False
0.25,-0.7134608131887408,preserved,-0.25,0.25,0.5,0.25,0.5,False
0.25,0.5045738714096033,preserved,-0.25,0.25,0.5,0.25,0.5,False
0.25,-0.013195024974247183,preserved,-0.25,0.25,0.5,0.25,0.5,False
0.25,0.7467292662982177,preserved,-0.25,0.25,0.5,0.25,0.5,False
0.25,-0.9938471002681235,preserved,-0.25,0.25,0.5,0.25,0.5,False
0.25,-0.4537991983560139,preserved,-0.25,0.25,0.5,0.25,0.5,False
0.25,-0.20361823692398828,preserved,-0.25,0.25,0.5,0.25,0.5,False
0.25,0.6174436848319538,preserved,-0.25,0.25,0.5,0.25,0.5,False
0.25,0.6535812108539447,preserved,-0.25,0.25,0.5,0.25,0.5,False
0.25,0.7134506408033354,preserved,-0.25,0.25,0.5,0.25,0.5,False
0.25,0.6001290967526867,preserved,-0.25,0.25,0.5,0.25,0.5,False
0.25,-0.49025711800940064,preserved,-0.25,0.25,0.5,0.25,0.5,False
0.25,0.7559692744334419,preserved,-0.25,0.25,0.5,0.25,0.5,False
0.25,-0.8647693131039396,preserved,-0.25,0.25,0.5,0.25,0.5,False
0.25,-0.8782127225733025,preserved,-0.25,0.25,0.5,0.25,0.5,False
0.25,-0.74220958377971,preserved,-0.25,0.25,0.5,0.25,0.5,False
0.25,0.5546801620039938,preserved,-0.25,0.25,0.5,0.25,0.5,False
0.25,-0.13226387804147488,preserved,-0.25,0.25,0.5,0.25,0.5,False
0.25,-0.054637333139272215,preserved,-0.25,0.25,0.5,0.25,0.5,False
0.25,-0.8471425585027148,preserved,-0.25,0.25,0.5,0.25,0.5,False
0.25,-0.41417475019221817,preserved,-0.25,0.25,0.5,0.25,0.5,False
0.25,-0.8159955098194414,preserved,-0.25,0.25,0.5,0.25,0.5,False
0.25,-0.25532141547635634,preserved,-0.25,0.25,0.5,0.25,0.5,False
0.25,-0.9314839282301115,preserved,-0.25,0.25,0.5,0.25,0.5,False
0.25,0.5803536740897037,preserved,-0.25,0.25,0.5,0.25,0.5,False
0.25,0.16057808325633105,preserved,-0.25,0.25,0.5,0.25,0.5,False
0.25,0.8085196289216001,preserved,-0.25,0.25,0.5,0.25,0.5,False
0.25,-0.5195919303586216,preserved,-0.25,0.25,0.5,0.25,0.5,False
0.25,0.614769128149063,preserved,-0.25,0.25,0.5,0.25,0.5,False
0.25,0.3467240960619664,preserved,-0.25,0.25,0.5,0.25,0.5,False
0.25,-0.8738694721656846,preserved,-0.25,0.25,0.5,0.25,0.5,False
0.25,-0.8768980984371233,preserved,-0.25,0.25,0.5,0.25,0.5,False
0.25,-0.9426190194911324,preserved,-0.25,0.25,0.5,0.25,0.5,False
0.25,-0.11762990382534722,preserved,-0.25,0.25,0.5,0.25,0.5,False
0.25,0.03590730176805246,preserved,-0.25,0.25,0.5,0.25,0.5,False
0.25,0.5292639486415975,preserved,-0.25,0.25,0.5,0.25,0.5,False
0.25,-0.03456627661583922,preserved,-0.25,0.25,0.5,0.25,0.5,False
0.25,0.33123964606971623,preserved,-0.25,0.25,0.5,0.25,0.5,False
0.25,0.9462100436622727,preserved,-0.25,0.25,0.5,0.25,0.5,False
0.25,-0.883919432009695,preserved,-0.25,0.25,0.5,0.25,0.5,False
0.25,0.206602639749909,preserved,-0.25,0.25,0.5,0.25,0.5,False
0.25,0.7004356166108925,preserved,-0.25,0.25,0.5,0.25,0.5,False
0.25,0.2987045559516097,preserved,-0.25,0.25,0.5,0.25,0.5,False
0.25,0.8723432550569736,preserved,-0.25,0.25,0.5,0.25,0.5,False
0.25,0.04872954790486239,preserved,-0.25,0.25,0.5,0.25,0.5,False
0.25,-0.4183664237889042,preserved,-0.25,0.25,0.5,0.25,0.5,False
0.25,-0.04330574634974571,preserved,-0.25,0.25,0.5,0.25,0.5,False
0.25,0.2277508176649099,preserved,-0.25,0.25,0.5,0.25,0.5,False
0.25,0.20316868026963708,preserved,-0.25,0.25,0.5,0.25,0.5,False
0.25,-0.5370325830982052,preserved,-0.25,0.25,0.5,0.25,0.5,False
0.25,0.7809305990709567,preserved,-0.25,0.25,0.5,0.25,0.5,False
0.25,0.586432210198709,preserved,-0.25,0.25,0.5,0.25,0.5,False
0.25,-0.5250904950416022,preserved,-0.25,0.25,0.5,0.25,0.5,False
0.25,-0.4953333563000242,preserved,-0.25,0.25,0.5,0.25,0.5,False
0.25,0.6286607263860395,preserved,-0.25,0.25,0.5,0.25,0.5,False
0.25,-0.4262885984918767,preserved,-0.25,0.25,0.5,0.25,0.5,False
0.25,-0.9630091196168555,preserved,-0.25,0.25,0.5,0.25,0.5,False
0.25,-0.3472563717483239,preserved,-0.25,0.25,0.5,0.25,0.5,False
0.25,-0.12097876525694007,preserved,-0.25,0.25,0.5,0.25,0.5,False
0.25,-0.3797544670221964,preserved,-0.25,0.25,0.5,0.25,0.5,False
0.25,-0.8092690605049111,preserved,-0.25,0.25,0.5,0.25,0.5,False
0.25,-0.514989824020978,preserved,-0.25,0.25,0.5,0.25,0.5,False
0.25,0.03563477429771034,preserved,-0.25,0.25,0.5,0.25,0.5,False
0.25,0.06790706752885267,preserved,-0.25,0.25,0.5,0.25,0.5,False
0.25,0.11399133373762682,preserved,-0.25,0.25,0.5,0.25,0.5,False
0.25,0.9034141116908814,preserved,-0.25,0.25,0.5,0.25,0.5,False
0.25,0.03693266424853525,preserved,-0.25,0.25,0.5,0.25,0.5,False
0.25,0.8023900279333802,preserved,-0.25,0.25,0.5,0.25,0.5,False
0.25,0.30332077058887075,preserved,-0.25,0.25,0.5,0.25,0.5,False
0.25,-0.65565811811642,preserved,-0.25,0.25,0.5,0.25,0.5,False
0.25,0.44551241129406716,preserved,-0.25,0.25,0.5,0.25,0.5,False
0.25,0.18630459900989127,preserved,-0.25,0.25,0.5,0.25,0.5,False
0.25,0.8545851709413168,preserved,-0.25,0.25,0.5,0.25,0.5,False
0.25,0.8704090045858732,preserved,-0.25,0.25,0.5,0.25,0.5,False
0.25,0.8842770298225675,preserved,-0.25,0.25,0.5,0.25,0.5,False
0.25,-0.37084973350439254,preserved,-0.25,0.25,0.5,0.25,0.5,False
0.25,0.301070576940242,preserved,-0.25,0.25,0.5,0.25,0.5,False
0.25,0.3768921766266313,preserved,-0.25,0.25,0.5,0.25,0.5,False
0.25,0.6600142485340506,preserved,-0.25,0.25,0.5,0.25,0.5,False
0.25,0.6612689553188362,preserved,-0.25,0.25,0.5,0.25,0.5,False
0.25,-0.8293240255494574,preserved,-0.25,0.25,0.5,0.25,0.5,False
0.25,0.2449057967075028,preserved,-0.25,0.25,0.5,0.25,0.5,False
0.25,-0.7745749305068252,preserved,-0.25,0.25,0.5,0.25,0.5,False
0.25,-0.4619195149725499,preserved,-0.25,0.25,0.5,0.25,0.5,False
0.25,0.6565658815214626,preserved,-0.25,0.25,0.5,0.25,0.5,False
0.25,-0.8430084594333682,preserved,-0.25,0.25,0.5,0.25,0.5,False
0.25,-0.3351958301963558,preserved,-0.25,0.25,0.5,0.25,0.5,False
0.25,0.32887026483899384,preserved,-0.25,0.25,0.5,0.25,0.5,False
0.25,-0.830543583804974,preserved,-0.25,0.25,0.5,0.25,0.5,False
0.25,-0.6302570442964723,preserved,-0.25,0.25,0.5,0.25,0.5,False
0.25,0.7784696488506186,preserved,-0.25,0.25,0.5,0.25,0.5,False
0.25,-0.4279548184801911,preserved,-0.25,0.25,0.5,0.25,0.5,False
0.25,0.9120793438807098,preserved,-0.25,0.25,0.5,0.25,0.5,False
0.25,-0.07583080840905687,preserved,-0.25,0.25,0.5,0.25,0.5,False
0.25,-0.6550116994131285,preserved,-0.25,0.25,0.5,0.25,0.5,False
0.25,-0.13219114935368648,preserved,-0.25,0.25,0.5,0.25,0.5,False
0.25,-0.8972825827465538,preserved,-0.25,0.25,0.5,0.25,0.5,False
0.25,-0.2896797115832579,preserved,-0.25,0.25,0.5,0.25,0.5,False
0.25,0.4099059260200266,preserved,-0.25,0.25,0.5,0.25,0.5,False
0.25,-0.17836041025844174,preserved,-0.25,0.25,0.5,0.25,0.5,False
0.25,0.25612427607838995,preserved,-0.25,0.25,0.5,0.25,0.5,False
0.25,-0.4121547920740345,preserved,-0.25,0.25,0.5,0.25,0.5,False
0.25,0.6969316347102041,preserved,-0.25,0.25,0.5,0.25,0.5,False
0.25,-0.6618327826471604,preserved,-0.25,0.25,0.5,0.25,0.5,False
0.25,-0.5935810306368945,preserved,-0.25,0.25,0.5,0.25,0.5,False
0.25,-0.107613280944308,preserved,-0.25,0.25,0.5,0.25,0.5,False
0.25,-0.3709318872037015,preserved,-0.25,0.25,0.5,0.25,0.5,False
0.25,-0.4162961281524351,preserved,-0.25,0.25,0.5,0.25,0.5,False
0.25,0.7819777882107342,preserved,-0.25,0.25,0.5,0.25,0.5,False
0.25,0.7553200969203957,preserved,-0.25,0.25,0.5,0.25,0.5,False
0.25,0.08323407740455457,preserved,-0.25,0.25,0.5,0.25,0.5,False
0.25,0.6064435820788143,preserved,-0.25,0.25,0.5,0.25,0.5,False
0.25,-0.48612357931526695,preserved,-0.25,0.25,0.5,0.25,0.5,False
0.25,0.284729981605103,preserved,-0.25,0.25,0.5,0.25,0.5,False
0.25,0.3058778108174631,preserved,-0.25,0.25,0.5,0.25,0.5,False
0.25,0.8678178717640825,preserved,-0.25,0.25,0.5,0.25,0.5,False
0.25,-0.01848727101563763,preserved,-0.25,0.25,0.5,0.25,0.5,False
0.25,-0.2276537482813017,preserved,-0.25,0.25,0.5,0.25,0.5,False
0.25,-0.8052048965516636,preserved,-0.25,0.25,0.5,0.25,0.5,False
0.25,-0.3119805227243675,preserved,-0.25,0.25,0.5,0.25,0.5,False
0.25,0.5565122423765823,preserved,-0.25,0.25,0.5,0.25,0.5,False
0.25,-0.6923098378931098,preserved,-0.25,0.25,0.5,0.25,0.5,False
0.25,-0.046267127149039355,preserved,-0.25,0.25,0.5,0.25,0.5,False
0.25,0.9434739060646882,preserved,-0.25,0.25,0.5,0.25,0.5,False
0.25,-0.22580205066451797,preserved,-0.25,0.25,0.5,0.25,0.5,False
0.25,0.5631620328276021,preserved,-0.25,0.25,0.5,0.25,0.5,False
0.25,-0.39505446160689317,preserved,-0.25,0.25,0.5,0.25,0.5,False
0.25,-0.5552558292672138,preserved,-0.25,0.25,0.5,0.25,0.5,False
0.25,0.40620545282353104,preserved,-0.25,0.25,0.5,0.25,0.5,False
0.25,0.40441464633524693,preserved,-0.25,0.25,0.5,0.25,0.5,False
0.25,-0.5382343899971982,preserved,-0.25,0.25,0.5,0.25,0.5,False
0.25,-0.6115790685108822,preserved,-0.25,0.25,0.5,0.25,0.5,False
0.25,0.6776846008471311,preserved,-0.25,0.25,0.5,0.25,0.5,False
0.25,0.8182435444764,preserved,-0.25,0.25,0.5,0.25,0.5,False
0.25,-0.6435235607786318,preserved,-0.25,0.25,0.5,0.25,0.5,False
0.25,0.1627938536119744,preserved,-0.25,0.25,0.5,0.25,0.5,False
0.25,0.7961019877456432,preserved,-0.25,0.25,0.5,0.25,0.5,False
0.25,0.34613121665971436,preserved,-0.25,0.25,0.5,0.25,0.5,False
0.25,0.0477400764146827,preserved,-0.25,0.25,0.5,0.25,0.5,False
0.25,-0.3631160167695553,preserved,-0.25,0.25,0.5,0.25,0.5,False
0.25,-0.58863204247367,preserved,-0.25,0.25,0.5,0.25,0.5,False
0.25,-0.40008712849565065,preserved,-0.25,0.25,0.5,0.25,0.5,False
0.25,0.19559149824914335,preserved,-0.25,0.25,0.5,0.25,0.5,False
0.25,-0.9893605537964882,preserved,-0.25,0.25,0.5,0.25,0.5,False
0.25,-0.977908487846685,preserved,-0.25,0.25,0.5,0.25,0.5,False
0.25,0.9723573385014295,preserved,-0.25,0.25,0.5,0.25,0.5,False
0.25,0.1391384004195173,preserved,-0.25,0.25,0.5,0.25,0.5,False
0.25,-0.4887582780537536,preserved,-0.25,0.25,0.5,0.25,0.5,False
0.25,-0.6770123231190006,preserved,-0.25,0.25,0.5,0.25,0.5,False
0.25,-0.2865175537241236,preserved,-0.25,0.25,0.5,0.25,0.5,False
0.25,0.983998848406159,preserved,-0.25,0.25,0.5,0.25,0.5,False
0.25,-0.9351387260434085,preserved,-0.25,0.25,0.5,0.25,0.5,False
0.25,-0.16034104875501876,preserved,-0.25,0.25,0.5,0.25,0.5,False
0.25,-0.07216292192203322,preserved,-0.25,0.25,0.5,0.25,0.5,False
0.25,-0.7371418121535225,preserved,-0.25,0.25,0.5,0.25,0.5,False
0.25,0.31049579472307687,observational_loss,-0.25,0.25,0.5,0.25,0.0,True
0.25,-0.0544783025156117,observational_loss,-0.25,0.25,0.5,0.25,0.0,True
0.25,-0.12781138912279855,observational_loss,-0.25,0.25,0.5,0.25,0.0,True
0.25,0.5299350613134177,observational_loss,-0.25,0.25,0.5,0.25,0.0,True
0.25,0.38682739000250366,observational_loss,-0.25,0.25,0.5,0.25,0.0,True
0.25,-0.19045053559397296,observational_loss,-0.25,0.25,0.5,0.25,0.0,True
0.25,0.70823724353804,observational_loss,-0.25,0.25,0.5,0.25,0.0,True
0.25,0.8590777916043291,observational_loss,-0.25,0.25,0.5,0.25,0.0,True
0.25,-0.16224522718974566,observational_loss,-0.25,0.25,0.5,0.25,0.0,True
0.25,0.8311837747437014,observational_loss,-0.25,0.25,0.5,0.25,0.0,True
0.25,-0.8310538229127051,observational_loss,-0.25,0.25,0.5,0.25,0.0,True
0.25,0.6116406539533468,observational_loss,-0.25,0.25,0.5,0.25,0.0,True
0.25,-0.41945563763473737,observational_loss,-0.25,0.25,0.5,0.25,0.0,True
0.25,0.6204050729196233,observational_loss,-0.25,0.25,0.5,0.25,0.0,True
0.25,-0.7189943149675428,observational_loss,-0.25,0.25,0.5,0.25,0.0,True
0.25,-0.33178555171797397,observational_loss,-0.25,0.25,0.5,0.25,0.0,True
0.25,0.9051423788519595,observational_loss,-0.25,0.25,0.5,0.25,0.0,True
0.25,0.056915519521514746,observational_loss,-0.25,0.25,0.5,0.25,0.0,True
0.25,0.649876102332339,observational_loss,-0.25,0.25,0.5,0.25,0.0,True
0.25,-0.3622554796800377,observational_loss,-0.25,0.25,0.5,0.25,0.0,True
0.25,-0.02757930366150152,observational_loss,-0.25,0.25,0.5,0.25,0.0,True
0.25,0.9062959550759366,observational_loss,-0.25,0.25,0.5,0.25,0.0,True
0.25,0.08979263473561305,observational_loss,-0.25,0.25,0.5,0.25,0.0,True
0.25,0.5810436969343922,observational_loss,-0.25,0.25,0.5,0.25,0.0,True
0.25,0.33351277528201106,observational_loss,-0.25,0.25,0.5,0.25,0.0,True
0.25,0.50021045803603,observational_loss,-0.25,0.25,0.5,0.25,0.0,True
0.25,0.647829676283949,observational_loss,-0.25,0.25,0.5,0.25,0.0,True
0.25,0.2532301034366604,observational_loss,-0.25,0.25,0.5,0.25,0.0,True
0.25,-0.45731192417320954,observational_loss,-0.25,0.25,0.5,0.25,0.0,True
0.25,0.9656692799074889,observational_loss,-0.25,0.25,0.5,0.25,0.0,True
0.25,0.7956682782658702,observational_loss,-0.25,0.25,0.5,0.25,0.0,True
0.25,-0.870113418836362,observational_loss,-0.25,0.25,0.5,0.25,0.0,True
0.25,0.6471733576066463,observational_loss,-0.25,0.25,0.5,0.25,0.0,True
0.25,-0.12258281205750432,observational_loss,-0.25,0.25,0.5,0.25,0.0,True
0.25,-0.7924659681337014,observational_loss,-0.25,0.25,0.5,0.25,0.0,True
0.25,-0.9614538437044982,observational_loss,-0.25,0.25,0.5,0.25,0.0,True
0.25,0.31204629970955255,observational_loss,-0.25,0.25,0.5,0.25,0.0,True
0.25,-0.14035420870731552,observational_loss,-0.25,0.25,0.5,0.25,0.0,True
0.25,-0.03808592435085645,observational_loss,-0.25,0.25,0.5,0.25,0.0,True
0.25,-0.031001603913969555,observational_loss,-0.25,0.25,0.5,0.25,0.0,True
0.25,-0.8829243891653982,observational_loss,-0.25,0.25,0.5,0.25,0.0,True
0.25,0.28145074654754487,observational_loss,-0.25,0.25,0.5,0.25,0.0,True
0.25,0.17575530208529533,observational_loss,-0.25,0.25,0.5,0.25,0.0,True
0.25,0.5869151184415577,observational_loss,-0.25,0.25,0.5,0.25,0.0,True
0.25,-0.5263150616207499,observational_loss,-0.25,0.25,0.5,0.25,0.0,True
0.25,0.12658518870624014,observational_loss,-0.25,0.25,0.5,0.25,0.0,True
0.25,-0.05105663381821013,observational_loss,-0.25,0.25,0.5,0.25,0.0,True
0.25,-0.8536492355351997,observational_loss,-0.25,0.25,0.5,0.25,0.0,True
0.25,0.5910251531573292,observational_loss,-0.25,0.25,0.5,0.25,0.0,True
0.25,0.7152698353286933,observational_loss,-0.25,0.25,0.5,0.25,0.0,True
0.25,-0.15599102732261771,observational_loss,-0.25,0.25,0.5,0.25,0.0,True
0.25,-0.8452088463348866,observational_loss,-0.25,0.25,0.5,0.25,0.0,True
0.25,-0.214495034172401,observational_loss,-0.25,0.25,0.5,0.25,0.0,True
0.25,0.4127483393911855,observational_loss,-0.25,0.25,0.5,0.25,0.0,True
0.25,-0.4137604310991858,observational_loss,-0.25,0.25,0.5,0.25,0.0,True
0.25,0.04633768978265618,observational_loss,-0.25,0.25,0.5,0.25,0.0,True
0.25,-0.9049904282084853,observational_loss,-0.25,0.25,0.5,0.25,0.0,True
0.25,-0.9468006466011301,observational_loss,-0.25,0.25,0.5,0.25,0.0,True
0.25,0.2865572848647602,observational_loss,-0.25,0.25,0.5,0.25,0.0,True
0.25,-0.49246765247474134,observational_loss,-0.25,0.25,0.5,0.25,0.0,True
0.25,0.8039372838760315,observational_loss,-0.25,0.25,0.5,0.25,0.0,True
0.25,0.23854233913248857,observational_loss,-0.25,0.25,0.5,0.25,0.0,True
0.25,-0.22877562371946514,observational_loss,-0.25,0.25,0.5,0.25,0.0,True
0.25,-0.4592651872471767,observational_loss,-0.25,0.25,0.5,0.25,0.0,True
0.25,-0.7334459835031455,observational_loss,-0.25,0.25,0.5,0.25,0.0,True
0.25,0.7849792272104572,observational_loss,-0.25,0.25,0.5,0.25,0.0,True
0.25,0.9963682238696876,observational_loss,-0.25,0.25,0.5,0.25,0.0,True
0.25,0.5255374282782288,observational_loss,-0.25,0.25,0.5,0.25,0.0,True
0.25,0.6189325177054181,observational_loss,-0.25,0.25,0.5,0.25,0.0,True
0.25,0.2784174392851164,observational_loss,-0.25,0.25,0.5,0.25,0.0,True
0.25,-0.5449187503356108,observational_loss,-0.25,0.25,0.5,0.25,0.0,True
0.25,0.5821306509718223,observational_loss,-0.25,0.25,0.5,0.25,0.0,True
0.25,0.8169298964431191,observational_loss,-0.25,0.25,0.5,0.25,0.0,True
0.25,0.6344540015152722,observational_loss,-0.25,0.25,0.5,0.25,0.0,True
0.25,-0.0679971724109083,observational_loss,-0.25,0.25,0.5,0.25,0.0,True
0.25,0.4797205691252253,observational_loss,-0.25,0.25,0.5,0.25,0.0,True
0.25,0.7458717976560796,observational_loss,-0.25,0.25,0.5,0.25,0.0,True
0.25,0.8928117786822543,observational_loss,-0.25,0.25,0.5,0.25,0.0,True
0.25,-0.605839376454282,observational_loss,-0.25,0.25,0.5,0.25,0.0,True
0.25,0.35641051629417264,observational_loss,-0.25,0.25,0.5,0.25,0.0,True
0.25,-0.07828174675552124,observational_loss,-0.25,0.25,0.5,0.25,0.0,True
0.25,0.04802168304651522,observational_loss,-0.25,0.25,0.5,0.25,0.0,True
0.25,-0.08759571965009272,observational_loss,-0.25,0.25,0.5,0.25,0.0,True
0.25,-0.4592879410994537,observational_loss,-0.25,0.25,0.5,0.25,0.0,True
0.25,-0.4791975823807606,observational_loss,-0.25,0.25,0.5,0.25,0.0,True
0.25,-0.46088016473893445,observational_loss,-0.25,0.25,0.5,0.25,0.0,True
0.25,0.13025123921138504,observational_loss,-0.25,0.25,0.5,0.25,0.0,True
0.25,0.9357666605760042,observational_loss,-0.25,0.25,0.5,0.25,0.0,True
0.25,0.7992196548412991,observational_loss,-0.25,0.25,0.5,0.25,0.0,True
0.25,0.48812365962949245,observational_loss,-0.25,0.25,0.5,0.25,0.0,True
0.25,0.5577525197458773,observational_loss,-0.25,0.25,0.5,0.25,0.0,True
0.25,-0.6607378978230116,observational_loss,-0.25,0.25,0.5,0.25,0.0,True
0.25,0.47164107896492813,observational_loss,-0.25,0.25,0.5,0.25,0.0,True
0.25,-0.30950064143013334,observational_loss,-0.25,0.25,0.5,0.25,0.0,True
0.25,0.006150742417380561,observational_loss,-0.25,0.25,0.5,0.25,0.0,True
0.25,-0.4043130656082028,observational_loss,-0.25,0.25,0.5,0.25,0.0,True
0.25,-0.9888145923654321,observational_loss,-0.25,0.25,0.5,0.25,0.0,True
0.25,0.5865227529641686,observational_loss,-0.25,0.25,0.5,0.25,0.0,True
0.25,0.9014214844330504,observational_loss,-0.25,0.25,0.5,0.25,0.0,True
0.25,-0.9072770127610534,observational_loss,-0.25,0.25,0.5,0.25,0.0,True
0.25,-0.22743319749475832,observational_loss,-0.25,0.25,0.5,0.25,0.0,True
0.25,0.04912431712130805,observational_loss,-0.25,0.25,0.5,0.25,0.0,True
0.25,0.8282574348692169,observational_loss,-0.25,0.25,0.5,0.25,0.0,True
0.25,-0.00839759326178946,observational_loss,-0.25,0.25,0.5,0.25,0.0,True
0.25,-0.4534342640622766,observational_loss,-0.25,0.25,0.5,0.25,0.0,True
0.25,0.15866354285373863,observational_loss,-0.25,0.25,0.5,0.25,0.0,True
0.25,0.8471249917027401,observational_loss,-0.25,0.25,0.5,0.25,0.0,True
0.25,0.4341712990684854,observational_loss,-0.25,0.25,0.5,0.25,0.0,True
0.25,-0.5579245254168461,observational_loss,-0.25,0.25,0.5,0.25,0.0,True
0.25,0.8874979969348114,observational_loss,-0.25,0.25,0.5,0.25,0.0,True
0.25,0.45878462494768923,observational_loss,-0.25,0.25,0.5,0.25,0.0,True
0.25,-0.22918533573857847,observational_loss,-0.25,0.25,0.5,0.25,0.0,True
0.25,0.7060350861125313,observational_loss,-0.25,0.25,0.5,0.25,0.0,True
0.25,0.013691044061096669,observational_loss,-0.25,0.25,0.5,0.25,0.0,True
0.25,-0.6679307363934819,observational_loss,-0.25,0.25,0.5,0.25,0.0,True
0.25,0.47627692737809557,observational_loss,-0.25,0.25,0.5,0.25,0.0,True
0.25,-0.8132460696686934,observational_loss,-0.25,0.25,0.5,0.25,0.0,True
0.25,-0.4630246056374723,observational_loss,-0.25,0.25,0.5,0.25,0.0,True
0.25,0.13159075331795367,observational_loss,-0.25,0.25,0.5,0.25,0.0,True
0.25,0.628041926397312,observational_loss,-0.25,0.25,0.5,0.25,0.0,True
0.25,0.3175909861569175,observational_loss,-0.25,0.25,0.5,0.25,0.0,True
0.25,-0.6452120471825318,observational_loss,-0.25,0.25,0.5,0.25,0.0,True
0.25,0.7997939791519331,observational_loss,-0.25,0.25,0.5,0.25,0.0,True
0.25,-0.399954880488093,observational_loss,-0.25,0.25,0.5,0.25,0.0,True
0.25,-0.6150584205536416,observational_loss,-0.25,0.25,0.5,0.25,0.0,True
0.25,0.7551450057242699,observational_loss,-0.25,0.25,0.5,0.25,0.0,True
0.25,0.34391080908622573,observational_loss,-0.25,0.25,0.5,0.25,0.0,True
0.25,-0.07539281140034193,observational_loss,-0.25,0.25,0.5,0.25,0.0,True
0.25,0.3337412174692349,observational_loss,-0.25,0.25,0.5,0.25,0.0,True
0.25,-0.11317642222437074,observational_loss,-0.25,0.25,0.5,0.25,0.0,True
0.25,-0.17109794556340163,observational_loss,-0.25,0.25,0.5,0.25,0.0,True
0.25,0.5085950572324311,observational_loss,-0.25,0.25,0.5,0.25,0.0,True
0.25,-0.861384204995375,observational_loss,-0.25,0.25,0.5,0.25,0.0,True
0.25,0.3811822324470917,observational_loss,-0.25,0.25,0.5,0.25,0.0,True
0.25,-0.905392452819151,observational_loss,-0.25,0.25,0.5,0.25,0.0,True
0.25,0.8898059822179134,observational_loss,-0.25,0.25,0.5,0.25,0.0,True
0.25,-0.5763859333395975,observational_loss,-0.25,0.25,0.5,0.25,0.0,True
0.25,-0.964407319465105,observational_loss,-0.25,0.25,0.5,0.25,0.0,True
0.25,0.26058124299304897,observational_loss,-0.25,0.25,0.5,0.25,0.0,True
0.25,-0.64549181166322,observational_loss,-0.25,0.25,0.5,0.25,0.0,True
0.25,-0.2977129604360824,observational_loss,-0.25,0.25,0.5,0.25,0.0,True
0.25,0.6066154207899217,observational_loss,-0.25,0.25,0.5,0.25,0.0,True
0.25,0.9409205436385051,observational_loss,-0.25,0.25,0.5,0.25,0.0,True
0.25,0.6764918378562408,observational_loss,-0.25,0.25,0.5,0.25,0.0,True
0.25,-0.4894497934337676,observational_loss,-0.25,0.25,0.5,0.25,0.0,True
0.25,-0.218689766073624,observational_loss,-0.25,0.25,0.5,0.25,0.0,True
0.25,0.9103464518063316,observational_loss,-0.25,0.25,0.5,0.25,0.0,True
0.25,0.7634253391195944,observational_loss,-0.25,0.25,0.5,0.25,0.0,True
0.25,-0.6469552796028921,observational_loss,-0.25,0.25,0.5,0.25,0.0,True
0.25,0.3471389638919997,observational_loss,-0.25,0.25,0.5,0.25,0.0,True
0.25,-0.1905422132180956,observational_loss,-0.25,0.25,0.5,0.25,0.0,True
0.25,0.9280162454270979,observational_loss,-0.25,0.25,0.5,0.25,0.0,True
0.25,0.21049316865814816,observational_loss,-0.25,0.25,0.5,0.25,0.0,True
0.25,0.588180909994884,observational_loss,-0.25,0.25,0.5,0.25,0.0,True
0.25,0.8884597191285108,observational_loss,-0.25,0.25,0.5,0.25,0.0,True
0.25,-0.7217947798934423,observational_loss,-0.25,0.25,0.5,0.25,0.0,True
0.25,0.3866736219255136,observational_loss,-0.25,0.25,0.5,0.25,0.0,True
0.25,-0.8417916323476329,observational_loss,-0.25,0.25,0.5,0.25,0.0,True
0.25,0.04359429669335335,observational_loss,-0.25,0.25,0.5,0.25,0.0,True
0.25,0.6804354125476306,observational_loss,-0.25,0.25,0.5,0.25,0.0,True
0.25,-0.7769751930153768,observational_loss,-0.25,0.25,0.5,0.25,0.0,True
0.25,0.09688425474414486,observational_loss,-0.25,0.25,0.5,0.25,0.0,True
0.25,0.4429915850273789,observational_loss,-0.25,0.25,0.5,0.25,0.0,True
0.25,0.22557220497124408,observational_loss,-0.25,0.25,0.5,0.25,0.0,True
0.25,-0.8755892952698585,observational_loss,-0.25,0.25,0.5,0.25,0.0,True
0.25,0.23036258171248747,observational_loss,-0.25,0.25,0.5,0.25,0.0,True
0.25,0.366564605909824,observational_loss,-0.25,0.25,0.5,0.25,0.0,True
0.25,0.6575705868014277,observational_loss,-0.25,0.25,0.5,0.25,0.0,True
0.25,-0.25114894519639175,observational_loss,-0.25,0.25,0.5,0.25,0.0,True
0.25,0.44486449900321423,observational_loss,-0.25,0.25,0.5,0.25,0.0,True
0.25,0.3562118114481079,observational_loss,-0.25,0.25,0.5,0.25,0.0,True
0.25,-0.7738593471613402,observational_loss,-0.25,0.25,0.5,0.25,0.0,True
0.25,-0.23774158185681382,observational_loss,-0.25,0.25,0.5,0.25,0.0,True
0.25,-0.6244029760163261,observational_loss,-0.25,0.25,0.5,0.25,0.0,True
0.25,0.12817241266453872,observational_loss,-0.25,0.25,0.5,0.25,0.0,True
0.25,0.63694827377485,observational_loss,-0.25,0.25,0.5,0.25,0.0,True
0.25,0.850989642710668,observational_loss,-0.25,0.25,0.5,0.25,0.0,True
0.25,-0.42520433839566185,observational_loss,-0.25,0.25,0.5,0.25,0.0,True
0.25,0.42059323090714007,observational_loss,-0.25,0.25,0.5,0.25,0.0,True
0.25,-0.7704036097936089,observational_loss,-0.25,0.25,0.5,0.25,0.0,True
0.25,0.08334815590326605,observational_loss,-0.25,0.25,0.5,0.25,0.0,True
0.25,-0.7997120578711134,observational_loss,-0.25,0.25,0.5,0.25,0.0,True
0.25,0.852233204579931,observational_loss,-0.25,0.25,0.5,0.25,0.0,True
0.25,-0.08098571903154661,observational_loss,-0.25,0.25,0.5,0.25,0.0,True
0.25,0.0313234654596255,observational_loss,-0.25,0.25,0.5,0.25,0.0,True
0.25,-0.7673848403253414,observational_loss,-0.25,0.25,0.5,0.25,0.0,True
0.25,0.8095800026625144,observational_loss,-0.25,0.25,0.5,0.25,0.0,True
0.25,0.8924407449849374,observational_loss,-0.25,0.25,0.5,0.25,0.0,True
0.25,0.41731625073671164,observational_loss,-0.25,0.25,0.5,0.25,0.0,True
0.25,0.9671058225924811,observational_loss,-0.25,0.25,0.5,0.25,0.0,True
0.25,0.49924912547425393,observational_loss,-0.25,0.25,0.5,0.25,0.0,True
0.25,-0.4081600594637209,observational_loss,-0.25,0.25,0.5,0.25,0.0,True
0.25,0.12733306640424824,observational_loss,-0.25,0.25,0.5,0.25,0.0,True
0.25,-0.6994847909970212,observational_loss,-0.25,0.25,0.5,0.25,0.0,True
0.25,0.7453874988261173,observational_loss,-0.25,0.25,0.5,0.25,0.0,True
0.25,-0.39934225455299255,observational_loss,-0.25,0.25,0.5,0.25,0.0,True
0.25,-0.37106524114965,observational_loss,-0.25,0.25,0.5,0.25,0.0,True
0.25,-0.3571446153375304,observational_loss,-0.25,0.25,0.5,0.25,0.0,True
0.25,-0.4875327977896633,observational_loss,-0.25,0.25,0.5,0.25,0.0,True
0.25,-0.32273704677186443,observational_loss,-0.25,0.25,0.5,0.25,0.0,True
0.25,-0.7362649934033727,observational_loss,-0.25,0.25,0.5,0.25,0.0,True
0.25,-0.9412894956554045,observational_loss,-0.25,0.25,0.5,0.25,0.0,True
0.25,0.949399966465097,observational_loss,-0.25,0.25,0.5,0.25,0.0,True
0.25,-0.2733239512178338,observational_loss,-0.25,0.25,0.5,0.25,0.0,True
0.25,0.9832286287329699,observational_loss,-0.25,0.25,0.5,0.25,0.0,True
0.25,0.3754439151517126,observational_loss,-0.25,0.25,0.5,0.25,0.0,True
0.25,0.6312802355192311,observational_loss,-0.25,0.25,0.5,0.25,0.0,True
0.25,-0.7603765281526325,observational_loss,-0.25,0.25,0.5,0.25,0.0,True
0.25,-0.05535833868556783,observational_loss,-0.25,0.25,0.5,0.25,0.0,True
0.25,-0.6925309283603391,observational_loss,-0.25,0.25,0.5,0.25,0.0,True
0.25,-0.17411408655593763,observational_loss,-0.25,0.25,0.5,0.25,0.0,True
0.25,-0.7958049962626723,observational_loss,-0.25,0.25,0.5,0.25,0.0,True
0.25,0.04765784277307872,observational_loss,-0.25,0.25,0.5,0.25,0.0,True
0.25,0.6191924548505301,observational_loss,-0.25,0.25,0.5,0.25,0.0,True
0.25,0.7977561645815587,observational_loss,-0.25,0.25,0.5,0.25,0.0,True
0.25,0.7928248796583686,observational_loss,-0.25,0.25,0.5,0.25,0.0,True
0.25,0.6112099965971571,observational_loss,-0.25,0.25,0.5,0.25,0.0,True
0.25,0.38201691095848567,observational_loss,-0.25,0.25,0.5,0.25,0.0,True
0.25,-0.35291483651274436,observational_loss,-0.25,0.25,0.5,0.25,0.0,True
0.25,-0.7636674087551842,observational_loss,-0.25,0.25,0.5,0.25,0.0,True
0.25,0.2052439862300759,observational_loss,-0.25,0.25,0.5,0.25,0.0,True
0.25,-0.6789095345535539,observational_loss,-0.25,0.25,0.5,0.25,0.0,True
0.25,0.3760127744590034,observational_loss,-0.25,0.25,0.5,0.25,0.0,True
0.25,-0.929645204974815,observational_loss,-0.25,0.25,0.5,0.25,0.0,True
0.25,0.9764288325282982,observational_loss,-0.25,0.25,0.5,0.25,0.0,True
0.25,0.4630115882449697,observational_loss,-0.25,0.25,0.5,0.25,0.0,True
0.25,-0.6449326440940126,observational_loss,-0.25,0.25,0.5,0.25,0.0,True
0.25,-0.6625333869505821,observational_loss,-0.25,0.25,0.5,0.25,0.0,True
0.25,-0.9561146194240329,observational_loss,-0.25,0.25,0.5,0.25,0.0,True
0.25,-0.8786167140913206,observational_loss,-0.25,0.25,0.5,0.25,0.0,True
0.25,0.26025557277455635,observational_loss,-0.25,0.25,0.5,0.25,0.0,True
0.25,0.8875272581262805,observational_loss,-0.25,0.25,0.5,0.25,0.0,True
0.25,0.8357910311198082,observational_loss,-0.25,0.25,0.5,0.25,0.0,True
0.25,0.8716453143174834,observational_loss,-0.25,0.25,0.5,0.25,0.0,True
0.25,-0.9421740852283209,observational_loss,-0.25,0.25,0.5,0.25,0.0,True
0.25,0.4992893000910221,observational_loss,-0.25,0.25,0.5,0.25,0.0,True
0.25,0.056483498876022775,observational_loss,-0.25,0.25,0.5,0.25,0.0,True
0.25,-0.5542594545316981,observational_loss,-0.25,0.25,0.5,0.25,0.0,True
0.25,0.4527163386220667,observational_loss,-0.25,0.25,0.5,0.25,0.0,True
0.25,-0.09124005371828181,observational_loss,-0.25,0.25,0.5,0.25,0.0,True
0.25,-0.9723280882765233,observational_loss,-0.25,0.25,0.5,0.25,0.0,True
0.25,-0.9595965600016509,observational_loss,-0.25,0.25,0.5,0.25,0.0,True
0.25,0.6811286228637581,observational_loss,-0.25,0.25,0.5,0.25,0.0,True
0.25,-0.6305426582080407,observational_loss,-0.25,0.25,0.5,0.25,0.0,True
0.25,0.27751928673165605,observational_loss,-0.25,0.25,0.5,0.25,0.0,True
0.25,-0.43799329170498935,observational_loss,-0.25,0.25,0.5,0.25,0.0,True
0.25,0.7407965863974528,observational_loss,-0.25,0.25,0.5,0.25,0.0,True
0.25,-0.5050683075077049,observational_loss,-0.25,0.25,0.5,0.25,0.0,True
0.25,0.17518316972415682,observational_loss,-0.25,0.25,0.5,0.25,0.0,True
0.25,0.15634082984207964,observational_loss,-0.25,0.25,0.5,0.25,0.0,True
0.25,-0.3313452221469564,observational_loss,-0.25,0.25,0.5,0.25,0.0,True
0.25,-0.060836377829430965,observational_loss,-0.25,0.25,0.5,0.25,0.0,True
0.25,0.6149836815194409,observational_loss,-0.25,0.25,0.5,0.25,0.0,True
0.25,-0.3799394874654398,observational_loss,-0.25,0.25,0.5,0.25,0.0,True
0.25,-0.5998178362496549,observational_loss,-0.25,0.25,0.5,0.25,0.0,True
0.25,-0.05388956507324738,observational_loss,-0.25,0.25,0.5,0.25,0.0,True
0.25,-0.4296790841221696,observational_loss,-0.25,0.25,0.5,0.25,0.0,True
0.25,0.8689320215151528,observational_loss,-0.25,0.25,0.5,0.25,0.0,True
0.25,0.4015159674383897,observational_loss,-0.25,0.25,0.5,0.25,0.0,True
0.25,0.47968333099846316,observational_loss,-0.25,0.25,0.5,0.25,0.0,True
0.25,-0.9584047822053783,observational_loss,-0.25,0.25,0.5,0.25,0.0,True
0.25,-0.9252374598718902,observational_loss,-0.25,0.25,0.5,0.25,0.0,True
0.25,-0.989298996773726,observational_loss,-0.25,0.25,0.5,0.25,0.0,True
0.25,0.6023595526594803,observational_loss,-0.25,0.25,0.5,0.25,0.0,True
0.25,0.50112674891195,observational_loss,-0.25,0.25,0.5,0.25,0.0,True
0.25,-0.34301449230510705,observational_loss,-0.25,0.25,0.5,0.25,0.0,True
0.25,-0.9678456411950984,observational_loss,-0.25,0.25,0.5,0.25,0.0,True
0.25,0.013842838957736303,observational_loss,-0.25,0.25,0.5,0.25,0.0,True
0.25,-0.5756454273521052,observational_loss,-0.25,0.25,0.5,0.25,0.0,True
0.25,-0.36061337417963935,observational_loss,-0.25,0.25,0.5,0.25,0.0,True
0.25,-0.5041963236166997,observational_loss,-0.25,0.25,0.5,0.25,0.0,True
0.25,0.48285046000332743,observational_loss,-0.25,0.25,0.5,0.25,0.0,True
0.25,0.7464557795245894,observational_loss,-0.25,0.25,0.5,0.25,0.0,True
0.25,0.30620170540079217,observational_loss,-0.25,0.25,0.5,0.25,0.0,True
0.25,0.3039364571559997,observational_loss,-0.25,0.25,0.5,0.25,0.0,True
0.25,0.09259095037883447,observational_loss,-0.25,0.25,0.5,0.25,0.0,True
0.25,0.23558652599215324,observational_loss,-0.25,0.25,0.5,0.25,0.0,True
0.25,-0.862069360652139,observational_loss,-0.25,0.25,0.5,0.25,0.0,True
0.25,0.3707328221673134,observational_loss,-0.25,0.25,0.5,0.25,0.0,True
0.25,-0.791727534157705,observational_loss,-0.25,0.25,0.5,0.25,0.0,True
0.25,-0.13735888748983616,observational_loss,-0.25,0.25,0.5,0.25,0.0,True
0.25,0.15485034001520592,observational_loss,-0.25,0.25,0.5,0.25,0.0,True
0.25,0.5012253339975778,observational_loss,-0.25,0.25,0.5,0.25,0.0,True
0.25,0.7739052260105901,observational_loss,-0.25,0.25,0.5,0.25,0.0,True
0.25,0.46236524230627474,observational_loss,-0.25,0.25,0.5,0.25,0.0,True
0.25,0.6155228312052421,observational_loss,-0.25,0.25,0.5,0.25,0.0,True
0.25,0.1484836835988692,observational_loss,-0.25,0.25,0.5,0.25,0.0,True
0.25,-0.7791859424571712,observational_loss,-0.25,0.25,0.5,0.25,0.0,True
0.25,0.9779579986164688,observational_loss,-0.25,0.25,0.5,0.25,0.0,True
0.25,-0.9055581133516195,observational_loss,-0.25,0.25,0.5,0.25,0.0,True
0.25,-0.34501955726892186,observational_loss,-0.25,0.25,0.5,0.25,0.0,True
0.25,0.33429119879228564,observational_loss,-0.25,0.25,0.5,0.25,0.0,True
0.25,0.1822361587399839,observational_loss,-0.25,0.25,0.5,0.25,0.0,True
0.25,0.38814373102906474,observational_loss,-0.25,0.25,0.5,0.25,0.0,True
0.25,-0.04383334144119866,observational_loss,-0.25,0.25,0.5,0.25,0.0,True
0.25,0.4489084697508863,observational_loss,-0.25,0.25,0.5,0.25,0.0,True
0.25,0.20867536968170053,observational_loss,-0.25,0.25,0.5,0.25,0.0,True
0.25,0.9570180071418772,observational_loss,-0.25,0.25,0.5,0.25,0.0,True
0.25,-0.6593357511484534,observational_loss,-0.25,0.25,0.5,0.25,0.0,True
0.25,-0.4882448635448178,observational_loss,-0.25,0.25,0.5,0.25,0.0,True
0.25,-0.9376303373764001,observational_loss,-0.25,0.25,0.5,0.25,0.0,True
0.25,-0.12881517729272995,observational_loss,-0.25,0.25,0.5,0.25,0.0,True
0.25,-0.6510700574819994,observational_loss,-0.25,0.25,0.5,0.25,0.0,True
0.25,-0.10251441744672807,observational_loss,-0.25,0.25,0.5,0.25,0.0,True
0.25,0.959825575249114,observational_loss,-0.25,0.25,0.5,0.25,0.0,True
0.25,0.07418140961152409,observational_loss,-0.25,0.25,0.5,0.25,0.0,True
0.25,0.5291365758836162,observational_loss,-0.25,0.25,0.5,0.25,0.0,True
0.25,0.961965348254235,observational_loss,-0.25,0.25,0.5,0.25,0.0,True
0.25,0.9373125880619537,observational_loss,-0.25,0.25,0.5,0.25,0.0,True
0.25,0.9329693660055711,observational_loss,-0.25,0.25,0.5,0.25,0.0,True
0.25,-0.3604623549487125,observational_loss,-0.25,0.25,0.5,0.25,0.0,True
0.25,0.4553969551137096,observational_loss,-0.25,0.25,0.5,0.25,0.0,True
0.25,0.4023614249712628,observational_loss,-0.25,0.25,0.5,0.25,0.0,True
0.25,-0.6245530065190772,observational_loss,-0.25,0.25,0.5,0.25,0.0,True
0.25,-0.8830529746459226,observational_loss,-0.25,0.25,0.5,0.25,0.0,True
0.25,-0.94595268765798,observational_loss,-0.25,0.25,0.5,0.25,0.0,True
0.25,0.024679492901452216,observational_loss,-0.25,0.25,0.5,0.25,0.0,True
0.25,-0.088359890069025,observational_loss,-0.25,0.25,0.5,0.25,0.0,True
0.25,-0.7905920353695408,observational_loss,-0.25,0.25,0.5,0.25,0.0,True
0.25,0.023639382588547697,observational_loss,-0.25,0.25,0.5,0.25,0.0,True
0.25,0.982166459196181,observational_loss,-0.25,0.25,0.5,0.25,0.0,True
0.25,-0.1794978071694724,observational_loss,-0.25,0.25,0.5,0.25,0.0,True
0.25,0.05138513163268077,observational_loss,-0.25,0.25,0.5,0.25,0.0,True
0.25,0.21650207918539022,observational_loss,-0.25,0.25,0.5,0.25,0.0,True
0.25,0.1643578273965367,observational_loss,-0.25,0.25,0.5,0.25,0.0,True
0.25,-0.02975693595070772,observational_loss,-0.25,0.25,0.5,0.25,0.0,True
0.25,-0.5179147945713967,observational_loss,-0.25,0.25,0.5,0.25,0.0,True
0.25,-0.4659572306168702,observational_loss,-0.25,0.25,0.5,0.25,0.0,True
0.25,-0.8353093229547945,observational_loss,-0.25,0.25,0.5,0.25,0.0,True
0.25,-0.9904402568805826,observational_loss,-0.25,0.25,0.5,0.25,0.0,True
0.25,-0.7214013813439157,observational_loss,-0.25,0.25,0.5,0.25,0.0,True
0.25,0.7158877279811191,observational_loss,-0.25,0.25,0.5,0.25,0.0,True
0.25,-0.5825335143095172,observational_loss,-0.25,0.25,0.5,0.25,0.0,True
0.25,-0.9122989114063498,observational_loss,-0.25,0.25,0.5,0.25,0.0,True
0.25,0.7826675562158611,observational_loss,-0.25,0.25,0.5,0.25,0.0,True
0.25,-0.8799352982242197,observational_loss,-0.25,0.25,0.5,0.25,0.0,True
0.25,-0.4590472113813513,observational_loss,-0.25,0.25,0.5,0.25,0.0,True
0.25,-0.3935274643408879,observational_loss,-0.25,0.25,0.5,0.25,0.0,True
0.25,-0.3050644130638338,observational_loss,-0.25,0.25,0.5,0.25,0.0,True
0.25,0.9756345000384372,observational_loss,-0.25,0.25,0.5,0.25,0.0,True
0.25,-0.4841436773691148,observational_loss,-0.25,0.25,0.5,0.25,0.0,True
0.25,0.6109333377560109,observational_loss,-0.25,0.25,0.5,0.25,0.0,True
0.25,-0.36112120211154464,observational_loss,-0.25,0.25,0.5,0.25,0.0,True
0.25,-0.9195593529954582,observational_loss,-0.25,0.25,0.5,0.25,0.0,True
0.25,-0.033591703755498026,observational_loss,-0.25,0.25,0.5,0.25,0.0,True
0.25,-0.7134608131887408,observational_loss,-0.25,0.25,0.5,0.25,0.0,True
0.25,0.5045738714096033,observational_loss,-0.25,0.25,0.5,0.25,0.0,True
0.25,-0.013195024974247183,observational_loss,-0.25,0.25,0.5,0.25,0.0,True
0.25,0.7467292662982177,observational_loss,-0.25,0.25,0.5,0.25,0.0,True
0.25,-0.9938471002681235,observational_loss,-0.25,0.25,0.5,0.25,0.0,True
0.25,-0.4537991983560139,observational_loss,-0.25,0.25,0.5,0.25,0.0,True
0.25,-0.20361823692398828,observational_loss,-0.25,0.25,0.5,0.25,0.0,True
0.25,0.6174436848319538,observational_loss,-0.25,0.25,0.5,0.25,0.0,True
0.25,0.6535812108539447,observational_loss,-0.25,0.25,0.5,0.25,0.0,True
0.25,0.7134506408033354,observational_loss,-0.25,0.25,0.5,0.25,0.0,True
0.25,0.6001290967526867,observational_loss,-0.25,0.25,0.5,0.25,0.0,True
0.25,-0.49025711800940064,observational_loss,-0.25,0.25,0.5,0.25,0.0,True
0.25,0.7559692744334419,observational_loss,-0.25,0.25,0.5,0.25,0.0,True
0.25,-0.8647693131039396,observational_loss,-0.25,0.25,0.5,0.25,0.0,True
0.25,-0.8782127225733025,observational_loss,-0.25,0.25,0.5,0.25,0.0,True
0.25,-0.74220958377971,observational_loss,-0.25,0.25,0.5,0.25,0.0,True
0.25,0.5546801620039938,observational_loss,-0.25,0.25,0.5,0.25,0.0,True
0.25,-0.13226387804147488,observational_loss,-0.25,0.25,0.5,0.25,0.0,True
0.25,-0.054637333139272215,observational_loss,-0.25,0.25,0.5,0.25,0.0,True
0.25,-0.8471425585027148,observational_loss,-0.25,0.25,0.5,0.25,0.0,True
0.25,-0.41417475019221817,observational_loss,-0.25,0.25,0.5,0.25,0.0,True
0.25,-0.8159955098194414,observational_loss,-0.25,0.25,0.5,0.25,0.0,True
0.25,-0.25532141547635634,observational_loss,-0.25,0.25,0.5,0.25,0.0,True
0.25,-0.9314839282301115,observational_loss,-0.25,0.25,0.5,0.25,0.0,True
0.25,0.5803536740897037,observational_loss,-0.25,0.25,0.5,0.25,0.0,True
0.25,0.16057808325633105,observational_loss,-0.25,0.25,0.5,0.25,0.0,True
0.25,0.8085196289216001,observational_loss,-0.25,0.25,0.5,0.25,0.0,True
0.25,-0.5195919303586216,observational_loss,-0.25,0.25,0.5,0.25,0.0,True
0.25,0.614769128149063,observational_loss,-0.25,0.25,0.5,0.25,0.0,True
0.25,0.3467240960619664,observational_loss,-0.25,0.25,0.5,0.25,0.0,True
0.25,-0.8738694721656846,observational_loss,-0.25,0.25,0.5,0.25,0.0,True
0.25,-0.8768980984371233,observational_loss,-0.25,0.25,0.5,0.25,0.0,True
0.25,-0.9426190194911324,observational_loss,-0.25,0.25,0.5,0.25,0.0,True
0.25,-0.11762990382534722,observational_loss,-0.25,0.25,0.5,0.25,0.0,True
0.25,0.03590730176805246,observational_loss,-0.25,0.25,0.5,0.25,0.0,True
0.25,0.5292639486415975,observational_loss,-0.25,0.25,0.5,0.25,0.0,True
0.25,-0.03456627661583922,observational_loss,-0.25,0.25,0.5,0.25,0.0,True
0.25,0.33123964606971623,observational_loss,-0.25,0.25,0.5,0.25,0.0,True
0.25,0.9462100436622727,observational_loss,-0.25,0.25,0.5,0.25,0.0,True
0.25,-0.883919432009695,observational_loss,-0.25,0.25,0.5,0.25,0.0,True
0.25,0.206602639749909,observational_loss,-0.25,0.25,0.5,0.25,0.0,True
0.25,0.7004356166108925,observational_loss,-0.25,0.25,0.5,0.25,0.0,True
0.25,0.2987045559516097,observational_loss,-0.25,0.25,0.5,0.25,0.0,True
0.25,0.8723432550569736,observational_loss,-0.25,0.25,0.5,0.25,0.0,True
0.25,0.04872954790486239,observational_loss,-0.25,0.25,0.5,0.25,0.0,True
0.25,-0.4183664237889042,observational_loss,-0.25,0.25,0.5,0.25,0.0,True
0.25,-0.04330574634974571,observational_loss,-0.25,0.25,0.5,0.25,0.0,True
0.25,0.2277508176649099,observational_loss,-0.25,0.25,0.5,0.25,0.0,True
0.25,0.20316868026963708,observational_loss,-0.25,0.25,0.5,0.25,0.0,True
0.25,-0.5370325830982052,observational_loss,-0.25,0.25,0.5,0.25,0.0,True
0.25,0.7809305990709567,observational_loss,-0.25,0.25,0.5,0.25,0.0,True
0.25,0.586432210198709,observational_loss,-0.25,0.25,0.5,0.25,0.0,True
0.25,-0.5250904950416022,observational_loss,-0.25,0.25,0.5,0.25,0.0,True
0.25,-0.4953333563000242,observational_loss,-0.25,0.25,0.5,0.25,0.0,True
0.25,0.6286607263860395,observational_loss,-0.25,0.25,0.5,0.25,0.0,True
0.25,-0.4262885984918767,observational_loss,-0.25,0.25,0.5,0.25,0.0,True
0.25,-0.9630091196168555,observational_loss,-0.25,0.25,0.5,0.25,0.0,True
0.25,-0.3472563717483239,observational_loss,-0.25,0.25,0.5,0.25,0.0,True
0.25,-0.12097876525694007,observational_loss,-0.25,0.25,0.5,0.25,0.0,True
0.25,-0.3797544670221964,observational_loss,-0.25,0.25,0.5,0.25,0.0,True
0.25,-0.8092690605049111,observational_loss,-0.25,0.25,0.5,0.25,0.0,True
0.25,-0.514989824020978,observational_loss,-0.25,0.25,0.5,0.25,0.0,True
0.25,0.03563477429771034,observational_loss,-0.25,0.25,0.5,0.25,0.0,True
0.25,0.06790706752885267,observational_loss,-0.25,0.25,0.5,0.25,0.0,True
0.25,0.11399133373762682,observational_loss,-0.25,0.25,0.5,0.25,0.0,True
0.25,0.9034141116908814,observational_loss,-0.25,0.25,0.5,0.25,0.0,True
0.25,0.03693266424853525,observational_loss,-0.25,0.25,0.5,0.25,0.0,True
0.25,0.8023900279333802,observational_loss,-0.25,0.25,0.5,0.25,0.0,True
0.25,0.30332077058887075,observational_loss,-0.25,0.25,0.5,0.25,0.0,True
0.25,-0.65565811811642,observational_loss,-0.25,0.25,0.5,0.25,0.0,True
0.25,0.44551241129406716,observational_loss,-0.25,0.25,0.5,0.25,0.0,True
0.25,0.18630459900989127,observational_loss,-0.25,0.25,0.5,0.25,0.0,True
0.25,0.8545851709413168,observational_loss,-0.25,0.25,0.5,0.25,0.0,True
0.25,0.8704090045858732,observational_loss,-0.25,0.25,0.5,0.25,0.0,True
0.25,0.8842770298225675,observational_loss,-0.25,0.25,0.5,0.25,0.0,True
0.25,-0.37084973350439254,observational_loss,-0.25,0.25,0.5,0.25,0.0,True
0.25,0.301070576940242,observational_loss,-0.25,0.25,0.5,0.25,0.0,True
0.25,0.3768921766266313,observational_loss,-0.25,0.25,0.5,0.25,0.0,True
0.25,0.6600142485340506,observational_loss,-0.25,0.25,0.5,0.25,0.0,True
0.25,0.6612689553188362,observational_loss,-0.25,0.25,0.5,0.25,0.0,True
0.25,-0.8293240255494574,observational_loss,-0.25,0.25,0.5,0.25,0.0,True
0.25,0.2449057967075028,observational_loss,-0.25,0.25,0.5,0.25,0.0,True
0.25,-0.7745749305068252,observational_loss,-0.25,0.25,0.5,0.25,0.0,True
0.25,-0.4619195149725499,observational_loss,-0.25,0.25,0.5,0.25,0.0,True
0.25,0.6565658815214626,observational_loss,-0.25,0.25,0.5,0.25,0.0,True
0.25,-0.8430084594333682,observational_loss,-0.25,0.25,0.5,0.25,0.0,True
0.25,-0.3351958301963558,observational_loss,-0.25,0.25,0.5,0.25,0.0,True
0.25,0.32887026483899384,observational_loss,-0.25,0.25,0.5,0.25,0.0,True
0.25,-0.830543583804974,observational_loss,-0.25,0.25,0.5,0.25,0.0,True
0.25,-0.6302570442964723,observational_loss,-0.25,0.25,0.5,0.25,0.0,True
0.25,0.7784696488506186,observational_loss,-0.25,0.25,0.5,0.25,0.0,True
0.25,-0.4279548184801911,observational_loss,-0.25,0.25,0.5,0.25,0.0,True
0.25,0.9120793438807098,observational_loss,-0.25,0.25,0.5,0.25,0.0,True
0.25,-0.07583080840905687,observational_loss,-0.25,0.25,0.5,0.25,0.0,True
0.25,-0.6550116994131285,observational_loss,-0.25,0.25,0.5,0.25,0.0,True
0.25,-0.13219114935368648,observational_loss,-0.25,0.25,0.5,0.25,0.0,True
0.25,-0.8972825827465538,observational_loss,-0.25,0.25,0.5,0.25,0.0,True
0.25,-0.2896797115832579,observational_loss,-0.25,0.25,0.5,0.25,0.0,True
0.25,0.4099059260200266,observational_loss,-0.25,0.25,0.5,0.25,0.0,True
0.25,-0.17836041025844174,observational_loss,-0.25,0.25,0.5,0.25,0.0,True
0.25,0.25612427607838995,observational_loss,-0.25,0.25,0.5,0.25,0.0,True
0.25,-0.4121547920740345,observational_loss,-0.25,0.25,0.5,0.25,0.0,True
0.25,0.6969316347102041,observational_loss,-0.25,0.25,0.5,0.25,0.0,True
0.25,-0.6618327826471604,observational_loss,-0.25,0.25,0.5,0.25,0.0,True
0.25,-0.5935810306368945,observational_loss,-0.25,0.25,0.5,0.25,0.0,True
0.25,-0.107613280944308,observational_loss,-0.25,0.25,0.5,0.25,0.0,True
0.25,-0.3709318872037015,observational_loss,-0.25,0.25,0.5,0.25,0.0,True
0.25,-0.4162961281524351,observational_loss,-0.25,0.25,0.5,0.25,0.0,True
0.25,0.7819777882107342,observational_loss,-0.25,0.25,0.5,0.25,0.0,True
0.25,0.7553200969203957,observational_loss,-0.25,0.25,0.5,0.25,0.0,True
0.25,0.08323407740455457,observational_loss,-0.25,0.25,0.5,0.25,0.0,True
0.25,0.6064435820788143,observational_loss,-0.25,0.25,0.5,0.25,0.0,True
0.25,-0.48612357931526695,observational_loss,-0.25,0.25,0.5,0.25,0.0,True
0.25,0.284729981605103,observational_loss,-0.25,0.25,0.5,0.25,0.0,True
0.25,0.3058778108174631,observational_loss,-0.25,0.25,0.5,0.25,0.0,True
0.25,0.8678178717640825,observational_loss,-0.25,0.25,0.5,0.25,0.0,True
0.25,-0.01848727101563763,observational_loss,-0.25,0.25,0.5,0.25,0.0,True
0.25,-0.2276537482813017,observational_loss,-0.25,0.25,0.5,0.25,0.0,True
0.25,-0.8052048965516636,observational_loss,-0.25,0.25,0.5,0.25,0.0,True
0.25,-0.3119805227243675,observational_loss,-0.25,0.25,0.5,0.25,0.0,True
0.25,0.5565122423765823,observational_loss,-0.25,0.25,0.5,0.25,0.0,True
0.25,-0.6923098378931098,observational_loss,-0.25,0.25,0.5,0.25,0.0,True
0.25,-0.046267127149039355,observational_loss,-0.25,0.25,0.5,0.25,0.0,True
0.25,0.9434739060646882,observational_loss,-0.25,0.25,0.5,0.25,0.0,True
0.25,-0.22580205066451797,observational_loss,-0.25,0.25,0.5,0.25,0.0,True
0.25,0.5631620328276021,observational_loss,-0.25,0.25,0.5,0.25,0.0,True
0.25,-0.39505446160689317,observational_loss,-0.25,0.25,0.5,0.25,0.0,True
0.25,-0.5552558292672138,observational_loss,-0.25,0.25,0.5,0.25,0.0,True
0.25,0.40620545282353104,observational_loss,-0.25,0.25,0.5,0.25,0.0,True
0.25,0.40441464633524693,observational_loss,-0.25,0.25,0.5,0.25,0.0,True
0.25,-0.5382343899971982,observational_loss,-0.25,0.25,0.5,0.25,0.0,True
0.25,-0.6115790685108822,observational_loss,-0.25,0.25,0.5,0.25,0.0,True
0.25,0.6776846008471311,observational_loss,-0.25,0.25,0.5,0.25,0.0,True
0.25,0.8182435444764,observational_loss,-0.25,0.25,0.5,0.25,0.0,True
0.25,-0.6435235607786318,observational_loss,-0.25,0.25,0.5,0.25,0.0,True
0.25,0.1627938536119744,observational_loss,-0.25,0.25,0.5,0.25,0.0,True
0.25,0.7961019877456432,observational_loss,-0.25,0.25,0.5,0.25,0.0,True
0.25,0.34613121665971436,observational_loss,-0.25,0.25,0.5,0.25,0.0,True
0.25,0.0477400764146827,observational_loss,-0.25,0.25,0.5,0.25,0.0,True
0.25,-0.3631160167695553,observational_loss,-0.25,0.25,0.5,0.25,0.0,True
0.25,-0.58863204247367,observational_loss,-0.25,0.25,0.5,0.25,0.0,True
0.25,-0.40008712849565065,observational_loss,-0.25,0.25,0.5,0.25,0.0,True
0.25,0.19559149824914335,observational_loss,-0.25,0.25,0.5,0.25,0.0,True
0.25,-0.9893605537964882,observational_loss,-0.25,0.25,0.5,0.25,0.0,True
0.25,-0.977908487846685,observational_loss,-0.25,0.25,0.5,0.25,0.0,True
0.25,0.9723573385014295,observational_loss,-0.25,0.25,0.5,0.25,0.0,True
0.25,0.1391384004195173,observational_loss,-0.25,0.25,0.5,0.25,0.0,True
0.25,-0.4887582780537536,observational_loss,-0.25,0.25,0.5,0.25,0.0,True
0.25,-0.6770123231190006,observational_loss,-0.25,0.25,0.5,0.25,0.0,True
0.25,-0.2865175537241236,observational_loss,-0.25,0.25,0.5,0.25,0.0,True
0.25,0.983998848406159,observational_loss,-0.25,0.25,0.5,0.25,0.0,True
0.25,-0.9351387260434085,observational_loss,-0.25,0.25,0.5,0.25,0.0,True
0.25,-0.16034104875501876,observational_loss,-0.25,0.25,0.5,0.25,0.0,True
0.25,-0.07216292192203322,observational_loss,-0.25,0.25,0.5,0.25,0.0,True
0.25,-0.7371418121535225,observational_loss,-0.25,0.25,0.5,0.25,0.0,True
0.25,0.31049579472307687,representational_loss,-0.25,0.25,0.5,0.25,0.0,True
0.25,-0.0544783025156117,representational_loss,-0.25,0.25,0.5,0.25,0.0,True
0.25,-0.12781138912279855,representational_loss,-0.25,0.25,0.5,0.25,0.0,True
0.25,0.5299350613134177,representational_loss,-0.25,0.25,0.5,0.25,0.0,True
0.25,0.38682739000250366,representational_loss,-0.25,0.25,0.5,0.25,0.0,True
0.25,-0.19045053559397296,representational_loss,-0.25,0.25,0.5,0.25,0.0,True
0.25,0.70823724353804,representational_loss,-0.25,0.25,0.5,0.25,0.0,True
0.25,0.8590777916043291,representational_loss,-0.25,0.25,0.5,0.25,0.0,True
0.25,-0.16224522718974566,representational_loss,-0.25,0.25,0.5,0.25,0.0,True
0.25,0.8311837747437014,representational_loss,-0.25,0.25,0.5,0.25,0.0,True
0.25,-0.8310538229127051,representational_loss,-0.25,0.25,0.5,0.25,0.0,True
0.25,0.6116406539533468,representational_loss,-0.25,0.25,0.5,0.25,0.0,True
0.25,-0.41945563763473737,representational_loss,-0.25,0.25,0.5,0.25,0.0,True
0.25,0.6204050729196233,representational_loss,-0.25,0.25,0.5,0.25,0.0,True
0.25,-0.7189943149675428,representational_loss,-0.25,0.25,0.5,0.25,0.0,True
0.25,-0.33178555171797397,representational_loss,-0.25,0.25,0.5,0.25,0.0,True
0.25,0.9051423788519595,representational_loss,-0.25,0.25,0.5,0.25,0.0,True
0.25,0.056915519521514746,representational_loss,-0.25,0.25,0.5,0.25,0.0,True
0.25,0.649876102332339,representational_loss,-0.25,0.25,0.5,0.25,0.0,True
0.25,-0.3622554796800377,representational_loss,-0.25,0.25,0.5,0.25,0.0,True
0.25,-0.02757930366150152,representational_loss,-0.25,0.25,0.5,0.25,0.0,True
0.25,0.9062959550759366,representational_loss,-0.25,0.25,0.5,0.25,0.0,True
0.25,0.08979263473561305,representational_loss,-0.25,0.25,0.5,0.25,0.0,True
0.25,0.5810436969343922,representational_loss,-0.25,0.25,0.5,0.25,0.0,True
0.25,0.33351277528201106,representational_loss,-0.25,0.25,0.5,0.25,0.0,True
0.25,0.50021045803603,representational_loss,-0.25,0.25,0.5,0.25,0.0,True
0.25,0.647829676283949,representational_loss,-0.25,0.25,0.5,0.25,0.0,True
0.25,0.2532301034366604,representational_loss,-0.25,0.25,0.5,0.25,0.0,True
0.25,-0.45731192417320954,representational_loss,-0.25,0.25,0.5,0.25,0.0,True
0.25,0.9656692799074889,representational_loss,-0.25,0.25,0.5,0.25,0.0,True
0.25,0.7956682782658702,representational_loss,-0.25,0.25,0.5,0.25,0.0,True
0.25,-0.870113418836362,representational_loss,-0.25,0.25,0.5,0.25,0.0,True
0.25,0.6471733576066463,representational_loss,-0.25,0.25,0.5,0.25,0.0,True
0.25,-0.12258281205750432,representational_loss,-0.25,0.25,0.5,0.25,0.0,True
0.25,-0.7924659681337014,representational_loss,-0.25,0.25,0.5,0.25,0.0,True
0.25,-0.9614538437044982,representational_loss,-0.25,0.25,0.5,0.25,0.0,True
0.25,0.31204629970955255,representational_loss,-0.25,0.25,0.5,0.25,0.0,True
0.25,-0.14035420870731552,representational_loss,-0.25,0.25,0.5,0.25,0.0,True
0.25,-0.03808592435085645,representational_loss,-0.25,0.25,0.5,0.25,0.0,True
0.25,-0.031001603913969555,representational_loss,-0.25,0.25,0.5,0.25,0.0,True
0.25,-0.8829243891653982,representational_loss,-0.25,0.25,0.5,0.25,0.0,True
0.25,0.28145074654754487,representational_loss,-0.25,0.25,0.5,0.25,0.0,True
0.25,0.17575530208529533,representational_loss,-0.25,0.25,0.5,0.25,0.0,True
0.25,0.5869151184415577,representational_loss,-0.25,0.25,0.5,0.25,0.0,True
0.25,-0.5263150616207499,representational_loss,-0.25,0.25,0.5,0.25,0.0,True
0.25,0.12658518870624014,representational_loss,-0.25,0.25,0.5,0.25,0.0,True
0.25,-0.05105663381821013,representational_loss,-0.25,0.25,0.5,0.25,0.0,True
0.25,-0.8536492355351997,representational_loss,-0.25,0.25,0.5,0.25,0.0,True
0.25,0.5910251531573292,representational_loss,-0.25,0.25,0.5,0.25,0.0,True
0.25,0.7152698353286933,representational_loss,-0.25,0.25,0.5,0.25,0.0,True
0.25,-0.15599102732261771,representational_loss,-0.25,0.25,0.5,0.25,0.0,True
0.25,-0.8452088463348866,representational_loss,-0.25,0.25,0.5,0.25,0.0,True
0.25,-0.214495034172401,representational_loss,-0.25,0.25,0.5,0.25,0.0,True
0.25,0.4127483393911855,representational_loss,-0.25,0.25,0.5,0.25,0.0,True
0.25,-0.4137604310991858,representational_loss,-0.25,0.25,0.5,0.25,0.0,True
0.25,0.04633768978265618,representational_loss,-0.25,0.25,0.5,0.25,0.0,True
0.25,-0.9049904282084853,representational_loss,-0.25,0.25,0.5,0.25,0.0,True
0.25,-0.9468006466011301,representational_loss,-0.25,0.25,0.5,0.25,0.0,True
0.25,0.2865572848647602,representational_loss,-0.25,0.25,0.5,0.25,0.0,True
0.25,-0.49246765247474134,representational_loss,-0.25,0.25,0.5,0.25,0.0,True
0.25,0.8039372838760315,representational_loss,-0.25,0.25,0.5,0.25,0.0,True
0.25,0.23854233913248857,representational_loss,-0.25,0.25,0.5,0.25,0.0,True
0.25,-0.22877562371946514,representational_loss,-0.25,0.25,0.5,0.25,0.0,True
0.25,-0.4592651872471767,representational_loss,-0.25,0.25,0.5,0.25,0.0,True
0.25,-0.7334459835031455,representational_loss,-0.25,0.25,0.5,0.25,0.0,True
0.25,0.7849792272104572,representational_loss,-0.25,0.25,0.5,0.25,0.0,True
0.25,0.9963682238696876,representational_loss,-0.25,0.25,0.5,0.25,0.0,True
0.25,0.5255374282782288,representational_loss,-0.25,0.25,0.5,0.25,0.0,True
0.25,0.6189325177054181,representational_loss,-0.25,0.25,0.5,0.25,0.0,True
0.25,0.2784174392851164,representational_loss,-0.25,0.25,0.5,0.25,0.0,True
0.25,-0.5449187503356108,representational_loss,-0.25,0.25,0.5,0.25,0.0,True
0.25,0.5821306509718223,representational_loss,-0.25,0.25,0.5,0.25,0.0,True
0.25,0.8169298964431191,representational_loss,-0.25,0.25,0.5,0.25,0.0,True
0.25,0.6344540015152722,representational_loss,-0.25,0.25,0.5,0.25,0.0,True
0.25,-0.0679971724109083,representational_loss,-0.25,0.25,0.5,0.25,0.0,True
0.25,0.4797205691252253,representational_loss,-0.25,0.25,0.5,0.25,0.0,True
0.25,0.7458717976560796,representational_loss,-0.25,0.25,0.5,0.25,0.0,True
0.25,0.8928117786822543,representational_loss,-0.25,0.25,0.5,0.25,0.0,True
0.25,-0.605839376454282,representational_loss,-0.25,0.25,0.5,0.25,0.0,True
0.25,0.35641051629417264,representational_loss,-0.25,0.25,0.5,0.25,0.0,True
0.25,-0.07828174675552124,representational_loss,-0.25,0.25,0.5,0.25,0.0,True
0.25,0.04802168304651522,representational_loss,-0.25,0.25,0.5,0.25,0.0,True
0.25,-0.08759571965009272,representational_loss,-0.25,0.25,0.5,0.25,0.0,True
0.25,-0.4592879410994537,representational_loss,-0.25,0.25,0.5,0.25,0.0,True
0.25,-0.4791975823807606,representational_loss,-0.25,0.25,0.5,0.25,0.0,True
0.25,-0.46088016473893445,representational_loss,-0.25,0.25,0.5,0.25,0.0,True
0.25,0.13025123921138504,representational_loss,-0.25,0.25,0.5,0.25,0.0,True
0.25,0.9357666605760042,representational_loss,-0.25,0.25,0.5,0.25,0.0,True
0.25,0.7992196548412991,representational_loss,-0.25,0.25,0.5,0.25,0.0,True
0.25,0.48812365962949245,representational_loss,-0.25,0.25,0.5,0.25,0.0,True
0.25,0.5577525197458773,representational_loss,-0.25,0.25,0.5,0.25,0.0,True
0.25,-0.6607378978230116,representational_loss,-0.25,0.25,0.5,0.25,0.0,True
0.25,0.47164107896492813,representational_loss,-0.25,0.25,0.5,0.25,0.0,True
0.25,-0.30950064143013334,representational_loss,-0.25,0.25,0.5,0.25,0.0,True
0.25,0.006150742417380561,representational_loss,-0.25,0.25,0.5,0.25,0.0,True
0.25,-0.4043130656082028,representational_loss,-0.25,0.25,0.5,0.25,0.0,True
0.25,-0.9888145923654321,representational_loss,-0.25,0.25,0.5,0.25,0.0,True
0.25,0.5865227529641686,representational_loss,-0.25,0.25,0.5,0.25,0.0,True
0.25,0.9014214844330504,representational_loss,-0.25,0.25,0.5,0.25,0.0,True
0.25,-0.9072770127610534,representational_loss,-0.25,0.25,0.5,0.25,0.0,True
0.25,-0.22743319749475832,representational_loss,-0.25,0.25,0.5,0.25,0.0,True
0.25,0.04912431712130805,representational_loss,-0.25,0.25,0.5,0.25,0.0,True
0.25,0.8282574348692169,representational_loss,-0.25,0.25,0.5,0.25,0.0,True
0.25,-0.00839759326178946,representational_loss,-0.25,0.25,0.5,0.25,0.0,True
0.25,-0.4534342640622766,representational_loss,-0.25,0.25,0.5,0.25,0.0,True
0.25,0.15866354285373863,representational_loss,-0.25,0.25,0.5,0.25,0.0,True
0.25,0.8471249917027401,representational_loss,-0.25,0.25,0.5,0.25,0.0,True
0.25,0.4341712990684854,representational_loss,-0.25,0.25,0.5,0.25,0.0,True
0.25,-0.5579245254168461,representational_loss,-0.25,0.25,0.5,0.25,0.0,True
0.25,0.8874979969348114,representational_loss,-0.25,0.25,0.5,0.25,0.0,True
0.25,0.45878462494768923,representational_loss,-0.25,0.25,0.5,0.25,0.0,True
0.25,-0.22918533573857847,representational_loss,-0.25,0.25,0.5,0.25,0.0,True
0.25,0.7060350861125313,representational_loss,-0.25,0.25,0.5,0.25,0.0,True
0.25,0.013691044061096669,representational_loss,-0.25,0.25,0.5,0.25,0.0,True
0.25,-0.6679307363934819,representational_loss,-0.25,0.25,0.5,0.25,0.0,True
0.25,0.47627692737809557,representational_loss,-0.25,0.25,0.5,0.25,0.0,True
0.25,-0.8132460696686934,representational_loss,-0.25,0.25,0.5,0.25,0.0,True
0.25,-0.4630246056374723,representational_loss,-0.25,0.25,0.5,0.25,0.0,True
0.25,0.13159075331795367,representational_loss,-0.25,0.25,0.5,0.25,0.0,True
0.25,0.628041926397312,representational_loss,-0.25,0.25,0.5,0.25,0.0,True
0.25,0.3175909861569175,representational_loss,-0.25,0.25,0.5,0.25,0.0,True
0.25,-0.6452120471825318,representational_loss,-0.25,0.25,0.5,0.25,0.0,True
0.25,0.7997939791519331,representational_loss,-0.25,0.25,0.5,0.25,0.0,True
0.25,-0.399954880488093,representational_loss,-0.25,0.25,0.5,0.25,0.0,True
0.25,-0.6150584205536416,representational_loss,-0.25,0.25,0.5,0.25,0.0,True
0.25,0.7551450057242699,representational_loss,-0.25,0.25,0.5,0.25,0.0,True
0.25,0.34391080908622573,representational_loss,-0.25,0.25,0.5,0.25,0.0,True
0.25,-0.07539281140034193,representational_loss,-0.25,0.25,0.5,0.25,0.0,True
0.25,0.3337412174692349,representational_loss,-0.25,0.25,0.5,0.25,0.0,True
0.25,-0.11317642222437074,representational_loss,-0.25,0.25,0.5,0.25,0.0,True
0.25,-0.17109794556340163,representational_loss,-0.25,0.25,0.5,0.25,0.0,True
0.25,0.5085950572324311,representational_loss,-0.25,0.25,0.5,0.25,0.0,True
0.25,-0.861384204995375,representational_loss,-0.25,0.25,0.5,0.25,0.0,True
0.25,0.3811822324470917,representational_loss,-0.25,0.25,0.5,0.25,0.0,True
0.25,-0.905392452819151,representational_loss,-0.25,0.25,0.5,0.25,0.0,True
0.25,0.8898059822179134,representational_loss,-0.25,0.25,0.5,0.25,0.0,True
0.25,-0.5763859333395975,representational_loss,-0.25,0.25,0.5,0.25,0.0,True
0.25,-0.964407319465105,representational_loss,-0.25,0.25,0.5,0.25,0.0,True
0.25,0.26058124299304897,representational_loss,-0.25,0.25,0.5,0.25,0.0,True
0.25,-0.64549181166322,representational_loss,-0.25,0.25,0.5,0.25,0.0,True
0.25,-0.2977129604360824,representational_loss,-0.25,0.25,0.5,0.25,0.0,True
0.25,0.6066154207899217,representational_loss,-0.25,0.25,0.5,0.25,0.0,True
0.25,0.9409205436385051,representational_loss,-0.25,0.25,0.5,0.25,0.0,True
0.25,0.6764918378562408,representational_loss,-0.25,0.25,0.5,0.25,0.0,True
0.25,-0.4894497934337676,representational_loss,-0.25,0.25,0.5,0.25,0.0,True
0.25,-0.218689766073624,representational_loss,-0.25,0.25,0.5,0.25,0.0,True
0.25,0.9103464518063316,representational_loss,-0.25,0.25,0.5,0.25,0.0,True
0.25,0.7634253391195944,representational_loss,-0.25,0.25,0.5,0.25,0.0,True
0.25,-0.6469552796028921,representational_loss,-0.25,0.25,0.5,0.25,0.0,True
0.25,0.3471389638919997,representational_loss,-0.25,0.25,0.5,0.25,0.0,True
0.25,-0.1905422132180956,representational_loss,-0.25,0.25,0.5,0.25,0.0,True
0.25,0.9280162454270979,representational_loss,-0.25,0.25,0.5,0.25,0.0,True
0.25,0.21049316865814816,representational_loss,-0.25,0.25,0.5,0.25,0.0,True
0.25,0.588180909994884,representational_loss,-0.25,0.25,0.5,0.25,0.0,True
0.25,0.8884597191285108,representational_loss,-0.25,0.25,0.5,0.25,0.0,True
0.25,-0.7217947798934423,representational_loss,-0.25,0.25,0.5,0.25,0.0,True
0.25,0.3866736219255136,representational_loss,-0.25,0.25,0.5,0.25,0.0,True
0.25,-0.8417916323476329,representational_loss,-0.25,0.25,0.5,0.25,0.0,True
0.25,0.04359429669335335,representational_loss,-0.25,0.25,0.5,0.25,0.0,True
0.25,0.6804354125476306,representational_loss,-0.25,0.25,0.5,0.25,0.0,True
0.25,-0.7769751930153768,representational_loss,-0.25,0.25,0.5,0.25,0.0,True
0.25,0.09688425474414486,representational_loss,-0.25,0.25,0.5,0.25,0.0,True
0.25,0.4429915850273789,representational_loss,-0.25,0.25,0.5,0.25,0.0,True
0.25,0.22557220497124408,representational_loss,-0.25,0.25,0.5,0.25,0.0,True
0.25,-0.8755892952698585,representational_loss,-0.25,0.25,0.5,0.25,0.0,True
0.25,0.23036258171248747,representational_loss,-0.25,0.25,0.5,0.25,0.0,True
0.25,0.366564605909824,representational_loss,-0.25,0.25,0.5,0.25,0.0,True
0.25,0.6575705868014277,representational_loss,-0.25,0.25,0.5,0.25,0.0,True
0.25,-0.25114894519639175,representational_loss,-0.25,0.25,0.5,0.25,0.0,True
0.25,0.44486449900321423,representational_loss,-0.25,0.25,0.5,0.25,0.0,True
0.25,0.3562118114481079,representational_loss,-0.25,0.25,0.5,0.25,0.0,True
0.25,-0.7738593471613402,representational_loss,-0.25,0.25,0.5,0.25,0.0,True
0.25,-0.23774158185681382,representational_loss,-0.25,0.25,0.5,0.25,0.0,True
0.25,-0.6244029760163261,representational_loss,-0.25,0.25,0.5,0.25,0.0,True
0.25,0.12817241266453872,representational_loss,-0.25,0.25,0.5,0.25,0.0,True
0.25,0.63694827377485,representational_loss,-0.25,0.25,0.5,0.25,0.0,True
0.25,0.850989642710668,representational_loss,-0.25,0.25,0.5,0.25,0.0,True
0.25,-0.42520433839566185,representational_loss,-0.25,0.25,0.5,0.25,0.0,True
0.25,0.42059323090714007,representational_loss,-0.25,0.25,0.5,0.25,0.0,True
0.25,-0.7704036097936089,representational_loss,-0.25,0.25,0.5,0.25,0.0,True
0.25,0.08334815590326605,representational_loss,-0.25,0.25,0.5,0.25,0.0,True
0.25,-0.7997120578711134,representational_loss,-0.25,0.25,0.5,0.25,0.0,True
0.25,0.852233204579931,representational_loss,-0.25,0.25,0.5,0.25,0.0,True
0.25,-0.08098571903154661,representational_loss,-0.25,0.25,0.5,0.25,0.0,True
0.25,0.0313234654596255,representational_loss,-0.25,0.25,0.5,0.25,0.0,True
0.25,-0.7673848403253414,representational_loss,-0.25,0.25,0.5,0.25,0.0,True
0.25,0.8095800026625144,representational_loss,-0.25,0.25,0.5,0.25,0.0,True
0.25,0.8924407449849374,representational_loss,-0.25,0.25,0.5,0.25,0.0,True
0.25,0.41731625073671164,representational_loss,-0.25,0.25,0.5,0.25,0.0,True
0.25,0.9671058225924811,representational_loss,-0.25,0.25,0.5,0.25,0.0,True
0.25,0.49924912547425393,representational_loss,-0.25,0.25,0.5,0.25,0.0,True
0.25,-0.4081600594637209,representational_loss,-0.25,0.25,0.5,0.25,0.0,True
0.25,0.12733306640424824,representational_loss,-0.25,0.25,0.5,0.25,0.0,True
0.25,-0.6994847909970212,representational_loss,-0.25,0.25,0.5,0.25,0.0,True
0.25,0.7453874988261173,representational_loss,-0.25,0.25,0.5,0.25,0.0,True
0.25,-0.39934225455299255,representational_loss,-0.25,0.25,0.5,0.25,0.0,True
0.25,-0.37106524114965,representational_loss,-0.25,0.25,0.5,0.25,0.0,True
0.25,-0.3571446153375304,representational_loss,-0.25,0.25,0.5,0.25,0.0,True
0.25,-0.4875327977896633,representational_loss,-0.25,0.25,0.5,0.25,0.0,True
0.25,-0.32273704677186443,representational_loss,-0.25,0.25,0.5,0.25,0.0,True
0.25,-0.7362649934033727,representational_loss,-0.25,0.25,0.5,0.25,0.0,True
0.25,-0.9412894956554045,representational_loss,-0.25,0.25,0.5,0.25,0.0,True
0.25,0.949399966465097,representational_loss,-0.25,0.25,0.5,0.25,0.0,True
0.25,-0.2733239512178338,representational_loss,-0.25,0.25,0.5,0.25,0.0,True
0.25,0.9832286287329699,representational_loss,-0.25,0.25,0.5,0.25,0.0,True
0.25,0.3754439151517126,representational_loss,-0.25,0.25,0.5,0.25,0.0,True
0.25,0.6312802355192311,representational_loss,-0.25,0.25,0.5,0.25,0.0,True
0.25,-0.7603765281526325,representational_loss,-0.25,0.25,0.5,0.25,0.0,True
0.25,-0.05535833868556783,representational_loss,-0.25,0.25,0.5,0.25,0.0,True
0.25,-0.6925309283603391,representational_loss,-0.25,0.25,0.5,0.25,0.0,True
0.25,-0.17411408655593763,representational_loss,-0.25,0.25,0.5,0.25,0.0,True
0.25,-0.7958049962626723,representational_loss,-0.25,0.25,0.5,0.25,0.0,True
0.25,0.04765784277307872,representational_loss,-0.25,0.25,0.5,0.25,0.0,True
0.25,0.6191924548505301,representational_loss,-0.25,0.25,0.5,0.25,0.0,True
0.25,0.7977561645815587,representational_loss,-0.25,0.25,0.5,0.25,0.0,True
0.25,0.7928248796583686,representational_loss,-0.25,0.25,0.5,0.25,0.0,True
0.25,0.6112099965971571,representational_loss,-0.25,0.25,0.5,0.25,0.0,True
0.25,0.38201691095848567,representational_loss,-0.25,0.25,0.5,0.25,0.0,True
0.25,-0.35291483651274436,representational_loss,-0.25,0.25,0.5,0.25,0.0,True
0.25,-0.7636674087551842,representational_loss,-0.25,0.25,0.5,0.25,0.0,True
0.25,0.2052439862300759,representational_loss,-0.25,0.25,0.5,0.25,0.0,True
0.25,-0.6789095345535539,representational_loss,-0.25,0.25,0.5,0.25,0.0,True
0.25,0.3760127744590034,representational_loss,-0.25,0.25,0.5,0.25,0.0,True
0.25,-0.929645204974815,representational_loss,-0.25,0.25,0.5,0.25,0.0,True
0.25,0.9764288325282982,representational_loss,-0.25,0.25,0.5,0.25,0.0,True
0.25,0.4630115882449697,representational_loss,-0.25,0.25,0.5,0.25,0.0,True
0.25,-0.6449326440940126,representational_loss,-0.25,0.25,0.5,0.25,0.0,True
0.25,-0.6625333869505821,representational_loss,-0.25,0.25,0.5,0.25,0.0,True
0.25,-0.9561146194240329,representational_loss,-0.25,0.25,0.5,0.25,0.0,True
0.25,-0.8786167140913206,representational_loss,-0.25,0.25,0.5,0.25,0.0,True
0.25,0.26025557277455635,representational_loss,-0.25,0.25,0.5,0.25,0.0,True
0.25,0.8875272581262805,representational_loss,-0.25,0.25,0.5,0.25,0.0,True
0.25,0.8357910311198082,representational_loss,-0.25,0.25,0.5,0.25,0.0,True
0.25,0.8716453143174834,representational_loss,-0.25,0.25,0.5,0.25,0.0,True
0.25,-0.9421740852283209,representational_loss,-0.25,0.25,0.5,0.25,0.0,True
0.25,0.4992893000910221,representational_loss,-0.25,0.25,0.5,0.25,0.0,True
0.25,0.056483498876022775,representational_loss,-0.25,0.25,0.5,0.25,0.0,True
0.25,-0.5542594545316981,representational_loss,-0.25,0.25,0.5,0.25,0.0,True
0.25,0.4527163386220667,representational_loss,-0.25,0.25,0.5,0.25,0.0,True
0.25,-0.09124005371828181,representational_loss,-0.25,0.25,0.5,0.25,0.0,True
0.25,-0.9723280882765233,representational_loss,-0.25,0.25,0.5,0.25,0.0,True
0.25,-0.9595965600016509,representational_loss,-0.25,0.25,0.5,0.25,0.0,True
0.25,0.6811286228637581,representational_loss,-0.25,0.25,0.5,0.25,0.0,True
0.25,-0.6305426582080407,representational_loss,-0.25,0.25,0.5,0.25,0.0,True
0.25,0.27751928673165605,representational_loss,-0.25,0.25,0.5,0.25,0.0,True
0.25,-0.43799329170498935,representational_loss,-0.25,0.25,0.5,0.25,0.0,True
0.25,0.7407965863974528,representational_loss,-0.25,0.25,0.5,0.25,0.0,True
0.25,-0.5050683075077049,representational_loss,-0.25,0.25,0.5,0.25,0.0,True
0.25,0.17518316972415682,representational_loss,-0.25,0.25,0.5,0.25,0.0,True
0.25,0.15634082984207964,representational_loss,-0.25,0.25,0.5,0.25,0.0,True
0.25,-0.3313452221469564,representational_loss,-0.25,0.25,0.5,0.25,0.0,True
0.25,-0.060836377829430965,representational_loss,-0.25,0.25,0.5,0.25,0.0,True
0.25,0.6149836815194409,representational_loss,-0.25,0.25,0.5,0.25,0.0,True
0.25,-0.3799394874654398,representational_loss,-0.25,0.25,0.5,0.25,0.0,True
0.25,-0.5998178362496549,representational_loss,-0.25,0.25,0.5,0.25,0.0,True
0.25,-0.05388956507324738,representational_loss,-0.25,0.25,0.5,0.25,0.0,True
0.25,-0.4296790841221696,representational_loss,-0.25,0.25,0.5,0.25,0.0,True
0.25,0.8689320215151528,representational_loss,-0.25,0.25,0.5,0.25,0.0,True
0.25,0.4015159674383897,representational_loss,-0.25,0.25,0.5,0.25,0.0,True
0.25,0.47968333099846316,representational_loss,-0.25,0.25,0.5,0.25,0.0,True
0.25,-0.9584047822053783,representational_loss,-0.25,0.25,0.5,0.25,0.0,True
0.25,-0.9252374598718902,representational_loss,-0.25,0.25,0.5,0.25,0.0,True
0.25,-0.989298996773726,representational_loss,-0.25,0.25,0.5,0.25,0.0,True
0.25,0.6023595526594803,representational_loss,-0.25,0.25,0.5,0.25,0.0,True
0.25,0.50112674891195,representational_loss,-0.25,0.25,0.5,0.25,0.0,True
0.25,-0.34301449230510705,representational_loss,-0.25,0.25,0.5,0.25,0.0,True
0.25,-0.9678456411950984,representational_loss,-0.25,0.25,0.5,0.25,0.0,True
0.25,0.013842838957736303,representational_loss,-0.25,0.25,0.5,0.25,0.0,True
0.25,-0.5756454273521052,representational_loss,-0.25,0.25,0.5,0.25,0.0,True
0.25,-0.36061337417963935,representational_loss,-0.25,0.25,0.5,0.25,0.0,True
0.25,-0.5041963236166997,representational_loss,-0.25,0.25,0.5,0.25,0.0,True
0.25,0.48285046000332743,representational_loss,-0.25,0.25,0.5,0.25,0.0,True
0.25,0.7464557795245894,representational_loss,-0.25,0.25,0.5,0.25,0.0,True
0.25,0.30620170540079217,representational_loss,-0.25,0.25,0.5,0.25,0.0,True
0.25,0.3039364571559997,representational_loss,-0.25,0.25,0.5,0.25,0.0,True
0.25,0.09259095037883447,representational_loss,-0.25,0.25,0.5,0.25,0.0,True
0.25,0.23558652599215324,representational_loss,-0.25,0.25,0.5,0.25,0.0,True
0.25,-0.862069360652139,representational_loss,-0.25,0.25,0.5,0.25,0.0,True
0.25,0.3707328221673134,representational_loss,-0.25,0.25,0.5,0.25,0.0,True
0.25,-0.791727534157705,representational_loss,-0.25,0.25,0.5,0.25,0.0,True
0.25,-0.13735888748983616,representational_loss,-0.25,0.25,0.5,0.25,0.0,True
0.25,0.15485034001520592,representational_loss,-0.25,0.25,0.5,0.25,0.0,True
0.25,0.5012253339975778,representational_loss,-0.25,0.25,0.5,0.25,0.0,True
0.25,0.7739052260105901,representational_loss,-0.25,0.25,0.5,0.25,0.0,True
0.25,0.46236524230627474,representational_loss,-0.25,0.25,0.5,0.25,0.0,True
0.25,0.6155228312052421,representational_loss,-0.25,0.25,0.5,0.25,0.0,True
0.25,0.1484836835988692,representational_loss,-0.25,0.25,0.5,0.25,0.0,True
0.25,-0.7791859424571712,representational_loss,-0.25,0.25,0.5,0.25,0.0,True
0.25,0.9779579986164688,representational_loss,-0.25,0.25,0.5,0.25,0.0,True
0.25,-0.9055581133516195,representational_loss,-0.25,0.25,0.5,0.25,0.0,True
0.25,-0.34501955726892186,representational_loss,-0.25,0.25,0.5,0.25,0.0,True
0.25,0.33429119879228564,representational_loss,-0.25,0.25,0.5,0.25,0.0,True
0.25,0.1822361587399839,representational_loss,-0.25,0.25,0.5,0.25,0.0,True
0.25,0.38814373102906474,representational_loss,-0.25,0.25,0.5,0.25,0.0,True
0.25,-0.04383334144119866,representational_loss,-0.25,0.25,0.5,0.25,0.0,True
0.25,0.4489084697508863,representational_loss,-0.25,0.25,0.5,0.25,0.0,True
0.25,0.20867536968170053,representational_loss,-0.25,0.25,0.5,0.25,0.0,True
0.25,0.9570180071418772,representational_loss,-0.25,0.25,0.5,0.25,0.0,True
0.25,-0.6593357511484534,representational_loss,-0.25,0.25,0.5,0.25,0.0,True
0.25,-0.4882448635448178,representational_loss,-0.25,0.25,0.5,0.25,0.0,True
0.25,-0.9376303373764001,representational_loss,-0.25,0.25,0.5,0.25,0.0,True
0.25,-0.12881517729272995,representational_loss,-0.25,0.25,0.5,0.25,0.0,True
0.25,-0.6510700574819994,representational_loss,-0.25,0.25,0.5,0.25,0.0,True
0.25,-0.10251441744672807,representational_loss,-0.25,0.25,0.5,0.25,0.0,True
0.25,0.959825575249114,representational_loss,-0.25,0.25,0.5,0.25,0.0,True
0.25,0.07418140961152409,representational_loss,-0.25,0.25,0.5,0.25,0.0,True
0.25,0.5291365758836162,representational_loss,-0.25,0.25,0.5,0.25,0.0,True
0.25,0.961965348254235,representational_loss,-0.25,0.25,0.5,0.25,0.0,True
0.25,0.9373125880619537,representational_loss,-0.25,0.25,0.5,0.25,0.0,True
0.25,0.9329693660055711,representational_loss,-0.25,0.25,0.5,0.25,0.0,True
0.25,-0.3604623549487125,representational_loss,-0.25,0.25,0.5,0.25,0.0,True
0.25,0.4553969551137096,representational_loss,-0.25,0.25,0.5,0.25,0.0,True
0.25,0.4023614249712628,representational_loss,-0.25,0.25,0.5,0.25,0.0,True
0.25,-0.6245530065190772,representational_loss,-0.25,0.25,0.5,0.25,0.0,True
0.25,-0.8830529746459226,representational_loss,-0.25,0.25,0.5,0.25,0.0,True
0.25,-0.94595268765798,representational_loss,-0.25,0.25,0.5,0.25,0.0,True
0.25,0.024679492901452216,representational_loss,-0.25,0.25,0.5,0.25,0.0,True
0.25,-0.088359890069025,representational_loss,-0.25,0.25,0.5,0.25,0.0,True
0.25,-0.7905920353695408,representational_loss,-0.25,0.25,0.5,0.25,0.0,True
0.25,0.023639382588547697,representational_loss,-0.25,0.25,0.5,0.25,0.0,True
0.25,0.982166459196181,representational_loss,-0.25,0.25,0.5,0.25,0.0,True
0.25,-0.1794978071694724,representational_loss,-0.25,0.25,0.5,0.25,0.0,True
0.25,0.05138513163268077,representational_loss,-0.25,0.25,0.5,0.25,0.0,True
0.25,0.21650207918539022,representational_loss,-0.25,0.25,0.5,0.25,0.0,True
0.25,0.1643578273965367,representational_loss,-0.25,0.25,0.5,0.25,0.0,True
0.25,-0.02975693595070772,representational_loss,-0.25,0.25,0.5,0.25,0.0,True
0.25,-0.5179147945713967,representational_loss,-0.25,0.25,0.5,0.25,0.0,True
0.25,-0.4659572306168702,representational_loss,-0.25,0.25,0.5,0.25,0.0,True
0.25,-0.8353093229547945,representational_loss,-0.25,0.25,0.5,0.25,0.0,True
0.25,-0.9904402568805826,representational_loss,-0.25,0.25,0.5,0.25,0.0,True
0.25,-0.7214013813439157,representational_loss,-0.25,0.25,0.5,0.25,0.0,True
0.25,0.7158877279811191,representational_loss,-0.25,0.25,0.5,0.25,0.0,True
0.25,-0.5825335143095172,representational_loss,-0.25,0.25,0.5,0.25,0.0,True
0.25,-0.9122989114063498,representational_loss,-0.25,0.25,0.5,0.25,0.0,True
0.25,0.7826675562158611,representational_loss,-0.25,0.25,0.5,0.25,0.0,True
0.25,-0.8799352982242197,representational_loss,-0.25,0.25,0.5,0.25,0.0,True
0.25,-0.4590472113813513,representational_loss,-0.25,0.25,0.5,0.25,0.0,True
0.25,-0.3935274643408879,representational_loss,-0.25,0.25,0.5,0.25,0.0,True
0.25,-0.3050644130638338,representational_loss,-0.25,0.25,0.5,0.25,0.0,True
0.25,0.9756345000384372,representational_loss,-0.25,0.25,0.5,0.25,0.0,True
0.25,-0.4841436773691148,representational_loss,-0.25,0.25,0.5,0.25,0.0,True
0.25,0.6109333377560109,representational_loss,-0.25,0.25,0.5,0.25,0.0,True
0.25,-0.36112120211154464,representational_loss,-0.25,0.25,0.5,0.25,0.0,True
0.25,-0.9195593529954582,representational_loss,-0.25,0.25,0.5,0.25,0.0,True
0.25,-0.033591703755498026,representational_loss,-0.25,0.25,0.5,0.25,0.0,True
0.25,-0.7134608131887408,representational_loss,-0.25,0.25,0.5,0.25,0.0,True
0.25,0.5045738714096033,representational_loss,-0.25,0.25,0.5,0.25,0.0,True
0.25,-0.013195024974247183,representational_loss,-0.25,0.25,0.5,0.25,0.0,True
0.25,0.7467292662982177,representational_loss,-0.25,0.25,0.5,0.25,0.0,True
0.25,-0.9938471002681235,representational_loss,-0.25,0.25,0.5,0.25,0.0,True
0.25,-0.4537991983560139,representational_loss,-0.25,0.25,0.5,0.25,0.0,True
0.25,-0.20361823692398828,representational_loss,-0.25,0.25,0.5,0.25,0.0,True
0.25,0.6174436848319538,representational_loss,-0.25,0.25,0.5,0.25,0.0,True
0.25,0.6535812108539447,representational_loss,-0.25,0.25,0.5,0.25,0.0,True
0.25,0.7134506408033354,representational_loss,-0.25,0.25,0.5,0.25,0.0,True
0.25,0.6001290967526867,representational_loss,-0.25,0.25,0.5,0.25,0.0,True
0.25,-0.49025711800940064,representational_loss,-0.25,0.25,0.5,0.25,0.0,True
0.25,0.7559692744334419,representational_loss,-0.25,0.25,0.5,0.25,0.0,True
0.25,-0.8647693131039396,representational_loss,-0.25,0.25,0.5,0.25,0.0,True
0.25,-0.8782127225733025,representational_loss,-0.25,0.25,0.5,0.25,0.0,True
0.25,-0.74220958377971,representational_loss,-0.25,0.25,0.5,0.25,0.0,True
0.25,0.5546801620039938,representational_loss,-0.25,0.25,0.5,0.25,0.0,True
0.25,-0.13226387804147488,representational_loss,-0.25,0.25,0.5,0.25,0.0,True
0.25,-0.054637333139272215,representational_loss,-0.25,0.25,0.5,0.25,0.0,True
0.25,-0.8471425585027148,representational_loss,-0.25,0.25,0.5,0.25,0.0,True
0.25,-0.41417475019221817,representational_loss,-0.25,0.25,0.5,0.25,0.0,True
0.25,-0.8159955098194414,representational_loss,-0.25,0.25,0.5,0.25,0.0,True
0.25,-0.25532141547635634,representational_loss,-0.25,0.25,0.5,0.25,0.0,True
0.25,-0.9314839282301115,representational_loss,-0.25,0.25,0.5,0.25,0.0,True
0.25,0.5803536740897037,representational_loss,-0.25,0.25,0.5,0.25,0.0,True
0.25,0.16057808325633105,representational_loss,-0.25,0.25,0.5,0.25,0.0,True
0.25,0.8085196289216001,representational_loss,-0.25,0.25,0.5,0.25,0.0,True
0.25,-0.5195919303586216,representational_loss,-0.25,0.25,0.5,0.25,0.0,True
0.25,0.614769128149063,representational_loss,-0.25,0.25,0.5,0.25,0.0,True
0.25,0.3467240960619664,representational_loss,-0.25,0.25,0.5,0.25,0.0,True
0.25,-0.8738694721656846,representational_loss,-0.25,0.25,0.5,0.25,0.0,True
0.25,-0.8768980984371233,representational_loss,-0.25,0.25,0.5,0.25,0.0,True
0.25,-0.9426190194911324,representational_loss,-0.25,0.25,0.5,0.25,0.0,True
0.25,-0.11762990382534722,representational_loss,-0.25,0.25,0.5,0.25,0.0,True
0.25,0.03590730176805246,representational_loss,-0.25,0.25,0.5,0.25,0.0,True
0.25,0.5292639486415975,representational_loss,-0.25,0.25,0.5,0.25,0.0,True
0.25,-0.03456627661583922,representational_loss,-0.25,0.25,0.5,0.25,0.0,True
0.25,0.33123964606971623,representational_loss,-0.25,0.25,0.5,0.25,0.0,True
0.25,0.9462100436622727,representational_loss,-0.25,0.25,0.5,0.25,0.0,True
0.25,-0.883919432009695,representational_loss,-0.25,0.25,0.5,0.25,0.0,True
0.25,0.206602639749909,representational_loss,-0.25,0.25,0.5,0.25,0.0,True
0.25,0.7004356166108925,representational_loss,-0.25,0.25,0.5,0.25,0.0,True
0.25,0.2987045559516097,representational_loss,-0.25,0.25,0.5,0.25,0.0,True
0.25,0.8723432550569736,representational_loss,-0.25,0.25,0.5,0.25,0.0,True
0.25,0.04872954790486239,representational_loss,-0.25,0.25,0.5,0.25,0.0,True
0.25,-0.4183664237889042,representational_loss,-0.25,0.25,0.5,0.25,0.0,True
0.25,-0.04330574634974571,representational_loss,-0.25,0.25,0.5,0.25,0.0,True
0.25,0.2277508176649099,representational_loss,-0.25,0.25,0.5,0.25,0.0,True
0.25,0.20316868026963708,representational_loss,-0.25,0.25,0.5,0.25,0.0,True
0.25,-0.5370325830982052,representational_loss,-0.25,0.25,0.5,0.25,0.0,True
0.25,0.7809305990709567,representational_loss,-0.25,0.25,0.5,0.25,0.0,True
0.25,0.586432210198709,representational_loss,-0.25,0.25,0.5,0.25,0.0,True
0.25,-0.5250904950416022,representational_loss,-0.25,0.25,0.5,0.25,0.0,True
0.25,-0.4953333563000242,representational_loss,-0.25,0.25,0.5,0.25,0.0,True
0.25,0.6286607263860395,representational_loss,-0.25,0.25,0.5,0.25,0.0,True
0.25,-0.4262885984918767,representational_loss,-0.25,0.25,0.5,0.25,0.0,True
0.25,-0.9630091196168555,representational_loss,-0.25,0.25,0.5,0.25,0.0,True
0.25,-0.3472563717483239,representational_loss,-0.25,0.25,0.5,0.25,0.0,True
0.25,-0.12097876525694007,representational_loss,-0.25,0.25,0.5,0.25,0.0,True
0.25,-0.3797544670221964,representational_loss,-0.25,0.25,0.5,0.25,0.0,True
0.25,-0.8092690605049111,representational_loss,-0.25,0.25,0.5,0.25,0.0,True
0.25,-0.514989824020978,representational_loss,-0.25,0.25,0.5,0.25,0.0,True
0.25,0.03563477429771034,representational_loss,-0.25,0.25,0.5,0.25,0.0,True
0.25,0.06790706752885267,representational_loss,-0.25,0.25,0.5,0.25,0.0,True
0.25,0.11399133373762682,representational_loss,-0.25,0.25,0.5,0.25,0.0,True
0.25,0.9034141116908814,representational_loss,-0.25,0.25,0.5,0.25,0.0,True
0.25,0.03693266424853525,representational_loss,-0.25,0.25,0.5,0.25,0.0,True
0.25,0.8023900279333802,representational_loss,-0.25,0.25,0.5,0.25,0.0,True
0.25,0.30332077058887075,representational_loss,-0.25,0.25,0.5,0.25,0.0,True
0.25,-0.65565811811642,representational_loss,-0.25,0.25,0.5,0.25,0.0,True
0.25,0.44551241129406716,representational_loss,-0.25,0.25,0.5,0.25,0.0,True
0.25,0.18630459900989127,representational_loss,-0.25,0.25,0.5,0.25,0.0,True
0.25,0.8545851709413168,representational_loss,-0.25,0.25,0.5,0.25,0.0,True
0.25,0.8704090045858732,representational_loss,-0.25,0.25,0.5,0.25,0.0,True
0.25,0.8842770298225675,representational_loss,-0.25,0.25,0.5,0.25,0.0,True
0.25,-0.37084973350439254,representational_loss,-0.25,0.25,0.5,0.25,0.0,True
0.25,0.301070576940242,representational_loss,-0.25,0.25,0.5,0.25,0.0,True
0.25,0.3768921766266313,representational_loss,-0.25,0.25,0.5,0.25,0.0,True
0.25,0.6600142485340506,representational_loss,-0.25,0.25,0.5,0.25,0.0,True
0.25,0.6612689553188362,representational_loss,-0.25,0.25,0.5,0.25,0.0,True
0.25,-0.8293240255494574,representational_loss,-0.25,0.25,0.5,0.25,0.0,True
0.25,0.2449057967075028,representational_loss,-0.25,0.25,0.5,0.25,0.0,True
0.25,-0.7745749305068252,representational_loss,-0.25,0.25,0.5,0.25,0.0,True
0.25,-0.4619195149725499,representational_loss,-0.25,0.25,0.5,0.25,0.0,True
0.25,0.6565658815214626,representational_loss,-0.25,0.25,0.5,0.25,0.0,True
0.25,-0.8430084594333682,representational_loss,-0.25,0.25,0.5,0.25,0.0,True
0.25,-0.3351958301963558,representational_loss,-0.25,0.25,0.5,0.25,0.0,True
0.25,0.32887026483899384,representational_loss,-0.25,0.25,0.5,0.25,0.0,True
0.25,-0.830543583804974,representational_loss,-0.25,0.25,0.5,0.25,0.0,True
0.25,-0.6302570442964723,representational_loss,-0.25,0.25,0.5,0.25,0.0,True
0.25,0.7784696488506186,representational_loss,-0.25,0.25,0.5,0.25,0.0,True
0.25,-0.4279548184801911,representational_loss,-0.25,0.25,0.5,0.25,0.0,True
0.25,0.9120793438807098,representational_loss,-0.25,0.25,0.5,0.25,0.0,True
0.25,-0.07583080840905687,representational_loss,-0.25,0.25,0.5,0.25,0.0,True
0.25,-0.6550116994131285,representational_loss,-0.25,0.25,0.5,0.25,0.0,True
0.25,-0.13219114935368648,representational_loss,-0.25,0.25,0.5,0.25,0.0,True
0.25,-0.8972825827465538,representational_loss,-0.25,0.25,0.5,0.25,0.0,True
0.25,-0.2896797115832579,representational_loss,-0.25,0.25,0.5,0.25,0.0,True
0.25,0.4099059260200266,representational_loss,-0.25,0.25,0.5,0.25,0.0,True
0.25,-0.17836041025844174,representational_loss,-0.25,0.25,0.5,0.25,0.0,True
0.25,0.25612427607838995,representational_loss,-0.25,0.25,0.5,0.25,0.0,True
0.25,-0.4121547920740345,representational_loss,-0.25,0.25,0.5,0.25,0.0,True
0.25,0.6969316347102041,representational_loss,-0.25,0.25,0.5,0.25,0.0,True
0.25,-0.6618327826471604,representational_loss,-0.25,0.25,0.5,0.25,0.0,True
0.25,-0.5935810306368945,representational_loss,-0.25,0.25,0.5,0.25,0.0,True
0.25,-0.107613280944308,representational_loss,-0.25,0.25,0.5,0.25,0.0,True
0.25,-0.3709318872037015,representational_loss,-0.25,0.25,0.5,0.25,0.0,True
0.25,-0.4162961281524351,representational_loss,-0.25,0.25,0.5,0.25,0.0,True
0.25,0.7819777882107342,representational_loss,-0.25,0.25,0.5,0.25,0.0,True
0.25,0.7553200969203957,representational_loss,-0.25,0.25,0.5,0.25,0.0,True
0.25,0.08323407740455457,representational_loss,-0.25,0.25,0.5,0.25,0.0,True
0.25,0.6064435820788143,representational_loss,-0.25,0.25,0.5,0.25,0.0,True
0.25,-0.48612357931526695,representational_loss,-0.25,0.25,0.5,0.25,0.0,True
0.25,0.284729981605103,representational_loss,-0.25,0.25,0.5,0.25,0.0,True
0.25,0.3058778108174631,representational_loss,-0.25,0.25,0.5,0.25,0.0,True
0.25,0.8678178717640825,representational_loss,-0.25,0.25,0.5,0.25,0.0,True
0.25,-0.01848727101563763,representational_loss,-0.25,0.25,0.5,0.25,0.0,True
0.25,-0.2276537482813017,representational_loss,-0.25,0.25,0.5,0.25,0.0,True
0.25,-0.8052048965516636,representational_loss,-0.25,0.25,0.5,0.25,0.0,True
0.25,-0.3119805227243675,representational_loss,-0.25,0.25,0.5,0.25,0.0,True
0.25,0.5565122423765823,representational_loss,-0.25,0.25,0.5,0.25,0.0,True
0.25,-0.6923098378931098,representational_loss,-0.25,0.25,0.5,0.25,0.0,True
0.25,-0.046267127149039355,representational_loss,-0.25,0.25,0.5,0.25,0.0,True
0.25,0.9434739060646882,representational_loss,-0.25,0.25,0.5,0.25,0.0,True
0.25,-0.22580205066451797,representational_loss,-0.25,0.25,0.5,0.25,0.0,True
0.25,0.5631620328276021,representational_loss,-0.25,0.25,0.5,0.25,0.0,True
0.25,-0.39505446160689317,representational_loss,-0.25,0.25,0.5,0.25,0.0,True
0.25,-0.5552558292672138,representational_loss,-0.25,0.25,0.5,0.25,0.0,True
0.25,0.40620545282353104,representational_loss,-0.25,0.25,0.5,0.25,0.0,True
0.25,0.40441464633524693,representational_loss,-0.25,0.25,0.5,0.25,0.0,True
0.25,-0.5382343899971982,representational_loss,-0.25,0.25,0.5,0.25,0.0,True
0.25,-0.6115790685108822,representational_loss,-0.25,0.25,0.5,0.25,0.0,True
0.25,0.6776846008471311,representational_loss,-0.25,0.25,0.5,0.25,0.0,True
0.25,0.8182435444764,representational_loss,-0.25,0.25,0.5,0.25,0.0,True
0.25,-0.6435235607786318,representational_loss,-0.25,0.25,0.5,0.25,0.0,True
0.25,0.1627938536119744,representational_loss,-0.25,0.25,0.5,0.25,0.0,True
0.25,0.7961019877456432,representational_loss,-0.25,0.25,0.5,0.25,0.0,True
0.25,0.34613121665971436,representational_loss,-0.25,0.25,0.5,0.25,0.0,True
0.25,0.0477400764146827,representational_loss,-0.25,0.25,0.5,0.25,0.0,True
0.25,-0.3631160167695553,representational_loss,-0.25,0.25,0.5,0.25,0.0,True
0.25,-0.58863204247367,representational_loss,-0.25,0.25,0.5,0.25,0.0,True
0.25,-0.40008712849565065,representational_loss,-0.25,0.25,0.5,0.25,0.0,True
0.25,0.19559149824914335,representational_loss,-0.25,0.25,0.5,0.25,0.0,True
0.25,-0.9893605537964882,representational_loss,-0.25,0.25,0.5,0.25,0.0,True
0.25,-0.977908487846685,representational_loss,-0.25,0.25,0.5,0.25,0.0,True
0.25,0.9723573385014295,representational_loss,-0.25,0.25,0.5,0.25,0.0,True
0.25,0.1391384004195173,representational_loss,-0.25,0.25,0.5,0.25,0.0,True
0.25,-0.4887582780537536,representational_loss,-0.25,0.25,0.5,0.25,0.0,True
0.25,-0.6770123231190006,representational_loss,-0.25,0.25,0.5,0.25,0.0,True
0.25,-0.2865175537241236,representational_loss,-0.25,0.25,0.5,0.25,0.0,True
0.25,0.983998848406159,representational_loss,-0.25,0.25,0.5,0.25,0.0,True
0.25,-0.9351387260434085,representational_loss,-0.25,0.25,0.5,0.25,0.0,True
0.25,-0.16034104875501876,representational_loss,-0.25,0.25,0.5,0.25,0.0,True
0.25,-0.07216292192203322,representational_loss,-0.25,0.25,0.5,0.25,0.0,True
0.25,-0.7371418121535225,representational_loss,-0.25,0.25,0.5,0.25,0.0,True
0.5,0.31049579472307687,preserved,-0.5,0.5,1.0,0.5,1.0,False
0.5,-0.0544783025156117,preserved,-0.5,0.5,1.0,0.5,1.0,False
0.5,-0.12781138912279855,preserved,-0.5,0.5,1.0,0.5,1.0,False
0.5,0.5299350613134177,preserved,-0.5,0.5,1.0,0.5,1.0,False
0.5,0.38682739000250366,preserved,-0.5,0.5,1.0,0.5,1.0,False
0.5,-0.19045053559397296,preserved,-0.5,0.5,1.0,0.5,1.0,False
0.5,0.70823724353804,preserved,-0.5,0.5,1.0,0.5,1.0,False
0.5,0.8590777916043291,preserved,-0.5,0.5,1.0,0.5,1.0,False
0.5,-0.16224522718974566,preserved,-0.5,0.5,1.0,0.5,1.0,False
0.5,0.8311837747437014,preserved,-0.5,0.5,1.0,0.5,1.0,False
0.5,-0.8310538229127051,preserved,-0.5,0.5,1.0,0.5,1.0,False
0.5,0.6116406539533468,preserved,-0.5,0.5,1.0,0.5,1.0,False
0.5,-0.41945563763473737,preserved,-0.5,0.5,1.0,0.5,1.0,False
0.5,0.6204050729196233,preserved,-0.5,0.5,1.0,0.5,1.0,False
0.5,-0.7189943149675428,preserved,-0.5,0.5,1.0,0.5,1.0,False
0.5,-0.33178555171797397,preserved,-0.5,0.5,1.0,0.5,1.0,False
0.5,0.9051423788519595,preserved,-0.5,0.5,1.0,0.5,1.0,False
0.5,0.056915519521514746,preserved,-0.5,0.5,1.0,0.5,1.0,False
0.5,0.649876102332339,preserved,-0.5,0.5,1.0,0.5,1.0,False
0.5,-0.3622554796800377,preserved,-0.5,0.5,1.0,0.5,1.0,False
0.5,-0.02757930366150152,preserved,-0.5,0.5,1.0,0.5,1.0,False
0.5,0.9062959550759366,preserved,-0.5,0.5,1.0,0.5,1.0,False
0.5,0.08979263473561305,preserved,-0.5,0.5,1.0,0.5,1.0,False
0.5,0.5810436969343922,preserved,-0.5,0.5,1.0,0.5,1.0,False
0.5,0.33351277528201106,preserved,-0.5,0.5,1.0,0.5,1.0,False
0.5,0.50021045803603,preserved,-0.5,0.5,1.0,0.5,1.0,False
0.5,0.647829676283949,preserved,-0.5,0.5,1.0,0.5,1.0,False
0.5,0.2532301034366604,preserved,-0.5,0.5,1.0,0.5,1.0,False
0.5,-0.45731192417320954,preserved,-0.5,0.5,1.0,0.5,1.0,False
0.5,0.9656692799074889,preserved,-0.5,0.5,1.0,0.5,1.0,False
0.5,0.7956682782658702,preserved,-0.5,0.5,1.0,0.5,1.0,False
0.5,-0.870113418836362,preserved,-0.5,0.5,1.0,0.5,1.0,False
0.5,0.6471733576066463,preserved,-0.5,0.5,1.0,0.5,1.0,False
0.5,-0.12258281205750432,preserved,-0.5,0.5,1.0,0.5,1.0,False
0.5,-0.7924659681337014,preserved,-0.5,0.5,1.0,0.5,1.0,False
0.5,-0.9614538437044982,preserved,-0.5,0.5,1.0,0.5,1.0,False
0.5,0.31204629970955255,preserved,-0.5,0.5,1.0,0.5,1.0,False
0.5,-0.14035420870731552,preserved,-0.5,0.5,1.0,0.5,1.0,False
0.5,-0.03808592435085645,preserved,-0.5,0.5,1.0,0.5,1.0,False
0.5,-0.031001603913969555,preserved,-0.5,0.5,1.0,0.5,1.0,False
0.5,-0.8829243891653982,preserved,-0.5,0.5,1.0,0.5,1.0,False
0.5,0.28145074654754487,preserved,-0.5,0.5,1.0,0.5,1.0,False
0.5,0.17575530208529533,preserved,-0.5,0.5,1.0,0.5,1.0,False
0.5,0.5869151184415577,preserved,-0.5,0.5,1.0,0.5,1.0,False
0.5,-0.5263150616207499,preserved,-0.5,0.5,1.0,0.5,1.0,False
0.5,0.12658518870624014,preserved,-0.5,0.5,1.0,0.5,1.0,False
0.5,-0.05105663381821013,preserved,-0.5,0.5,1.0,0.5,1.0,False
0.5,-0.8536492355351997,preserved,-0.5,0.5,1.0,0.5,1.0,False
0.5,0.5910251531573292,preserved,-0.5,0.5,1.0,0.5,1.0,False
0.5,0.7152698353286933,preserved,-0.5,0.5,1.0,0.5,1.0,False
0.5,-0.15599102732261771,preserved,-0.5,0.5,1.0,0.5,1.0,False
0.5,-0.8452088463348866,preserved,-0.5,0.5,1.0,0.5,1.0,False
0.5,-0.214495034172401,preserved,-0.5,0.5,1.0,0.5,1.0,False
0.5,0.4127483393911855,preserved,-0.5,0.5,1.0,0.5,1.0,False
0.5,-0.4137604310991858,preserved,-0.5,0.5,1.0,0.5,1.0,False
0.5,0.04633768978265618,preserved,-0.5,0.5,1.0,0.5,1.0,False
0.5,-0.9049904282084853,preserved,-0.5,0.5,1.0,0.5,1.0,False
0.5,-0.9468006466011301,preserved,-0.5,0.5,1.0,0.5,1.0,False
0.5,0.2865572848647602,preserved,-0.5,0.5,1.0,0.5,1.0,False
0.5,-0.49246765247474134,preserved,-0.5,0.5,1.0,0.5,1.0,False
0.5,0.8039372838760315,preserved,-0.5,0.5,1.0,0.5,1.0,False
0.5,0.23854233913248857,preserved,-0.5,0.5,1.0,0.5,1.0,False
0.5,-0.22877562371946514,preserved,-0.5,0.5,1.0,0.5,1.0,False
0.5,-0.4592651872471767,preserved,-0.5,0.5,1.0,0.5,1.0,False
0.5,-0.7334459835031455,preserved,-0.5,0.5,1.0,0.5,1.0,False
0.5,0.7849792272104572,preserved,-0.5,0.5,1.0,0.5,1.0,False
0.5,0.9963682238696876,preserved,-0.5,0.5,1.0,0.5,1.0,False
0.5,0.5255374282782288,preserved,-0.5,0.5,1.0,0.5,1.0,False
0.5,0.6189325177054181,preserved,-0.5,0.5,1.0,0.5,1.0,False
0.5,0.2784174392851164,preserved,-0.5,0.5,1.0,0.5,1.0,False
0.5,-0.5449187503356108,preserved,-0.5,0.5,1.0,0.5,1.0,False
0.5,0.5821306509718223,preserved,-0.5,0.5,1.0,0.5,1.0,False
0.5,0.8169298964431191,preserved,-0.5,0.5,1.0,0.5,1.0,False
0.5,0.6344540015152722,preserved,-0.5,0.5,1.0,0.5,1.0,False
0.5,-0.0679971724109083,preserved,-0.5,0.5,1.0,0.5,1.0,False
0.5,0.4797205691252253,preserved,-0.5,0.5,1.0,0.5,1.0,False
0.5,0.7458717976560796,preserved,-0.5,0.5,1.0,0.5,1.0,False
0.5,0.8928117786822543,preserved,-0.5,0.5,1.0,0.5,1.0,False
0.5,-0.605839376454282,preserved,-0.5,0.5,1.0,0.5,1.0,False
0.5,0.35641051629417264,preserved,-0.5,0.5,1.0,0.5,1.0,False
0.5,-0.07828174675552124,preserved,-0.5,0.5,1.0,0.5,1.0,False
0.5,0.04802168304651522,preserved,-0.5,0.5,1.0,0.5,1.0,False
0.5,-0.08759571965009272,preserved,-0.5,0.5,1.0,0.5,1.0,False
0.5,-0.4592879410994537,preserved,-0.5,0.5,1.0,0.5,1.0,False
0.5,-0.4791975823807606,preserved,-0.5,0.5,1.0,0.5,1.0,False
0.5,-0.46088016473893445,preserved,-0.5,0.5,1.0,0.5,1.0,False
0.5,0.13025123921138504,preserved,-0.5,0.5,1.0,0.5,1.0,False
0.5,0.9357666605760042,preserved,-0.5,0.5,1.0,0.5,1.0,False
0.5,0.7992196548412991,preserved,-0.5,0.5,1.0,0.5,1.0,False
0.5,0.48812365962949245,preserved,-0.5,0.5,1.0,0.5,1.0,False
0.5,0.5577525197458773,preserved,-0.5,0.5,1.0,0.5,1.0,False
0.5,-0.6607378978230116,preserved,-0.5,0.5,1.0,0.5,1.0,False
0.5,0.47164107896492813,preserved,-0.5,0.5,1.0,0.5,1.0,False
0.5,-0.30950064143013334,preserved,-0.5,0.5,1.0,0.5,1.0,False
0.5,0.006150742417380561,preserved,-0.5,0.5,1.0,0.5,1.0,False
0.5,-0.4043130656082028,preserved,-0.5,0.5,1.0,0.5,1.0,False
0.5,-0.9888145923654321,preserved,-0.5,0.5,1.0,0.5,1.0,False
0.5,0.5865227529641686,preserved,-0.5,0.5,1.0,0.5,1.0,False
0.5,0.9014214844330504,preserved,-0.5,0.5,1.0,0.5,1.0,False
0.5,-0.9072770127610534,preserved,-0.5,0.5,1.0,0.5,1.0,False
0.5,-0.22743319749475832,preserved,-0.5,0.5,1.0,0.5,1.0,False
0.5,0.04912431712130805,preserved,-0.5,0.5,1.0,0.5,1.0,False
0.5,0.8282574348692169,preserved,-0.5,0.5,1.0,0.5,1.0,False
0.5,-0.00839759326178946,preserved,-0.5,0.5,1.0,0.5,1.0,False
0.5,-0.4534342640622766,preserved,-0.5,0.5,1.0,0.5,1.0,False
0.5,0.15866354285373863,preserved,-0.5,0.5,1.0,0.5,1.0,False
0.5,0.8471249917027401,preserved,-0.5,0.5,1.0,0.5,1.0,False
0.5,0.4341712990684854,preserved,-0.5,0.5,1.0,0.5,1.0,False
0.5,-0.5579245254168461,preserved,-0.5,0.5,1.0,0.5,1.0,False
0.5,0.8874979969348114,preserved,-0.5,0.5,1.0,0.5,1.0,False
0.5,0.45878462494768923,preserved,-0.5,0.5,1.0,0.5,1.0,False
0.5,-0.22918533573857847,preserved,-0.5,0.5,1.0,0.5,1.0,False
0.5,0.7060350861125313,preserved,-0.5,0.5,1.0,0.5,1.0,False
0.5,0.013691044061096669,preserved,-0.5,0.5,1.0,0.5,1.0,False
0.5,-0.6679307363934819,preserved,-0.5,0.5,1.0,0.5,1.0,False
0.5,0.47627692737809557,preserved,-0.5,0.5,1.0,0.5,1.0,False
0.5,-0.8132460696686934,preserved,-0.5,0.5,1.0,0.5,1.0,False
0.5,-0.4630246056374723,preserved,-0.5,0.5,1.0,0.5,1.0,False
0.5,0.13159075331795367,preserved,-0.5,0.5,1.0,0.5,1.0,False
0.5,0.628041926397312,preserved,-0.5,0.5,1.0,0.5,1.0,False
0.5,0.3175909861569175,preserved,-0.5,0.5,1.0,0.5,1.0,False
0.5,-0.6452120471825318,preserved,-0.5,0.5,1.0,0.5,1.0,False
0.5,0.7997939791519331,preserved,-0.5,0.5,1.0,0.5,1.0,False
0.5,-0.399954880488093,preserved,-0.5,0.5,1.0,0.5,1.0,False
0.5,-0.6150584205536416,preserved,-0.5,0.5,1.0,0.5,1.0,False
0.5,0.7551450057242699,preserved,-0.5,0.5,1.0,0.5,1.0,False
0.5,0.34391080908622573,preserved,-0.5,0.5,1.0,0.5,1.0,False
0.5,-0.07539281140034193,preserved,-0.5,0.5,1.0,0.5,1.0,False
0.5,0.3337412174692349,preserved,-0.5,0.5,1.0,0.5,1.0,False
0.5,-0.11317642222437074,preserved,-0.5,0.5,1.0,0.5,1.0,False
0.5,-0.17109794556340163,preserved,-0.5,0.5,1.0,0.5,1.0,False
0.5,0.5085950572324311,preserved,-0.5,0.5,1.0,0.5,1.0,False
0.5,-0.861384204995375,preserved,-0.5,0.5,1.0,0.5,1.0,False
0.5,0.3811822324470917,preserved,-0.5,0.5,1.0,0.5,1.0,False
0.5,-0.905392452819151,preserved,-0.5,0.5,1.0,0.5,1.0,False
0.5,0.8898059822179134,preserved,-0.5,0.5,1.0,0.5,1.0,False
0.5,-0.5763859333395975,preserved,-0.5,0.5,1.0,0.5,1.0,False
0.5,-0.964407319465105,preserved,-0.5,0.5,1.0,0.5,1.0,False
0.5,0.26058124299304897,preserved,-0.5,0.5,1.0,0.5,1.0,False
0.5,-0.64549181166322,preserved,-0.5,0.5,1.0,0.5,1.0,False
0.5,-0.2977129604360824,preserved,-0.5,0.5,1.0,0.5,1.0,False
0.5,0.6066154207899217,preserved,-0.5,0.5,1.0,0.5,1.0,False
0.5,0.9409205436385051,preserved,-0.5,0.5,1.0,0.5,1.0,False
0.5,0.6764918378562408,preserved,-0.5,0.5,1.0,0.5,1.0,False
0.5,-0.4894497934337676,preserved,-0.5,0.5,1.0,0.5,1.0,False
0.5,-0.218689766073624,preserved,-0.5,0.5,1.0,0.5,1.0,False
0.5,0.9103464518063316,preserved,-0.5,0.5,1.0,0.5,1.0,False
0.5,0.7634253391195944,preserved,-0.5,0.5,1.0,0.5,1.0,False
0.5,-0.6469552796028921,preserved,-0.5,0.5,1.0,0.5,1.0,False
0.5,0.3471389638919997,preserved,-0.5,0.5,1.0,0.5,1.0,False
0.5,-0.1905422132180956,preserved,-0.5,0.5,1.0,0.5,1.0,False
0.5,0.9280162454270979,preserved,-0.5,0.5,1.0,0.5,1.0,False
0.5,0.21049316865814816,preserved,-0.5,0.5,1.0,0.5,1.0,False
0.5,0.588180909994884,preserved,-0.5,0.5,1.0,0.5,1.0,False
0.5,0.8884597191285108,preserved,-0.5,0.5,1.0,0.5,1.0,False
0.5,-0.7217947798934423,preserved,-0.5,0.5,1.0,0.5,1.0,False
0.5,0.3866736219255136,preserved,-0.5,0.5,1.0,0.5,1.0,False
0.5,-0.8417916323476329,preserved,-0.5,0.5,1.0,0.5,1.0,False
0.5,0.04359429669335335,preserved,-0.5,0.5,1.0,0.5,1.0,False
0.5,0.6804354125476306,preserved,-0.5,0.5,1.0,0.5,1.0,False
0.5,-0.7769751930153768,preserved,-0.5,0.5,1.0,0.5,1.0,False
0.5,0.09688425474414486,preserved,-0.5,0.5,1.0,0.5,1.0,False
0.5,0.4429915850273789,preserved,-0.5,0.5,1.0,0.5,1.0,False
0.5,0.22557220497124408,preserved,-0.5,0.5,1.0,0.5,1.0,False
0.5,-0.8755892952698585,preserved,-0.5,0.5,1.0,0.5,1.0,False
0.5,0.23036258171248747,preserved,-0.5,0.5,1.0,0.5,1.0,False
0.5,0.366564605909824,preserved,-0.5,0.5,1.0,0.5,1.0,False
0.5,0.6575705868014277,preserved,-0.5,0.5,1.0,0.5,1.0,False
0.5,-0.25114894519639175,preserved,-0.5,0.5,1.0,0.5,1.0,False
0.5,0.44486449900321423,preserved,-0.5,0.5,1.0,0.5,1.0,False
0.5,0.3562118114481079,preserved,-0.5,0.5,1.0,0.5,1.0,False
0.5,-0.7738593471613402,preserved,-0.5,0.5,1.0,0.5,1.0,False
0.5,-0.23774158185681382,preserved,-0.5,0.5,1.0,0.5,1.0,False
0.5,-0.6244029760163261,preserved,-0.5,0.5,1.0,0.5,1.0,False
0.5,0.12817241266453872,preserved,-0.5,0.5,1.0,0.5,1.0,False
0.5,0.63694827377485,preserved,-0.5,0.5,1.0,0.5,1.0,False
0.5,0.850989642710668,preserved,-0.5,0.5,1.0,0.5,1.0,False
0.5,-0.42520433839566185,preserved,-0.5,0.5,1.0,0.5,1.0,False
0.5,0.42059323090714007,preserved,-0.5,0.5,1.0,0.5,1.0,False
0.5,-0.7704036097936089,preserved,-0.5,0.5,1.0,0.5,1.0,False
0.5,0.08334815590326605,preserved,-0.5,0.5,1.0,0.5,1.0,False
0.5,-0.7997120578711134,preserved,-0.5,0.5,1.0,0.5,1.0,False
0.5,0.852233204579931,preserved,-0.5,0.5,1.0,0.5,1.0,False
0.5,-0.08098571903154661,preserved,-0.5,0.5,1.0,0.5,1.0,False
0.5,0.0313234654596255,preserved,-0.5,0.5,1.0,0.5,1.0,False
0.5,-0.7673848403253414,preserved,-0.5,0.5,1.0,0.5,1.0,False
0.5,0.8095800026625144,preserved,-0.5,0.5,1.0,0.5,1.0,False
0.5,0.8924407449849374,preserved,-0.5,0.5,1.0,0.5,1.0,False
0.5,0.41731625073671164,preserved,-0.5,0.5,1.0,0.5,1.0,False
0.5,0.9671058225924811,preserved,-0.5,0.5,1.0,0.5,1.0,False
0.5,0.49924912547425393,preserved,-0.5,0.5,1.0,0.5,1.0,False
0.5,-0.4081600594637209,preserved,-0.5,0.5,1.0,0.5,1.0,False
0.5,0.12733306640424824,preserved,-0.5,0.5,1.0,0.5,1.0,False
0.5,-0.6994847909970212,preserved,-0.5,0.5,1.0,0.5,1.0,False
0.5,0.7453874988261173,preserved,-0.5,0.5,1.0,0.5,1.0,False
0.5,-0.39934225455299255,preserved,-0.5,0.5,1.0,0.5,1.0,False
0.5,-0.37106524114965,preserved,-0.5,0.5,1.0,0.5,1.0,False
0.5,-0.3571446153375304,preserved,-0.5,0.5,1.0,0.5,1.0,False
0.5,-0.4875327977896633,preserved,-0.5,0.5,1.0,0.5,1.0,False
0.5,-0.32273704677186443,preserved,-0.5,0.5,1.0,0.5,1.0,False
0.5,-0.7362649934033727,preserved,-0.5,0.5,1.0,0.5,1.0,False
0.5,-0.9412894956554045,preserved,-0.5,0.5,1.0,0.5,1.0,False
0.5,0.949399966465097,preserved,-0.5,0.5,1.0,0.5,1.0,False
0.5,-0.2733239512178338,preserved,-0.5,0.5,1.0,0.5,1.0,False
0.5,0.9832286287329699,preserved,-0.5,0.5,1.0,0.5,1.0,False
0.5,0.3754439151517126,preserved,-0.5,0.5,1.0,0.5,1.0,False
0.5,0.6312802355192311,preserved,-0.5,0.5,1.0,0.5,1.0,False
0.5,-0.7603765281526325,preserved,-0.5,0.5,1.0,0.5,1.0,False
0.5,-0.05535833868556783,preserved,-0.5,0.5,1.0,0.5,1.0,False
0.5,-0.6925309283603391,preserved,-0.5,0.5,1.0,0.5,1.0,False
0.5,-0.17411408655593763,preserved,-0.5,0.5,1.0,0.5,1.0,False
0.5,-0.7958049962626723,preserved,-0.5,0.5,1.0,0.5,1.0,False
0.5,0.04765784277307872,preserved,-0.5,0.5,1.0,0.5,1.0,False
0.5,0.6191924548505301,preserved,-0.5,0.5,1.0,0.5,1.0,False
0.5,0.7977561645815587,preserved,-0.5,0.5,1.0,0.5,1.0,False
0.5,0.7928248796583686,preserved,-0.5,0.5,1.0,0.5,1.0,False
0.5,0.6112099965971571,preserved,-0.5,0.5,1.0,0.5,1.0,False
0.5,0.38201691095848567,preserved,-0.5,0.5,1.0,0.5,1.0,False
0.5,-0.35291483651274436,preserved,-0.5,0.5,1.0,0.5,1.0,False
0.5,-0.7636674087551842,preserved,-0.5,0.5,1.0,0.5,1.0,False
0.5,0.2052439862300759,preserved,-0.5,0.5,1.0,0.5,1.0,False
0.5,-0.6789095345535539,preserved,-0.5,0.5,1.0,0.5,1.0,False
0.5,0.3760127744590034,preserved,-0.5,0.5,1.0,0.5,1.0,False
0.5,-0.929645204974815,preserved,-0.5,0.5,1.0,0.5,1.0,False
0.5,0.9764288325282982,preserved,-0.5,0.5,1.0,0.5,1.0,False
0.5,0.4630115882449697,preserved,-0.5,0.5,1.0,0.5,1.0,False
0.5,-0.6449326440940126,preserved,-0.5,0.5,1.0,0.5,1.0,False
0.5,-0.6625333869505821,preserved,-0.5,0.5,1.0,0.5,1.0,False
0.5,-0.9561146194240329,preserved,-0.5,0.5,1.0,0.5,1.0,False
0.5,-0.8786167140913206,preserved,-0.5,0.5,1.0,0.5,1.0,False
0.5,0.26025557277455635,preserved,-0.5,0.5,1.0,0.5,1.0,False
0.5,0.8875272581262805,preserved,-0.5,0.5,1.0,0.5,1.0,False
0.5,0.8357910311198082,preserved,-0.5,0.5,1.0,0.5,1.0,False
0.5,0.8716453143174834,preserved,-0.5,0.5,1.0,0.5,1.0,False
0.5,-0.9421740852283209,preserved,-0.5,0.5,1.0,0.5,1.0,False
0.5,0.4992893000910221,preserved,-0.5,0.5,1.0,0.5,1.0,False
0.5,0.056483498876022775,preserved,-0.5,0.5,1.0,0.5,1.0,False
0.5,-0.5542594545316981,preserved,-0.5,0.5,1.0,0.5,1.0,False
0.5,0.4527163386220667,preserved,-0.5,0.5,1.0,0.5,1.0,False
0.5,-0.09124005371828181,preserved,-0.5,0.5,1.0,0.5,1.0,False
0.5,-0.9723280882765233,preserved,-0.5,0.5,1.0,0.5,1.0,False
0.5,-0.9595965600016509,preserved,-0.5,0.5,1.0,0.5,1.0,False
0.5,0.6811286228637581,preserved,-0.5,0.5,1.0,0.5,1.0,False
0.5,-0.6305426582080407,preserved,-0.5,0.5,1.0,0.5,1.0,False
0.5,0.27751928673165605,preserved,-0.5,0.5,1.0,0.5,1.0,False
0.5,-0.43799329170498935,preserved,-0.5,0.5,1.0,0.5,1.0,False
0.5,0.7407965863974528,preserved,-0.5,0.5,1.0,0.5,1.0,False
0.5,-0.5050683075077049,preserved,-0.5,0.5,1.0,0.5,1.0,False
0.5,0.17518316972415682,preserved,-0.5,0.5,1.0,0.5,1.0,False
0.5,0.15634082984207964,preserved,-0.5,0.5,1.0,0.5,1.0,False
0.5,-0.3313452221469564,preserved,-0.5,0.5,1.0,0.5,1.0,False
0.5,-0.060836377829430965,preserved,-0.5,0.5,1.0,0.5,1.0,False
0.5,0.6149836815194409,preserved,-0.5,0.5,1.0,0.5,1.0,False
0.5,-0.3799394874654398,preserved,-0.5,0.5,1.0,0.5,1.0,False
0.5,-0.5998178362496549,preserved,-0.5,0.5,1.0,0.5,1.0,False
0.5,-0.05388956507324738,preserved,-0.5,0.5,1.0,0.5,1.0,False
0.5,-0.4296790841221696,preserved,-0.5,0.5,1.0,0.5,1.0,False
0.5,0.8689320215151528,preserved,-0.5,0.5,1.0,0.5,1.0,False
0.5,0.4015159674383897,preserved,-0.5,0.5,1.0,0.5,1.0,False
0.5,0.47968333099846316,preserved,-0.5,0.5,1.0,0.5,1.0,False
0.5,-0.9584047822053783,preserved,-0.5,0.5,1.0,0.5,1.0,False
0.5,-0.9252374598718902,preserved,-0.5,0.5,1.0,0.5,1.0,False
0.5,-0.989298996773726,preserved,-0.5,0.5,1.0,0.5,1.0,False
0.5,0.6023595526594803,preserved,-0.5,0.5,1.0,0.5,1.0,False
0.5,0.50112674891195,preserved,-0.5,0.5,1.0,0.5,1.0,False
0.5,-0.34301449230510705,preserved,-0.5,0.5,1.0,0.5,1.0,False
0.5,-0.9678456411950984,preserved,-0.5,0.5,1.0,0.5,1.0,False
0.5,0.013842838957736303,preserved,-0.5,0.5,1.0,0.5,1.0,False
0.5,-0.5756454273521052,preserved,-0.5,0.5,1.0,0.5,1.0,False
0.5,-0.36061337417963935,preserved,-0.5,0.5,1.0,0.5,1.0,False
0.5,-0.5041963236166997,preserved,-0.5,0.5,1.0,0.5,1.0,False
0.5,0.48285046000332743,preserved,-0.5,0.5,1.0,0.5,1.0,False
0.5,0.7464557795245894,preserved,-0.5,0.5,1.0,0.5,1.0,False
0.5,0.30620170540079217,preserved,-0.5,0.5,1.0,0.5,1.0,False
0.5,0.3039364571559997,preserved,-0.5,0.5,1.0,0.5,1.0,False
0.5,0.09259095037883447,preserved,-0.5,0.5,1.0,0.5,1.0,False
0.5,0.23558652599215324,preserved,-0.5,0.5,1.0,0.5,1.0,False
0.5,-0.862069360652139,preserved,-0.5,0.5,1.0,0.5,1.0,False
0.5,0.3707328221673134,preserved,-0.5,0.5,1.0,0.5,1.0,False
0.5,-0.791727534157705,preserved,-0.5,0.5,1.0,0.5,1.0,False
0.5,-0.13735888748983616,preserved,-0.5,0.5,1.0,0.5,1.0,False
0.5,0.15485034001520592,preserved,-0.5,0.5,1.0,0.5,1.0,False
0.5,0.5012253339975778,preserved,-0.5,0.5,1.0,0.5,1.0,False
0.5,0.7739052260105901,preserved,-0.5,0.5,1.0,0.5,1.0,False
0.5,0.46236524230627474,preserved,-0.5,0.5,1.0,0.5,1.0,False
0.5,0.6155228312052421,preserved,-0.5,0.5,1.0,0.5,1.0,False
0.5,0.1484836835988692,preserved,-0.5,0.5,1.0,0.5,1.0,False
0.5,-0.7791859424571712,preserved,-0.5,0.5,1.0,0.5,1.0,False
0.5,0.9779579986164688,preserved,-0.5,0.5,1.0,0.5,1.0,False
0.5,-0.9055581133516195,preserved,-0.5,0.5,1.0,0.5,1.0,False
0.5,-0.34501955726892186,preserved,-0.5,0.5,1.0,0.5,1.0,False
0.5,0.33429119879228564,preserved,-0.5,0.5,1.0,0.5,1.0,False
0.5,0.1822361587399839,preserved,-0.5,0.5,1.0,0.5,1.0,False
0.5,0.38814373102906474,preserved,-0.5,0.5,1.0,0.5,1.0,False
0.5,-0.04383334144119866,preserved,-0.5,0.5,1.0,0.5,1.0,False
0.5,0.4489084697508863,preserved,-0.5,0.5,1.0,0.5,1.0,False
0.5,0.20867536968170053,preserved,-0.5,0.5,1.0,0.5,1.0,False
0.5,0.9570180071418772,preserved,-0.5,0.5,1.0,0.5,1.0,False
0.5,-0.6593357511484534,preserved,-0.5,0.5,1.0,0.5,1.0,False
0.5,-0.4882448635448178,preserved,-0.5,0.5,1.0,0.5,1.0,False
0.5,-0.9376303373764001,preserved,-0.5,0.5,1.0,0.5,1.0,False
0.5,-0.12881517729272995,preserved,-0.5,0.5,1.0,0.5,1.0,False
0.5,-0.6510700574819994,preserved,-0.5,0.5,1.0,0.5,1.0,False
0.5,-0.10251441744672807,preserved,-0.5,0.5,1.0,0.5,1.0,False
0.5,0.959825575249114,preserved,-0.5,0.5,1.0,0.5,1.0,False
0.5,0.07418140961152409,preserved,-0.5,0.5,1.0,0.5,1.0,False
0.5,0.5291365758836162,preserved,-0.5,0.5,1.0,0.5,1.0,False
0.5,0.961965348254235,preserved,-0.5,0.5,1.0,0.5,1.0,False
0.5,0.9373125880619537,preserved,-0.5,0.5,1.0,0.5,1.0,False
0.5,0.9329693660055711,preserved,-0.5,0.5,1.0,0.5,1.0,False
0.5,-0.3604623549487125,preserved,-0.5,0.5,1.0,0.5,1.0,False
0.5,0.4553969551137096,preserved,-0.5,0.5,1.0,0.5,1.0,False
0.5,0.4023614249712628,preserved,-0.5,0.5,1.0,0.5,1.0,False
0.5,-0.6245530065190772,preserved,-0.5,0.5,1.0,0.5,1.0,False
0.5,-0.8830529746459226,preserved,-0.5,0.5,1.0,0.5,1.0,False
0.5,-0.94595268765798,preserved,-0.5,0.5,1.0,0.5,1.0,False
0.5,0.024679492901452216,preserved,-0.5,0.5,1.0,0.5,1.0,False
0.5,-0.088359890069025,preserved,-0.5,0.5,1.0,0.5,1.0,False
0.5,-0.7905920353695408,preserved,-0.5,0.5,1.0,0.5,1.0,False
0.5,0.023639382588547697,preserved,-0.5,0.5,1.0,0.5,1.0,False
0.5,0.982166459196181,preserved,-0.5,0.5,1.0,0.5,1.0,False
0.5,-0.1794978071694724,preserved,-0.5,0.5,1.0,0.5,1.0,False
0.5,0.05138513163268077,preserved,-0.5,0.5,1.0,0.5,1.0,False
0.5,0.21650207918539022,preserved,-0.5,0.5,1.0,0.5,1.0,False
0.5,0.1643578273965367,preserved,-0.5,0.5,1.0,0.5,1.0,False
0.5,-0.02975693595070772,preserved,-0.5,0.5,1.0,0.5,1.0,False
0.5,-0.5179147945713967,preserved,-0.5,0.5,1.0,0.5,1.0,False
0.5,-0.4659572306168702,preserved,-0.5,0.5,1.0,0.5,1.0,False
0.5,-0.8353093229547945,preserved,-0.5,0.5,1.0,0.5,1.0,False
0.5,-0.9904402568805826,preserved,-0.5,0.5,1.0,0.5,1.0,False
0.5,-0.7214013813439157,preserved,-0.5,0.5,1.0,0.5,1.0,False
0.5,0.7158877279811191,preserved,-0.5,0.5,1.0,0.5,1.0,False
0.5,-0.5825335143095172,preserved,-0.5,0.5,1.0,0.5,1.0,False
0.5,-0.9122989114063498,preserved,-0.5,0.5,1.0,0.5,1.0,False
0.5,0.7826675562158611,preserved,-0.5,0.5,1.0,0.5,1.0,False
0.5,-0.8799352982242197,preserved,-0.5,0.5,1.0,0.5,1.0,False
0.5,-0.4590472113813513,preserved,-0.5,0.5,1.0,0.5,1.0,False
0.5,-0.3935274643408879,preserved,-0.5,0.5,1.0,0.5,1.0,False
0.5,-0.3050644130638338,preserved,-0.5,0.5,1.0,0.5,1.0,False
0.5,0.9756345000384372,preserved,-0.5,0.5,1.0,0.5,1.0,False
0.5,-0.4841436773691148,preserved,-0.5,0.5,1.0,0.5,1.0,False
0.5,0.6109333377560109,preserved,-0.5,0.5,1.0,0.5,1.0,False
0.5,-0.36112120211154464,preserved,-0.5,0.5,1.0,0.5,1.0,False
0.5,-0.9195593529954582,preserved,-0.5,0.5,1.0,0.5,1.0,False
0.5,-0.033591703755498026,preserved,-0.5,0.5,1.0,0.5,1.0,False
0.5,-0.7134608131887408,preserved,-0.5,0.5,1.0,0.5,1.0,False
0.5,0.5045738714096033,preserved,-0.5,0.5,1.0,0.5,1.0,False
0.5,-0.013195024974247183,preserved,-0.5,0.5,1.0,0.5,1.0,False
0.5,0.7467292662982177,preserved,-0.5,0.5,1.0,0.5,1.0,False
0.5,-0.9938471002681235,preserved,-0.5,0.5,1.0,0.5,1.0,False
0.5,-0.4537991983560139,preserved,-0.5,0.5,1.0,0.5,1.0,False
0.5,-0.20361823692398828,preserved,-0.5,0.5,1.0,0.5,1.0,False
0.5,0.6174436848319538,preserved,-0.5,0.5,1.0,0.5,1.0,False
0.5,0.6535812108539447,preserved,-0.5,0.5,1.0,0.5,1.0,False
0.5,0.7134506408033354,preserved,-0.5,0.5,1.0,0.5,1.0,False
0.5,0.6001290967526867,preserved,-0.5,0.5,1.0,0.5,1.0,False
0.5,-0.49025711800940064,preserved,-0.5,0.5,1.0,0.5,1.0,False
0.5,0.7559692744334419,preserved,-0.5,0.5,1.0,0.5,1.0,False
0.5,-0.8647693131039396,preserved,-0.5,0.5,1.0,0.5,1.0,False
0.5,-0.8782127225733025,preserved,-0.5,0.5,1.0,0.5,1.0,False
0.5,-0.74220958377971,preserved,-0.5,0.5,1.0,0.5,1.0,False
0.5,0.5546801620039938,preserved,-0.5,0.5,1.0,0.5,1.0,False
0.5,-0.13226387804147488,preserved,-0.5,0.5,1.0,0.5,1.0,False
0.5,-0.054637333139272215,preserved,-0.5,0.5,1.0,0.5,1.0,False
0.5,-0.8471425585027148,preserved,-0.5,0.5,1.0,0.5,1.0,False
0.5,-0.41417475019221817,preserved,-0.5,0.5,1.0,0.5,1.0,False
0.5,-0.8159955098194414,preserved,-0.5,0.5,1.0,0.5,1.0,False
0.5,-0.25532141547635634,preserved,-0.5,0.5,1.0,0.5,1.0,False
0.5,-0.9314839282301115,preserved,-0.5,0.5,1.0,0.5,1.0,False
0.5,0.5803536740897037,preserved,-0.5,0.5,1.0,0.5,1.0,False
0.5,0.16057808325633105,preserved,-0.5,0.5,1.0,0.5,1.0,False
0.5,0.8085196289216001,preserved,-0.5,0.5,1.0,0.5,1.0,False
0.5,-0.5195919303586216,preserved,-0.5,0.5,1.0,0.5,1.0,False
0.5,0.614769128149063,preserved,-0.5,0.5,1.0,0.5,1.0,False
0.5,0.3467240960619664,preserved,-0.5,0.5,1.0,0.5,1.0,False
0.5,-0.8738694721656846,preserved,-0.5,0.5,1.0,0.5,1.0,False
0.5,-0.8768980984371233,preserved,-0.5,0.5,1.0,0.5,1.0,False
0.5,-0.9426190194911324,preserved,-0.5,0.5,1.0,0.5,1.0,False
0.5,-0.11762990382534722,preserved,-0.5,0.5,1.0,0.5,1.0,False
0.5,0.03590730176805246,preserved,-0.5,0.5,1.0,0.5,1.0,False
0.5,0.5292639486415975,preserved,-0.5,0.5,1.0,0.5,1.0,False
0.5,-0.03456627661583922,preserved,-0.5,0.5,1.0,0.5,1.0,False
0.5,0.33123964606971623,preserved,-0.5,0.5,1.0,0.5,1.0,False
0.5,0.9462100436622727,preserved,-0.5,0.5,1.0,0.5,1.0,False
0.5,-0.883919432009695,preserved,-0.5,0.5,1.0,0.5,1.0,False
0.5,0.206602639749909,preserved,-0.5,0.5,1.0,0.5,1.0,False
0.5,0.7004356166108925,preserved,-0.5,0.5,1.0,0.5,1.0,False
0.5,0.2987045559516097,preserved,-0.5,0.5,1.0,0.5,1.0,False
0.5,0.8723432550569736,preserved,-0.5,0.5,1.0,0.5,1.0,False
0.5,0.04872954790486239,preserved,-0.5,0.5,1.0,0.5,1.0,False
0.5,-0.4183664237889042,preserved,-0.5,0.5,1.0,0.5,1.0,False
0.5,-0.04330574634974571,preserved,-0.5,0.5,1.0,0.5,1.0,False
0.5,0.2277508176649099,preserved,-0.5,0.5,1.0,0.5,1.0,False
0.5,0.20316868026963708,preserved,-0.5,0.5,1.0,0.5,1.0,False
0.5,-0.5370325830982052,preserved,-0.5,0.5,1.0,0.5,1.0,False
0.5,0.7809305990709567,preserved,-0.5,0.5,1.0,0.5,1.0,False
0.5,0.586432210198709,preserved,-0.5,0.5,1.0,0.5,1.0,False
0.5,-0.5250904950416022,preserved,-0.5,0.5,1.0,0.5,1.0,False
0.5,-0.4953333563000242,preserved,-0.5,0.5,1.0,0.5,1.0,False
0.5,0.6286607263860395,preserved,-0.5,0.5,1.0,0.5,1.0,False
0.5,-0.4262885984918767,preserved,-0.5,0.5,1.0,0.5,1.0,False
0.5,-0.9630091196168555,preserved,-0.5,0.5,1.0,0.5,1.0,False
0.5,-0.3472563717483239,preserved,-0.5,0.5,1.0,0.5,1.0,False
0.5,-0.12097876525694007,preserved,-0.5,0.5,1.0,0.5,1.0,False
0.5,-0.3797544670221964,preserved,-0.5,0.5,1.0,0.5,1.0,False
0.5,-0.8092690605049111,preserved,-0.5,0.5,1.0,0.5,1.0,False
0.5,-0.514989824020978,preserved,-0.5,0.5,1.0,0.5,1.0,False
0.5,0.03563477429771034,preserved,-0.5,0.5,1.0,0.5,1.0,False
0.5,0.06790706752885267,preserved,-0.5,0.5,1.0,0.5,1.0,False
0.5,0.11399133373762682,preserved,-0.5,0.5,1.0,0.5,1.0,False
0.5,0.9034141116908814,preserved,-0.5,0.5,1.0,0.5,1.0,False
0.5,0.03693266424853525,preserved,-0.5,0.5,1.0,0.5,1.0,False
0.5,0.8023900279333802,preserved,-0.5,0.5,1.0,0.5,1.0,False
0.5,0.30332077058887075,preserved,-0.5,0.5,1.0,0.5,1.0,False
0.5,-0.65565811811642,preserved,-0.5,0.5,1.0,0.5,1.0,False
0.5,0.44551241129406716,preserved,-0.5,0.5,1.0,0.5,1.0,False
0.5,0.18630459900989127,preserved,-0.5,0.5,1.0,0.5,1.0,False
0.5,0.8545851709413168,preserved,-0.5,0.5,1.0,0.5,1.0,False
0.5,0.8704090045858732,preserved,-0.5,0.5,1.0,0.5,1.0,False
0.5,0.8842770298225675,preserved,-0.5,0.5,1.0,0.5,1.0,False
0.5,-0.37084973350439254,preserved,-0.5,0.5,1.0,0.5,1.0,False
0.5,0.301070576940242,preserved,-0.5,0.5,1.0,0.5,1.0,False
0.5,0.3768921766266313,preserved,-0.5,0.5,1.0,0.5,1.0,False
0.5,0.6600142485340506,preserved,-0.5,0.5,1.0,0.5,1.0,False
0.5,0.6612689553188362,preserved,-0.5,0.5,1.0,0.5,1.0,False
0.5,-0.8293240255494574,preserved,-0.5,0.5,1.0,0.5,1.0,False
0.5,0.2449057967075028,preserved,-0.5,0.5,1.0,0.5,1.0,False
0.5,-0.7745749305068252,preserved,-0.5,0.5,1.0,0.5,1.0,False
0.5,-0.4619195149725499,preserved,-0.5,0.5,1.0,0.5,1.0,False
0.5,0.6565658815214626,preserved,-0.5,0.5,1.0,0.5,1.0,False
0.5,-0.8430084594333682,preserved,-0.5,0.5,1.0,0.5,1.0,False
0.5,-0.3351958301963558,preserved,-0.5,0.5,1.0,0.5,1.0,False
0.5,0.32887026483899384,preserved,-0.5,0.5,1.0,0.5,1.0,False
0.5,-0.830543583804974,preserved,-0.5,0.5,1.0,0.5,1.0,False
0.5,-0.6302570442964723,preserved,-0.5,0.5,1.0,0.5,1.0,False
0.5,0.7784696488506186,preserved,-0.5,0.5,1.0,0.5,1.0,False
0.5,-0.4279548184801911,preserved,-0.5,0.5,1.0,0.5,1.0,False
0.5,0.9120793438807098,preserved,-0.5,0.5,1.0,0.5,1.0,False
0.5,-0.07583080840905687,preserved,-0.5,0.5,1.0,0.5,1.0,False
0.5,-0.6550116994131285,preserved,-0.5,0.5,1.0,0.5,1.0,False
0.5,-0.13219114935368648,preserved,-0.5,0.5,1.0,0.5,1.0,False
0.5,-0.8972825827465538,preserved,-0.5,0.5,1.0,0.5,1.0,False
0.5,-0.2896797115832579,preserved,-0.5,0.5,1.0,0.5,1.0,False
0.5,0.4099059260200266,preserved,-0.5,0.5,1.0,0.5,1.0,False
0.5,-0.17836041025844174,preserved,-0.5,0.5,1.0,0.5,1.0,False
0.5,0.25612427607838995,preserved,-0.5,0.5,1.0,0.5,1.0,False
0.5,-0.4121547920740345,preserved,-0.5,0.5,1.0,0.5,1.0,False
0.5,0.6969316347102041,preserved,-0.5,0.5,1.0,0.5,1.0,False
0.5,-0.6618327826471604,preserved,-0.5,0.5,1.0,0.5,1.0,False
0.5,-0.5935810306368945,preserved,-0.5,0.5,1.0,0.5,1.0,False
0.5,-0.107613280944308,preserved,-0.5,0.5,1.0,0.5,1.0,False
0.5,-0.3709318872037015,preserved,-0.5,0.5,1.0,0.5,1.0,False
0.5,-0.4162961281524351,preserved,-0.5,0.5,1.0,0.5,1.0,False
0.5,0.7819777882107342,preserved,-0.5,0.5,1.0,0.5,1.0,False
0.5,0.7553200969203957,preserved,-0.5,0.5,1.0,0.5,1.0,False
0.5,0.08323407740455457,preserved,-0.5,0.5,1.0,0.5,1.0,False
0.5,0.6064435820788143,preserved,-0.5,0.5,1.0,0.5,1.0,False
0.5,-0.48612357931526695,preserved,-0.5,0.5,1.0,0.5,1.0,False
0.5,0.284729981605103,preserved,-0.5,0.5,1.0,0.5,1.0,False
0.5,0.3058778108174631,preserved,-0.5,0.5,1.0,0.5,1.0,False
0.5,0.8678178717640825,preserved,-0.5,0.5,1.0,0.5,1.0,False
0.5,-0.01848727101563763,preserved,-0.5,0.5,1.0,0.5,1.0,False
0.5,-0.2276537482813017,preserved,-0.5,0.5,1.0,0.5,1.0,False
0.5,-0.8052048965516636,preserved,-0.5,0.5,1.0,0.5,1.0,False
0.5,-0.3119805227243675,preserved,-0.5,0.5,1.0,0.5,1.0,False
0.5,0.5565122423765823,preserved,-0.5,0.5,1.0,0.5,1.0,False
0.5,-0.6923098378931098,preserved,-0.5,0.5,1.0,0.5,1.0,False
0.5,-0.046267127149039355,preserved,-0.5,0.5,1.0,0.5,1.0,False
0.5,0.9434739060646882,preserved,-0.5,0.5,1.0,0.5,1.0,False
0.5,-0.22580205066451797,preserved,-0.5,0.5,1.0,0.5,1.0,False
0.5,0.5631620328276021,preserved,-0.5,0.5,1.0,0.5,1.0,False
0.5,-0.39505446160689317,preserved,-0.5,0.5,1.0,0.5,1.0,False
0.5,-0.5552558292672138,preserved,-0.5,0.5,1.0,0.5,1.0,False
0.5,0.40620545282353104,preserved,-0.5,0.5,1.0,0.5,1.0,False
0.5,0.40441464633524693,preserved,-0.5,0.5,1.0,0.5,1.0,False
0.5,-0.5382343899971982,preserved,-0.5,0.5,1.0,0.5,1.0,False
0.5,-0.6115790685108822,preserved,-0.5,0.5,1.0,0.5,1.0,False
0.5,0.6776846008471311,preserved,-0.5,0.5,1.0,0.5,1.0,False
0.5,0.8182435444764,preserved,-0.5,0.5,1.0,0.5,1.0,False
0.5,-0.6435235607786318,preserved,-0.5,0.5,1.0,0.5,1.0,False
0.5,0.1627938536119744,preserved,-0.5,0.5,1.0,0.5,1.0,False
0.5,0.7961019877456432,preserved,-0.5,0.5,1.0,0.5,1.0,False
0.5,0.34613121665971436,preserved,-0.5,0.5,1.0,0.5,1.0,False
0.5,0.0477400764146827,preserved,-0.5,0.5,1.0,0.5,1.0,False
0.5,-0.3631160167695553,preserved,-0.5,0.5,1.0,0.5,1.0,False
0.5,-0.58863204247367,preserved,-0.5,0.5,1.0,0.5,1.0,False
0.5,-0.40008712849565065,preserved,-0.5,0.5,1.0,0.5,1.0,False
0.5,0.19559149824914335,preserved,-0.5,0.5,1.0,0.5,1.0,False
0.5,-0.9893605537964882,preserved,-0.5,0.5,1.0,0.5,1.0,False
0.5,-0.977908487846685,preserved,-0.5,0.5,1.0,0.5,1.0,False
0.5,0.9723573385014295,preserved,-0.5,0.5,1.0,0.5,1.0,False
0.5,0.1391384004195173,preserved,-0.5,0.5,1.0,0.5,1.0,False
0.5,-0.4887582780537536,preserved,-0.5,0.5,1.0,0.5,1.0,False
0.5,-0.6770123231190006,preserved,-0.5,0.5,1.0,0.5,1.0,False
0.5,-0.2865175537241236,preserved,-0.5,0.5,1.0,0.5,1.0,False
0.5,0.983998848406159,preserved,-0.5,0.5,1.0,0.5,1.0,False
0.5,-0.9351387260434085,preserved,-0.5,0.5,1.0,0.5,1.0,False
0.5,-0.16034104875501876,preserved,-0.5,0.5,1.0,0.5,1.0,False
0.5,-0.07216292192203322,preserved,-0.5,0.5,1.0,0.5,1.0,False
0.5,-0.7371418121535225,preserved,-0.5,0.5,1.0,0.5,1.0,False
0.5,0.31049579472307687,observational_loss,-0.5,0.5,1.0,0.5,0.0,True
0.5,-0.0544783025156117,observational_loss,-0.5,0.5,1.0,0.5,0.0,True
0.5,-0.12781138912279855,observational_loss,-0.5,0.5,1.0,0.5,0.0,True
0.5,0.5299350613134177,observational_loss,-0.5,0.5,1.0,0.5,0.0,True
0.5,0.38682739000250366,observational_loss,-0.5,0.5,1.0,0.5,0.0,True
0.5,-0.19045053559397296,observational_loss,-0.5,0.5,1.0,0.5,0.0,True
0.5,0.70823724353804,observational_loss,-0.5,0.5,1.0,0.5,0.0,True
0.5,0.8590777916043291,observational_loss,-0.5,0.5,1.0,0.5,0.0,True
0.5,-0.16224522718974566,observational_loss,-0.5,0.5,1.0,0.5,0.0,True
0.5,0.8311837747437014,observational_loss,-0.5,0.5,1.0,0.5,0.0,True
0.5,-0.8310538229127051,observational_loss,-0.5,0.5,1.0,0.5,0.0,True
0.5,0.6116406539533468,observational_loss,-0.5,0.5,1.0,0.5,0.0,True
0.5,-0.41945563763473737,observational_loss,-0.5,0.5,1.0,0.5,0.0,True
0.5,0.6204050729196233,observational_loss,-0.5,0.5,1.0,0.5,0.0,True
0.5,-0.7189943149675428,observational_loss,-0.5,0.5,1.0,0.5,0.0,True
0.5,-0.33178555171797397,observational_loss,-0.5,0.5,1.0,0.5,0.0,True
0.5,0.9051423788519595,observational_loss,-0.5,0.5,1.0,0.5,0.0,True
0.5,0.056915519521514746,observational_loss,-0.5,0.5,1.0,0.5,0.0,True
0.5,0.649876102332339,observational_loss,-0.5,0.5,1.0,0.5,0.0,True
0.5,-0.3622554796800377,observational_loss,-0.5,0.5,1.0,0.5,0.0,True
0.5,-0.02757930366150152,observational_loss,-0.5,0.5,1.0,0.5,0.0,True
0.5,0.9062959550759366,observational_loss,-0.5,0.5,1.0,0.5,0.0,True
0.5,0.08979263473561305,observational_loss,-0.5,0.5,1.0,0.5,0.0,True
0.5,0.5810436969343922,observational_loss,-0.5,0.5,1.0,0.5,0.0,True
0.5,0.33351277528201106,observational_loss,-0.5,0.5,1.0,0.5,0.0,True
0.5,0.50021045803603,observational_loss,-0.5,0.5,1.0,0.5,0.0,True
0.5,0.647829676283949,observational_loss,-0.5,0.5,1.0,0.5,0.0,True
0.5,0.2532301034366604,observational_loss,-0.5,0.5,1.0,0.5,0.0,True
0.5,-0.45731192417320954,observational_loss,-0.5,0.5,1.0,0.5,0.0,True
0.5,0.9656692799074889,observational_loss,-0.5,0.5,1.0,0.5,0.0,True
0.5,0.7956682782658702,observational_loss,-0.5,0.5,1.0,0.5,0.0,True
0.5,-0.870113418836362,observational_loss,-0.5,0.5,1.0,0.5,0.0,True
0.5,0.6471733576066463,observational_loss,-0.5,0.5,1.0,0.5,0.0,True
0.5,-0.12258281205750432,observational_loss,-0.5,0.5,1.0,0.5,0.0,True
0.5,-0.7924659681337014,observational_loss,-0.5,0.5,1.0,0.5,0.0,True
0.5,-0.9614538437044982,observational_loss,-0.5,0.5,1.0,0.5,0.0,True
0.5,0.31204629970955255,observational_loss,-0.5,0.5,1.0,0.5,0.0,True
0.5,-0.14035420870731552,observational_loss,-0.5,0.5,1.0,0.5,0.0,True
0.5,-0.03808592435085645,observational_loss,-0.5,0.5,1.0,0.5,0.0,True
0.5,-0.031001603913969555,observational_loss,-0.5,0.5,1.0,0.5,0.0,True
0.5,-0.8829243891653982,observational_loss,-0.5,0.5,1.0,0.5,0.0,True
0.5,0.28145074654754487,observational_loss,-0.5,0.5,1.0,0.5,0.0,True
0.5,0.17575530208529533,observational_loss,-0.5,0.5,1.0,0.5,0.0,True
0.5,0.5869151184415577,observational_loss,-0.5,0.5,1.0,0.5,0.0,True
0.5,-0.5263150616207499,observational_loss,-0.5,0.5,1.0,0.5,0.0,True
0.5,0.12658518870624014,observational_loss,-0.5,0.5,1.0,0.5,0.0,True
0.5,-0.05105663381821013,observational_loss,-0.5,0.5,1.0,0.5,0.0,True
0.5,-0.8536492355351997,observational_loss,-0.5,0.5,1.0,0.5,0.0,True
0.5,0.5910251531573292,observational_loss,-0.5,0.5,1.0,0.5,0.0,True
0.5,0.7152698353286933,observational_loss,-0.5,0.5,1.0,0.5,0.0,True
0.5,-0.15599102732261771,observational_loss,-0.5,0.5,1.0,0.5,0.0,True
0.5,-0.8452088463348866,observational_loss,-0.5,0.5,1.0,0.5,0.0,True
0.5,-0.214495034172401,observational_loss,-0.5,0.5,1.0,0.5,0.0,True
0.5,0.4127483393911855,observational_loss,-0.5,0.5,1.0,0.5,0.0,True
0.5,-0.4137604310991858,observational_loss,-0.5,0.5,1.0,0.5,0.0,True
0.5,0.04633768978265618,observational_loss,-0.5,0.5,1.0,0.5,0.0,True
0.5,-0.9049904282084853,observational_loss,-0.5,0.5,1.0,0.5,0.0,True
0.5,-0.9468006466011301,observational_loss,-0.5,0.5,1.0,0.5,0.0,True
0.5,0.2865572848647602,observational_loss,-0.5,0.5,1.0,0.5,0.0,True
0.5,-0.49246765247474134,observational_loss,-0.5,0.5,1.0,0.5,0.0,True
0.5,0.8039372838760315,observational_loss,-0.5,0.5,1.0,0.5,0.0,True
0.5,0.23854233913248857,observational_loss,-0.5,0.5,1.0,0.5,0.0,True
0.5,-0.22877562371946514,observational_loss,-0.5,0.5,1.0,0.5,0.0,True
0.5,-0.4592651872471767,observational_loss,-0.5,0.5,1.0,0.5,0.0,True
0.5,-0.7334459835031455,observational_loss,-0.5,0.5,1.0,0.5,0.0,True
0.5,0.7849792272104572,observational_loss,-0.5,0.5,1.0,0.5,0.0,True
0.5,0.9963682238696876,observational_loss,-0.5,0.5,1.0,0.5,0.0,True
0.5,0.5255374282782288,observational_loss,-0.5,0.5,1.0,0.5,0.0,True
0.5,0.6189325177054181,observational_loss,-0.5,0.5,1.0,0.5,0.0,True
0.5,0.2784174392851164,observational_loss,-0.5,0.5,1.0,0.5,0.0,True
0.5,-0.5449187503356108,observational_loss,-0.5,0.5,1.0,0.5,0.0,True
0.5,0.5821306509718223,observational_loss,-0.5,0.5,1.0,0.5,0.0,True
0.5,0.8169298964431191,observational_loss,-0.5,0.5,1.0,0.5,0.0,True
0.5,0.6344540015152722,observational_loss,-0.5,0.5,1.0,0.5,0.0,True
0.5,-0.0679971724109083,observational_loss,-0.5,0.5,1.0,0.5,0.0,True
0.5,0.4797205691252253,observational_loss,-0.5,0.5,1.0,0.5,0.0,True
0.5,0.7458717976560796,observational_loss,-0.5,0.5,1.0,0.5,0.0,True
0.5,0.8928117786822543,observational_loss,-0.5,0.5,1.0,0.5,0.0,True
0.5,-0.605839376454282,observational_loss,-0.5,0.5,1.0,0.5,0.0,True
0.5,0.35641051629417264,observational_loss,-0.5,0.5,1.0,0.5,0.0,True
0.5,-0.07828174675552124,observational_loss,-0.5,0.5,1.0,0.5,0.0,True
0.5,0.04802168304651522,observational_loss,-0.5,0.5,1.0,0.5,0.0,True
0.5,-0.08759571965009272,observational_loss,-0.5,0.5,1.0,0.5,0.0,True
0.5,-0.4592879410994537,observational_loss,-0.5,0.5,1.0,0.5,0.0,True
0.5,-0.4791975823807606,observational_loss,-0.5,0.5,1.0,0.5,0.0,True
0.5,-0.46088016473893445,observational_loss,-0.5,0.5,1.0,0.5,0.0,True
0.5,0.13025123921138504,observational_loss,-0.5,0.5,1.0,0.5,0.0,True
0.5,0.9357666605760042,observational_loss,-0.5,0.5,1.0,0.5,0.0,True
0.5,0.7992196548412991,observational_loss,-0.5,0.5,1.0,0.5,0.0,True
0.5,0.48812365962949245,observational_loss,-0.5,0.5,1.0,0.5,0.0,True
0.5,0.5577525197458773,observational_loss,-0.5,0.5,1.0,0.5,0.0,True
0.5,-0.6607378978230116,observational_loss,-0.5,0.5,1.0,0.5,0.0,True
0.5,0.47164107896492813,observational_loss,-0.5,0.5,1.0,0.5,0.0,True
0.5,-0.30950064143013334,observational_loss,-0.5,0.5,1.0,0.5,0.0,True
0.5,0.006150742417380561,observational_loss,-0.5,0.5,1.0,0.5,0.0,True
0.5,-0.4043130656082028,observational_loss,-0.5,0.5,1.0,0.5,0.0,True
0.5,-0.9888145923654321,observational_loss,-0.5,0.5,1.0,0.5,0.0,True
0.5,0.5865227529641686,observational_loss,-0.5,0.5,1.0,0.5,0.0,True
0.5,0.9014214844330504,observational_loss,-0.5,0.5,1.0,0.5,0.0,True
0.5,-0.9072770127610534,observational_loss,-0.5,0.5,1.0,0.5,0.0,True
0.5,-0.22743319749475832,observational_loss,-0.5,0.5,1.0,0.5,0.0,True
0.5,0.04912431712130805,observational_loss,-0.5,0.5,1.0,0.5,0.0,True
0.5,0.8282574348692169,observational_loss,-0.5,0.5,1.0,0.5,0.0,True
0.5,-0.00839759326178946,observational_loss,-0.5,0.5,1.0,0.5,0.0,True
0.5,-0.4534342640622766,observational_loss,-0.5,0.5,1.0,0.5,0.0,True
0.5,0.15866354285373863,observational_loss,-0.5,0.5,1.0,0.5,0.0,True
0.5,0.8471249917027401,observational_loss,-0.5,0.5,1.0,0.5,0.0,True
0.5,0.4341712990684854,observational_loss,-0.5,0.5,1.0,0.5,0.0,True
0.5,-0.5579245254168461,observational_loss,-0.5,0.5,1.0,0.5,0.0,True
0.5,0.8874979969348114,observational_loss,-0.5,0.5,1.0,0.5,0.0,True
0.5,0.45878462494768923,observational_loss,-0.5,0.5,1.0,0.5,0.0,True
0.5,-0.22918533573857847,observational_loss,-0.5,0.5,1.0,0.5,0.0,True
0.5,0.7060350861125313,observational_loss,-0.5,0.5,1.0,0.5,0.0,True
0.5,0.013691044061096669,observational_loss,-0.5,0.5,1.0,0.5,0.0,True
0.5,-0.6679307363934819,observational_loss,-0.5,0.5,1.0,0.5,0.0,True
0.5,0.47627692737809557,observational_loss,-0.5,0.5,1.0,0.5,0.0,True
0.5,-0.8132460696686934,observational_loss,-0.5,0.5,1.0,0.5,0.0,True
0.5,-0.4630246056374723,observational_loss,-0.5,0.5,1.0,0.5,0.0,True
0.5,0.13159075331795367,observational_loss,-0.5,0.5,1.0,0.5,0.0,True
0.5,0.628041926397312,observational_loss,-0.5,0.5,1.0,0.5,0.0,True
0.5,0.3175909861569175,observational_loss,-0.5,0.5,1.0,0.5,0.0,True
0.5,-0.6452120471825318,observational_loss,-0.5,0.5,1.0,0.5,0.0,True
0.5,0.7997939791519331,observational_loss,-0.5,0.5,1.0,0.5,0.0,True
0.5,-0.399954880488093,observational_loss,-0.5,0.5,1.0,0.5,0.0,True
0.5,-0.6150584205536416,observational_loss,-0.5,0.5,1.0,0.5,0.0,True
0.5,0.7551450057242699,observational_loss,-0.5,0.5,1.0,0.5,0.0,True
0.5,0.34391080908622573,observational_loss,-0.5,0.5,1.0,0.5,0.0,True
0.5,-0.07539281140034193,observational_loss,-0.5,0.5,1.0,0.5,0.0,True
0.5,0.3337412174692349,observational_loss,-0.5,0.5,1.0,0.5,0.0,True
0.5,-0.11317642222437074,observational_loss,-0.5,0.5,1.0,0.5,0.0,True
0.5,-0.17109794556340163,observational_loss,-0.5,0.5,1.0,0.5,0.0,True
0.5,0.5085950572324311,observational_loss,-0.5,0.5,1.0,0.5,0.0,True
0.5,-0.861384204995375,observational_loss,-0.5,0.5,1.0,0.5,0.0,True
0.5,0.3811822324470917,observational_loss,-0.5,0.5,1.0,0.5,0.0,True
0.5,-0.905392452819151,observational_loss,-0.5,0.5,1.0,0.5,0.0,True
0.5,0.8898059822179134,observational_loss,-0.5,0.5,1.0,0.5,0.0,True
0.5,-0.5763859333395975,observational_loss,-0.5,0.5,1.0,0.5,0.0,True
0.5,-0.964407319465105,observational_loss,-0.5,0.5,1.0,0.5,0.0,True
0.5,0.26058124299304897,observational_loss,-0.5,0.5,1.0,0.5,0.0,True
0.5,-0.64549181166322,observational_loss,-0.5,0.5,1.0,0.5,0.0,True
0.5,-0.2977129604360824,observational_loss,-0.5,0.5,1.0,0.5,0.0,True
0.5,0.6066154207899217,observational_loss,-0.5,0.5,1.0,0.5,0.0,True
0.5,0.9409205436385051,observational_loss,-0.5,0.5,1.0,0.5,0.0,True
0.5,0.6764918378562408,observational_loss,-0.5,0.5,1.0,0.5,0.0,True
0.5,-0.4894497934337676,observational_loss,-0.5,0.5,1.0,0.5,0.0,True
0.5,-0.218689766073624,observational_loss,-0.5,0.5,1.0,0.5,0.0,True
0.5,0.9103464518063316,observational_loss,-0.5,0.5,1.0,0.5,0.0,True
0.5,0.7634253391195944,observational_loss,-0.5,0.5,1.0,0.5,0.0,True
0.5,-0.6469552796028921,observational_loss,-0.5,0.5,1.0,0.5,0.0,True
0.5,0.3471389638919997,observational_loss,-0.5,0.5,1.0,0.5,0.0,True
0.5,-0.1905422132180956,observational_loss,-0.5,0.5,1.0,0.5,0.0,True
0.5,0.9280162454270979,observational_loss,-0.5,0.5,1.0,0.5,0.0,True
0.5,0.21049316865814816,observational_loss,-0.5,0.5,1.0,0.5,0.0,True
0.5,0.588180909994884,observational_loss,-0.5,0.5,1.0,0.5,0.0,True
0.5,0.8884597191285108,observational_loss,-0.5,0.5,1.0,0.5,0.0,True
0.5,-0.7217947798934423,observational_loss,-0.5,0.5,1.0,0.5,0.0,True
0.5,0.3866736219255136,observational_loss,-0.5,0.5,1.0,0.5,0.0,True
0.5,-0.8417916323476329,observational_loss,-0.5,0.5,1.0,0.5,0.0,True
0.5,0.04359429669335335,observational_loss,-0.5,0.5,1.0,0.5,0.0,True
0.5,0.6804354125476306,observational_loss,-0.5,0.5,1.0,0.5,0.0,True
0.5,-0.7769751930153768,observational_loss,-0.5,0.5,1.0,0.5,0.0,True
0.5,0.09688425474414486,observational_loss,-0.5,0.5,1.0,0.5,0.0,True
0.5,0.4429915850273789,observational_loss,-0.5,0.5,1.0,0.5,0.0,True
0.5,0.22557220497124408,observational_loss,-0.5,0.5,1.0,0.5,0.0,True
0.5,-0.8755892952698585,observational_loss,-0.5,0.5,1.0,0.5,0.0,True
0.5,0.23036258171248747,observational_loss,-0.5,0.5,1.0,0.5,0.0,True
0.5,0.366564605909824,observational_loss,-0.5,0.5,1.0,0.5,0.0,True
0.5,0.6575705868014277,observational_loss,-0.5,0.5,1.0,0.5,0.0,True
0.5,-0.25114894519639175,observational_loss,-0.5,0.5,1.0,0.5,0.0,True
0.5,0.44486449900321423,observational_loss,-0.5,0.5,1.0,0.5,0.0,True
0.5,0.3562118114481079,observational_loss,-0.5,0.5,1.0,0.5,0.0,True
0.5,-0.7738593471613402,observational_loss,-0.5,0.5,1.0,0.5,0.0,True
0.5,-0.23774158185681382,observational_loss,-0.5,0.5,1.0,0.5,0.0,True
0.5,-0.6244029760163261,observational_loss,-0.5,0.5,1.0,0.5,0.0,True
0.5,0.12817241266453872,observational_loss,-0.5,0.5,1.0,0.5,0.0,True
0.5,0.63694827377485,observational_loss,-0.5,0.5,1.0,0.5,0.0,True
0.5,0.850989642710668,observational_loss,-0.5,0.5,1.0,0.5,0.0,True
0.5,-0.42520433839566185,observational_loss,-0.5,0.5,1.0,0.5,0.0,True
0.5,0.42059323090714007,observational_loss,-0.5,0.5,1.0,0.5,0.0,True
0.5,-0.7704036097936089,observational_loss,-0.5,0.5,1.0,0.5,0.0,True
0.5,0.08334815590326605,observational_loss,-0.5,0.5,1.0,0.5,0.0,True
0.5,-0.7997120578711134,observational_loss,-0.5,0.5,1.0,0.5,0.0,True
0.5,0.852233204579931,observational_loss,-0.5,0.5,1.0,0.5,0.0,True
0.5,-0.08098571903154661,observational_loss,-0.5,0.5,1.0,0.5,0.0,True
0.5,0.0313234654596255,observational_loss,-0.5,0.5,1.0,0.5,0.0,True
0.5,-0.7673848403253414,observational_loss,-0.5,0.5,1.0,0.5,0.0,True
0.5,0.8095800026625144,observational_loss,-0.5,0.5,1.0,0.5,0.0,True
0.5,0.8924407449849374,observational_loss,-0.5,0.5,1.0,0.5,0.0,True
0.5,0.41731625073671164,observational_loss,-0.5,0.5,1.0,0.5,0.0,True
0.5,0.9671058225924811,observational_loss,-0.5,0.5,1.0,0.5,0.0,True
0.5,0.49924912547425393,observational_loss,-0.5,0.5,1.0,0.5,0.0,True
0.5,-0.4081600594637209,observational_loss,-0.5,0.5,1.0,0.5,0.0,True
0.5,0.12733306640424824,observational_loss,-0.5,0.5,1.0,0.5,0.0,True
0.5,-0.6994847909970212,observational_loss,-0.5,0.5,1.0,0.5,0.0,True
0.5,0.7453874988261173,observational_loss,-0.5,0.5,1.0,0.5,0.0,True
0.5,-0.39934225455299255,observational_loss,-0.5,0.5,1.0,0.5,0.0,True
0.5,-0.37106524114965,observational_loss,-0.5,0.5,1.0,0.5,0.0,True
0.5,-0.3571446153375304,observational_loss,-0.5,0.5,1.0,0.5,0.0,True
0.5,-0.4875327977896633,observational_loss,-0.5,0.5,1.0,0.5,0.0,True
0.5,-0.32273704677186443,observational_loss,-0.5,0.5,1.0,0.5,0.0,True
0.5,-0.7362649934033727,observational_loss,-0.5,0.5,1.0,0.5,0.0,True
0.5,-0.9412894956554045,observational_loss,-0.5,0.5,1.0,0.5,0.0,True
0.5,0.949399966465097,observational_loss,-0.5,0.5,1.0,0.5,0.0,True
0.5,-0.2733239512178338,observational_loss,-0.5,0.5,1.0,0.5,0.0,True
0.5,0.9832286287329699,observational_loss,-0.5,0.5,1.0,0.5,0.0,True
0.5,0.3754439151517126,observational_loss,-0.5,0.5,1.0,0.5,0.0,True
0.5,0.6312802355192311,observational_loss,-0.5,0.5,1.0,0.5,0.0,True
0.5,-0.7603765281526325,observational_loss,-0.5,0.5,1.0,0.5,0.0,True
0.5,-0.05535833868556783,observational_loss,-0.5,0.5,1.0,0.5,0.0,True
0.5,-0.6925309283603391,observational_loss,-0.5,0.5,1.0,0.5,0.0,True
0.5,-0.17411408655593763,observational_loss,-0.5,0.5,1.0,0.5,0.0,True
0.5,-0.7958049962626723,observational_loss,-0.5,0.5,1.0,0.5,0.0,True
0.5,0.04765784277307872,observational_loss,-0.5,0.5,1.0,0.5,0.0,True
0.5,0.6191924548505301,observational_loss,-0.5,0.5,1.0,0.5,0.0,True
0.5,0.7977561645815587,observational_loss,-0.5,0.5,1.0,0.5,0.0,True
0.5,0.7928248796583686,observational_loss,-0.5,0.5,1.0,0.5,0.0,True
0.5,0.6112099965971571,observational_loss,-0.5,0.5,1.0,0.5,0.0,True
0.5,0.38201691095848567,observational_loss,-0.5,0.5,1.0,0.5,0.0,True
0.5,-0.35291483651274436,observational_loss,-0.5,0.5,1.0,0.5,0.0,True
0.5,-0.7636674087551842,observational_loss,-0.5,0.5,1.0,0.5,0.0,True
0.5,0.2052439862300759,observational_loss,-0.5,0.5,1.0,0.5,0.0,True
0.5,-0.6789095345535539,observational_loss,-0.5,0.5,1.0,0.5,0.0,True
0.5,0.3760127744590034,observational_loss,-0.5,0.5,1.0,0.5,0.0,True
0.5,-0.929645204974815,observational_loss,-0.5,0.5,1.0,0.5,0.0,True
0.5,0.9764288325282982,observational_loss,-0.5,0.5,1.0,0.5,0.0,True
0.5,0.4630115882449697,observational_loss,-0.5,0.5,1.0,0.5,0.0,True
0.5,-0.6449326440940126,observational_loss,-0.5,0.5,1.0,0.5,0.0,True
0.5,-0.6625333869505821,observational_loss,-0.5,0.5,1.0,0.5,0.0,True
0.5,-0.9561146194240329,observational_loss,-0.5,0.5,1.0,0.5,0.0,True
0.5,-0.8786167140913206,observational_loss,-0.5,0.5,1.0,0.5,0.0,True
0.5,0.26025557277455635,observational_loss,-0.5,0.5,1.0,0.5,0.0,True
0.5,0.8875272581262805,observational_loss,-0.5,0.5,1.0,0.5,0.0,True
0.5,0.8357910311198082,observational_loss,-0.5,0.5,1.0,0.5,0.0,True
0.5,0.8716453143174834,observational_loss,-0.5,0.5,1.0,0.5,0.0,True
0.5,-0.9421740852283209,observational_loss,-0.5,0.5,1.0,0.5,0.0,True
0.5,0.4992893000910221,observational_loss,-0.5,0.5,1.0,0.5,0.0,True
0.5,0.056483498876022775,observational_loss,-0.5,0.5,1.0,0.5,0.0,True
0.5,-0.5542594545316981,observational_loss,-0.5,0.5,1.0,0.5,0.0,True
0.5,0.4527163386220667,observational_loss,-0.5,0.5,1.0,0.5,0.0,True
0.5,-0.09124005371828181,observational_loss,-0.5,0.5,1.0,0.5,0.0,True
0.5,-0.9723280882765233,observational_loss,-0.5,0.5,1.0,0.5,0.0,True
0.5,-0.9595965600016509,observational_loss,-0.5,0.5,1.0,0.5,0.0,True
0.5,0.6811286228637581,observational_loss,-0.5,0.5,1.0,0.5,0.0,True
0.5,-0.6305426582080407,observational_loss,-0.5,0.5,1.0,0.5,0.0,True
0.5,0.27751928673165605,observational_loss,-0.5,0.5,1.0,0.5,0.0,True
0.5,-0.43799329170498935,observational_loss,-0.5,0.5,1.0,0.5,0.0,True
0.5,0.7407965863974528,observational_loss,-0.5,0.5,1.0,0.5,0.0,True
0.5,-0.5050683075077049,observational_loss,-0.5,0.5,1.0,0.5,0.0,True
0.5,0.17518316972415682,observational_loss,-0.5,0.5,1.0,0.5,0.0,True
0.5,0.15634082984207964,observational_loss,-0.5,0.5,1.0,0.5,0.0,True
0.5,-0.3313452221469564,observational_loss,-0.5,0.5,1.0,0.5,0.0,True
0.5,-0.060836377829430965,observational_loss,-0.5,0.5,1.0,0.5,0.0,True
0.5,0.6149836815194409,observational_loss,-0.5,0.5,1.0,0.5,0.0,True
0.5,-0.3799394874654398,observational_loss,-0.5,0.5,1.0,0.5,0.0,True
0.5,-0.5998178362496549,observational_loss,-0.5,0.5,1.0,0.5,0.0,True
0.5,-0.05388956507324738,observational_loss,-0.5,0.5,1.0,0.5,0.0,True
0.5,-0.4296790841221696,observational_loss,-0.5,0.5,1.0,0.5,0.0,True
0.5,0.8689320215151528,observational_loss,-0.5,0.5,1.0,0.5,0.0,True
0.5,0.4015159674383897,observational_loss,-0.5,0.5,1.0,0.5,0.0,True
0.5,0.47968333099846316,observational_loss,-0.5,0.5,1.0,0.5,0.0,True
0.5,-0.9584047822053783,observational_loss,-0.5,0.5,1.0,0.5,0.0,True
0.5,-0.9252374598718902,observational_loss,-0.5,0.5,1.0,0.5,0.0,True
0.5,-0.989298996773726,observational_loss,-0.5,0.5,1.0,0.5,0.0,True
0.5,0.6023595526594803,observational_loss,-0.5,0.5,1.0,0.5,0.0,True
0.5,0.50112674891195,observational_loss,-0.5,0.5,1.0,0.5,0.0,True
0.5,-0.34301449230510705,observational_loss,-0.5,0.5,1.0,0.5,0.0,True
0.5,-0.9678456411950984,observational_loss,-0.5,0.5,1.0,0.5,0.0,True
0.5,0.013842838957736303,observational_loss,-0.5,0.5,1.0,0.5,0.0,True
0.5,-0.5756454273521052,observational_loss,-0.5,0.5,1.0,0.5,0.0,True
0.5,-0.36061337417963935,observational_loss,-0.5,0.5,1.0,0.5,0.0,True
0.5,-0.5041963236166997,observational_loss,-0.5,0.5,1.0,0.5,0.0,True
0.5,0.48285046000332743,observational_loss,-0.5,0.5,1.0,0.5,0.0,True
0.5,0.7464557795245894,observational_loss,-0.5,0.5,1.0,0.5,0.0,True
0.5,0.30620170540079217,observational_loss,-0.5,0.5,1.0,0.5,0.0,True
0.5,0.3039364571559997,observational_loss,-0.5,0.5,1.0,0.5,0.0,True
0.5,0.09259095037883447,observational_loss,-0.5,0.5,1.0,0.5,0.0,True
0.5,0.23558652599215324,observational_loss,-0.5,0.5,1.0,0.5,0.0,True
0.5,-0.862069360652139,observational_loss,-0.5,0.5,1.0,0.5,0.0,True
0.5,0.3707328221673134,observational_loss,-0.5,0.5,1.0,0.5,0.0,True
0.5,-0.791727534157705,observational_loss,-0.5,0.5,1.0,0.5,0.0,True
0.5,-0.13735888748983616,observational_loss,-0.5,0.5,1.0,0.5,0.0,True
0.5,0.15485034001520592,observational_loss,-0.5,0.5,1.0,0.5,0.0,True
0.5,0.5012253339975778,observational_loss,-0.5,0.5,1.0,0.5,0.0,True
0.5,0.7739052260105901,observational_loss,-0.5,0.5,1.0,0.5,0.0,True
0.5,0.46236524230627474,observational_loss,-0.5,0.5,1.0,0.5,0.0,True
0.5,0.6155228312052421,observational_loss,-0.5,0.5,1.0,0.5,0.0,True
0.5,0.1484836835988692,observational_loss,-0.5,0.5,1.0,0.5,0.0,True
0.5,-0.7791859424571712,observational_loss,-0.5,0.5,1.0,0.5,0.0,True
0.5,0.9779579986164688,observational_loss,-0.5,0.5,1.0,0.5,0.0,True
0.5,-0.9055581133516195,observational_loss,-0.5,0.5,1.0,0.5,0.0,True
0.5,-0.34501955726892186,observational_loss,-0.5,0.5,1.0,0.5,0.0,True
0.5,0.33429119879228564,observational_loss,-0.5,0.5,1.0,0.5,0.0,True
0.5,0.1822361587399839,observational_loss,-0.5,0.5,1.0,0.5,0.0,True
0.5,0.38814373102906474,observational_loss,-0.5,0.5,1.0,0.5,0.0,True
0.5,-0.04383334144119866,observational_loss,-0.5,0.5,1.0,0.5,0.0,True
0.5,0.4489084697508863,observational_loss,-0.5,0.5,1.0,0.5,0.0,True
0.5,0.20867536968170053,observational_loss,-0.5,0.5,1.0,0.5,0.0,True
0.5,0.9570180071418772,observational_loss,-0.5,0.5,1.0,0.5,0.0,True
0.5,-0.6593357511484534,observational_loss,-0.5,0.5,1.0,0.5,0.0,True
0.5,-0.4882448635448178,observational_loss,-0.5,0.5,1.0,0.5,0.0,True
0.5,-0.9376303373764001,observational_loss,-0.5,0.5,1.0,0.5,0.0,True
0.5,-0.12881517729272995,observational_loss,-0.5,0.5,1.0,0.5,0.0,True
0.5,-0.6510700574819994,observational_loss,-0.5,0.5,1.0,0.5,0.0,True
0.5,-0.10251441744672807,observational_loss,-0.5,0.5,1.0,0.5,0.0,True
0.5,0.959825575249114,observational_loss,-0.5,0.5,1.0,0.5,0.0,True
0.5,0.07418140961152409,observational_loss,-0.5,0.5,1.0,0.5,0.0,True
0.5,0.5291365758836162,observational_loss,-0.5,0.5,1.0,0.5,0.0,True
0.5,0.961965348254235,observational_loss,-0.5,0.5,1.0,0.5,0.0,True
0.5,0.9373125880619537,observational_loss,-0.5,0.5,1.0,0.5,0.0,True
0.5,0.9329693660055711,observational_loss,-0.5,0.5,1.0,0.5,0.0,True
0.5,-0.3604623549487125,observational_loss,-0.5,0.5,1.0,0.5,0.0,True
0.5,0.4553969551137096,observational_loss,-0.5,0.5,1.0,0.5,0.0,True
0.5,0.4023614249712628,observational_loss,-0.5,0.5,1.0,0.5,0.0,True
0.5,-0.6245530065190772,observational_loss,-0.5,0.5,1.0,0.5,0.0,True
0.5,-0.8830529746459226,observational_loss,-0.5,0.5,1.0,0.5,0.0,True
0.5,-0.94595268765798,observational_loss,-0.5,0.5,1.0,0.5,0.0,True
0.5,0.024679492901452216,observational_loss,-0.5,0.5,1.0,0.5,0.0,True
0.5,-0.088359890069025,observational_loss,-0.5,0.5,1.0,0.5,0.0,True
0.5,-0.7905920353695408,observational_loss,-0.5,0.5,1.0,0.5,0.0,True
0.5,0.023639382588547697,observational_loss,-0.5,0.5,1.0,0.5,0.0,True
0.5,0.982166459196181,observational_loss,-0.5,0.5,1.0,0.5,0.0,True
0.5,-0.1794978071694724,observational_loss,-0.5,0.5,1.0,0.5,0.0,True
0.5,0.05138513163268077,observational_loss,-0.5,0.5,1.0,0.5,0.0,True
0.5,0.21650207918539022,observational_loss,-0.5,0.5,1.0,0.5,0.0,True
0.5,0.1643578273965367,observational_loss,-0.5,0.5,1.0,0.5,0.0,True
0.5,-0.02975693595070772,observational_loss,-0.5,0.5,1.0,0.5,0.0,True
0.5,-0.5179147945713967,observational_loss,-0.5,0.5,1.0,0.5,0.0,True
0.5,-0.4659572306168702,observational_loss,-0.5,0.5,1.0,0.5,0.0,True
0.5,-0.8353093229547945,observational_loss,-0.5,0.5,1.0,0.5,0.0,True
0.5,-0.9904402568805826,observational_loss,-0.5,0.5,1.0,0.5,0.0,True
0.5,-0.7214013813439157,observational_loss,-0.5,0.5,1.0,0.5,0.0,True
0.5,0.7158877279811191,observational_loss,-0.5,0.5,1.0,0.5,0.0,True
0.5,-0.5825335143095172,observational_loss,-0.5,0.5,1.0,0.5,0.0,True
0.5,-0.9122989114063498,observational_loss,-0.5,0.5,1.0,0.5,0.0,True
0.5,0.7826675562158611,observational_loss,-0.5,0.5,1.0,0.5,0.0,True
0.5,-0.8799352982242197,observational_loss,-0.5,0.5,1.0,0.5,0.0,True
0.5,-0.4590472113813513,observational_loss,-0.5,0.5,1.0,0.5,0.0,True
0.5,-0.3935274643408879,observational_loss,-0.5,0.5,1.0,0.5,0.0,True
0.5,-0.3050644130638338,observational_loss,-0.5,0.5,1.0,0.5,0.0,True
0.5,0.9756345000384372,observational_loss,-0.5,0.5,1.0,0.5,0.0,True
0.5,-0.4841436773691148,observational_loss,-0.5,0.5,1.0,0.5,0.0,True
0.5,0.6109333377560109,observational_loss,-0.5,0.5,1.0,0.5,0.0,True
0.5,-0.36112120211154464,observational_loss,-0.5,0.5,1.0,0.5,0.0,True
0.5,-0.9195593529954582,observational_loss,-0.5,0.5,1.0,0.5,0.0,True
0.5,-0.033591703755498026,observational_loss,-0.5,0.5,1.0,0.5,0.0,True
0.5,-0.7134608131887408,observational_loss,-0.5,0.5,1.0,0.5,0.0,True
0.5,0.5045738714096033,observational_loss,-0.5,0.5,1.0,0.5,0.0,True
0.5,-0.013195024974247183,observational_loss,-0.5,0.5,1.0,0.5,0.0,True
0.5,0.7467292662982177,observational_loss,-0.5,0.5,1.0,0.5,0.0,True
0.5,-0.9938471002681235,observational_loss,-0.5,0.5,1.0,0.5,0.0,True
0.5,-0.4537991983560139,observational_loss,-0.5,0.5,1.0,0.5,0.0,True
0.5,-0.20361823692398828,observational_loss,-0.5,0.5,1.0,0.5,0.0,True
0.5,0.6174436848319538,observational_loss,-0.5,0.5,1.0,0.5,0.0,True
0.5,0.6535812108539447,observational_loss,-0.5,0.5,1.0,0.5,0.0,True
0.5,0.7134506408033354,observational_loss,-0.5,0.5,1.0,0.5,0.0,True
0.5,0.6001290967526867,observational_loss,-0.5,0.5,1.0,0.5,0.0,True
0.5,-0.49025711800940064,observational_loss,-0.5,0.5,1.0,0.5,0.0,True
0.5,0.7559692744334419,observational_loss,-0.5,0.5,1.0,0.5,0.0,True
0.5,-0.8647693131039396,observational_loss,-0.5,0.5,1.0,0.5,0.0,True
0.5,-0.8782127225733025,observational_loss,-0.5,0.5,1.0,0.5,0.0,True
0.5,-0.74220958377971,observational_loss,-0.5,0.5,1.0,0.5,0.0,True
0.5,0.5546801620039938,observational_loss,-0.5,0.5,1.0,0.5,0.0,True
0.5,-0.13226387804147488,observational_loss,-0.5,0.5,1.0,0.5,0.0,True
0.5,-0.054637333139272215,observational_loss,-0.5,0.5,1.0,0.5,0.0,True
0.5,-0.8471425585027148,observational_loss,-0.5,0.5,1.0,0.5,0.0,True
0.5,-0.41417475019221817,observational_loss,-0.5,0.5,1.0,0.5,0.0,True
0.5,-0.8159955098194414,observational_loss,-0.5,0.5,1.0,0.5,0.0,True
0.5,-0.25532141547635634,observational_loss,-0.5,0.5,1.0,0.5,0.0,True
0.5,-0.9314839282301115,observational_loss,-0.5,0.5,1.0,0.5,0.0,True
0.5,0.5803536740897037,observational_loss,-0.5,0.5,1.0,0.5,0.0,True
0.5,0.16057808325633105,observational_loss,-0.5,0.5,1.0,0.5,0.0,True
0.5,0.8085196289216001,observational_loss,-0.5,0.5,1.0,0.5,0.0,True
0.5,-0.5195919303586216,observational_loss,-0.5,0.5,1.0,0.5,0.0,True
0.5,0.614769128149063,observational_loss,-0.5,0.5,1.0,0.5,0.0,True
0.5,0.3467240960619664,observational_loss,-0.5,0.5,1.0,0.5,0.0,True
0.5,-0.8738694721656846,observational_loss,-0.5,0.5,1.0,0.5,0.0,True
0.5,-0.8768980984371233,observational_loss,-0.5,0.5,1.0,0.5,0.0,True
0.5,-0.9426190194911324,observational_loss,-0.5,0.5,1.0,0.5,0.0,True
0.5,-0.11762990382534722,observational_loss,-0.5,0.5,1.0,0.5,0.0,True
0.5,0.03590730176805246,observational_loss,-0.5,0.5,1.0,0.5,0.0,True
0.5,0.5292639486415975,observational_loss,-0.5,0.5,1.0,0.5,0.0,True
0.5,-0.03456627661583922,observational_loss,-0.5,0.5,1.0,0.5,0.0,True
0.5,0.33123964606971623,observational_loss,-0.5,0.5,1.0,0.5,0.0,True
0.5,0.9462100436622727,observational_loss,-0.5,0.5,1.0,0.5,0.0,True
0.5,-0.883919432009695,observational_loss,-0.5,0.5,1.0,0.5,0.0,True
0.5,0.206602639749909,observational_loss,-0.5,0.5,1.0,0.5,0.0,True
0.5,0.7004356166108925,observational_loss,-0.5,0.5,1.0,0.5,0.0,True
0.5,0.2987045559516097,observational_loss,-0.5,0.5,1.0,0.5,0.0,True
0.5,0.8723432550569736,observational_loss,-0.5,0.5,1.0,0.5,0.0,True
0.5,0.04872954790486239,observational_loss,-0.5,0.5,1.0,0.5,0.0,True
0.5,-0.4183664237889042,observational_loss,-0.5,0.5,1.0,0.5,0.0,True
0.5,-0.04330574634974571,observational_loss,-0.5,0.5,1.0,0.5,0.0,True
0.5,0.2277508176649099,observational_loss,-0.5,0.5,1.0,0.5,0.0,True
0.5,0.20316868026963708,observational_loss,-0.5,0.5,1.0,0.5,0.0,True
0.5,-0.5370325830982052,observational_loss,-0.5,0.5,1.0,0.5,0.0,True
0.5,0.7809305990709567,observational_loss,-0.5,0.5,1.0,0.5,0.0,True
0.5,0.586432210198709,observational_loss,-0.5,0.5,1.0,0.5,0.0,True
0.5,-0.5250904950416022,observational_loss,-0.5,0.5,1.0,0.5,0.0,True
0.5,-0.4953333563000242,observational_loss,-0.5,0.5,1.0,0.5,0.0,True
0.5,0.6286607263860395,observational_loss,-0.5,0.5,1.0,0.5,0.0,True
0.5,-0.4262885984918767,observational_loss,-0.5,0.5,1.0,0.5,0.0,True
0.5,-0.9630091196168555,observational_loss,-0.5,0.5,1.0,0.5,0.0,True
0.5,-0.3472563717483239,observational_loss,-0.5,0.5,1.0,0.5,0.0,True
0.5,-0.12097876525694007,observational_loss,-0.5,0.5,1.0,0.5,0.0,True
0.5,-0.3797544670221964,observational_loss,-0.5,0.5,1.0,0.5,0.0,True
0.5,-0.8092690605049111,observational_loss,-0.5,0.5,1.0,0.5,0.0,True
0.5,-0.514989824020978,observational_loss,-0.5,0.5,1.0,0.5,0.0,True
0.5,0.03563477429771034,observational_loss,-0.5,0.5,1.0,0.5,0.0,True
0.5,0.06790706752885267,observational_loss,-0.5,0.5,1.0,0.5,0.0,True
0.5,0.11399133373762682,observational_loss,-0.5,0.5,1.0,0.5,0.0,True
0.5,0.9034141116908814,observational_loss,-0.5,0.5,1.0,0.5,0.0,True
0.5,0.03693266424853525,observational_loss,-0.5,0.5,1.0,0.5,0.0,True
0.5,0.8023900279333802,observational_loss,-0.5,0.5,1.0,0.5,0.0,True
0.5,0.30332077058887075,observational_loss,-0.5,0.5,1.0,0.5,0.0,True
0.5,-0.65565811811642,observational_loss,-0.5,0.5,1.0,0.5,0.0,True
0.5,0.44551241129406716,observational_loss,-0.5,0.5,1.0,0.5,0.0,True
0.5,0.18630459900989127,observational_loss,-0.5,0.5,1.0,0.5,0.0,True
0.5,0.8545851709413168,observational_loss,-0.5,0.5,1.0,0.5,0.0,True
0.5,0.8704090045858732,observational_loss,-0.5,0.5,1.0,0.5,0.0,True
0.5,0.8842770298225675,observational_loss,-0.5,0.5,1.0,0.5,0.0,True
0.5,-0.37084973350439254,observational_loss,-0.5,0.5,1.0,0.5,0.0,True
0.5,0.301070576940242,observational_loss,-0.5,0.5,1.0,0.5,0.0,True
0.5,0.3768921766266313,observational_loss,-0.5,0.5,1.0,0.5,0.0,True
0.5,0.6600142485340506,observational_loss,-0.5,0.5,1.0,0.5,0.0,True
0.5,0.6612689553188362,observational_loss,-0.5,0.5,1.0,0.5,0.0,True
0.5,-0.8293240255494574,observational_loss,-0.5,0.5,1.0,0.5,0.0,True
0.5,0.2449057967075028,observational_loss,-0.5,0.5,1.0,0.5,0.0,True
0.5,-0.7745749305068252,observational_loss,-0.5,0.5,1.0,0.5,0.0,True
0.5,-0.4619195149725499,observational_loss,-0.5,0.5,1.0,0.5,0.0,True
0.5,0.6565658815214626,observational_loss,-0.5,0.5,1.0,0.5,0.0,True
0.5,-0.8430084594333682,observational_loss,-0.5,0.5,1.0,0.5,0.0,True
0.5,-0.3351958301963558,observational_loss,-0.5,0.5,1.0,0.5,0.0,True
0.5,0.32887026483899384,observational_loss,-0.5,0.5,1.0,0.5,0.0,True
0.5,-0.830543583804974,observational_loss,-0.5,0.5,1.0,0.5,0.0,True
0.5,-0.6302570442964723,observational_loss,-0.5,0.5,1.0,0.5,0.0,True
0.5,0.7784696488506186,observational_loss,-0.5,0.5,1.0,0.5,0.0,True
0.5,-0.4279548184801911,observational_loss,-0.5,0.5,1.0,0.5,0.0,True
0.5,0.9120793438807098,observational_loss,-0.5,0.5,1.0,0.5,0.0,True
0.5,-0.07583080840905687,observational_loss,-0.5,0.5,1.0,0.5,0.0,True
0.5,-0.6550116994131285,observational_loss,-0.5,0.5,1.0,0.5,0.0,True
0.5,-0.13219114935368648,observational_loss,-0.5,0.5,1.0,0.5,0.0,True
0.5,-0.8972825827465538,observational_loss,-0.5,0.5,1.0,0.5,0.0,True
0.5,-0.2896797115832579,observational_loss,-0.5,0.5,1.0,0.5,0.0,True
0.5,0.4099059260200266,observational_loss,-0.5,0.5,1.0,0.5,0.0,True
0.5,-0.17836041025844174,observational_loss,-0.5,0.5,1.0,0.5,0.0,True
0.5,0.25612427607838995,observational_loss,-0.5,0.5,1.0,0.5,0.0,True
0.5,-0.4121547920740345,observational_loss,-0.5,0.5,1.0,0.5,0.0,True
0.5,0.6969316347102041,observational_loss,-0.5,0.5,1.0,0.5,0.0,True
0.5,-0.6618327826471604,observational_loss,-0.5,0.5,1.0,0.5,0.0,True
0.5,-0.5935810306368945,observational_loss,-0.5,0.5,1.0,0.5,0.0,True
0.5,-0.107613280944308,observational_loss,-0.5,0.5,1.0,0.5,0.0,True
0.5,-0.3709318872037015,observational_loss,-0.5,0.5,1.0,0.5,0.0,True
0.5,-0.4162961281524351,observational_loss,-0.5,0.5,1.0,0.5,0.0,True
0.5,0.7819777882107342,observational_loss,-0.5,0.5,1.0,0.5,0.0,True
0.5,0.7553200969203957,observational_loss,-0.5,0.5,1.0,0.5,0.0,True
0.5,0.08323407740455457,observational_loss,-0.5,0.5,1.0,0.5,0.0,True
0.5,0.6064435820788143,observational_loss,-0.5,0.5,1.0,0.5,0.0,True
0.5,-0.48612357931526695,observational_loss,-0.5,0.5,1.0,0.5,0.0,True
0.5,0.284729981605103,observational_loss,-0.5,0.5,1.0,0.5,0.0,True
0.5,0.3058778108174631,observational_loss,-0.5,0.5,1.0,0.5,0.0,True
0.5,0.8678178717640825,observational_loss,-0.5,0.5,1.0,0.5,0.0,True
0.5,-0.01848727101563763,observational_loss,-0.5,0.5,1.0,0.5,0.0,True
0.5,-0.2276537482813017,observational_loss,-0.5,0.5,1.0,0.5,0.0,True
0.5,-0.8052048965516636,observational_loss,-0.5,0.5,1.0,0.5,0.0,True
0.5,-0.3119805227243675,observational_loss,-0.5,0.5,1.0,0.5,0.0,True
0.5,0.5565122423765823,observational_loss,-0.5,0.5,1.0,0.5,0.0,True
0.5,-0.6923098378931098,observational_loss,-0.5,0.5,1.0,0.5,0.0,True
0.5,-0.046267127149039355,observational_loss,-0.5,0.5,1.0,0.5,0.0,True
0.5,0.9434739060646882,observational_loss,-0.5,0.5,1.0,0.5,0.0,True
0.5,-0.22580205066451797,observational_loss,-0.5,0.5,1.0,0.5,0.0,True
0.5,0.5631620328276021,observational_loss,-0.5,0.5,1.0,0.5,0.0,True
0.5,-0.39505446160689317,observational_loss,-0.5,0.5,1.0,0.5,0.0,True
0.5,-0.5552558292672138,observational_loss,-0.5,0.5,1.0,0.5,0.0,True
0.5,0.40620545282353104,observational_loss,-0.5,0.5,1.0,0.5,0.0,True
0.5,0.40441464633524693,observational_loss,-0.5,0.5,1.0,0.5,0.0,True
0.5,-0.5382343899971982,observational_loss,-0.5,0.5,1.0,0.5,0.0,True
0.5,-0.6115790685108822,observational_loss,-0.5,0.5,1.0,0.5,0.0,True
0.5,0.6776846008471311,observational_loss,-0.5,0.5,1.0,0.5,0.0,True
0.5,0.8182435444764,observational_loss,-0.5,0.5,1.0,0.5,0.0,True
0.5,-0.6435235607786318,observational_loss,-0.5,0.5,1.0,0.5,0.0,True
0.5,0.1627938536119744,observational_loss,-0.5,0.5,1.0,0.5,0.0,True
0.5,0.7961019877456432,observational_loss,-0.5,0.5,1.0,0.5,0.0,True
0.5,0.34613121665971436,observational_loss,-0.5,0.5,1.0,0.5,0.0,True
0.5,0.0477400764146827,observational_loss,-0.5,0.5,1.0,0.5,0.0,True
0.5,-0.3631160167695553,observational_loss,-0.5,0.5,1.0,0.5,0.0,True
0.5,-0.58863204247367,observational_loss,-0.5,0.5,1.0,0.5,0.0,True
0.5,-0.40008712849565065,observational_loss,-0.5,0.5,1.0,0.5,0.0,True
0.5,0.19559149824914335,observational_loss,-0.5,0.5,1.0,0.5,0.0,True
0.5,-0.9893605537964882,observational_loss,-0.5,0.5,1.0,0.5,0.0,True
0.5,-0.977908487846685,observational_loss,-0.5,0.5,1.0,0.5,0.0,True
0.5,0.9723573385014295,observational_loss,-0.5,0.5,1.0,0.5,0.0,True
0.5,0.1391384004195173,observational_loss,-0.5,0.5,1.0,0.5,0.0,True
0.5,-0.4887582780537536,observational_loss,-0.5,0.5,1.0,0.5,0.0,True
0.5,-0.6770123231190006,observational_loss,-0.5,0.5,1.0,0.5,0.0,True
0.5,-0.2865175537241236,observational_loss,-0.5,0.5,1.0,0.5,0.0,True
0.5,0.983998848406159,observational_loss,-0.5,0.5,1.0,0.5,0.0,True
0.5,-0.9351387260434085,observational_loss,-0.5,0.5,1.0,0.5,0.0,True
0.5,-0.16034104875501876,observational_loss,-0.5,0.5,1.0,0.5,0.0,True
0.5,-0.07216292192203322,observational_loss,-0.5,0.5,1.0,0.5,0.0,True
0.5,-0.7371418121535225,observational_loss,-0.5,0.5,1.0,0.5,0.0,True
0.5,0.31049579472307687,representational_loss,-0.5,0.5,1.0,0.5,0.0,True
0.5,-0.0544783025156117,representational_loss,-0.5,0.5,1.0,0.5,0.0,True
0.5,-0.12781138912279855,representational_loss,-0.5,0.5,1.0,0.5,0.0,True
0.5,0.5299350613134177,representational_loss,-0.5,0.5,1.0,0.5,0.0,True
0.5,0.38682739000250366,representational_loss,-0.5,0.5,1.0,0.5,0.0,True
0.5,-0.19045053559397296,representational_loss,-0.5,0.5,1.0,0.5,0.0,True
0.5,0.70823724353804,representational_loss,-0.5,0.5,1.0,0.5,0.0,True
0.5,0.8590777916043291,representational_loss,-0.5,0.5,1.0,0.5,0.0,True
0.5,-0.16224522718974566,representational_loss,-0.5,0.5,1.0,0.5,0.0,True
0.5,0.8311837747437014,representational_loss,-0.5,0.5,1.0,0.5,0.0,True
0.5,-0.8310538229127051,representational_loss,-0.5,0.5,1.0,0.5,0.0,True
0.5,0.6116406539533468,representational_loss,-0.5,0.5,1.0,0.5,0.0,True
0.5,-0.41945563763473737,representational_loss,-0.5,0.5,1.0,0.5,0.0,True
0.5,0.6204050729196233,representational_loss,-0.5,0.5,1.0,0.5,0.0,True
0.5,-0.7189943149675428,representational_loss,-0.5,0.5,1.0,0.5,0.0,True
0.5,-0.33178555171797397,representational_loss,-0.5,0.5,1.0,0.5,0.0,True
0.5,0.9051423788519595,representational_loss,-0.5,0.5,1.0,0.5,0.0,True
0.5,0.056915519521514746,representational_loss,-0.5,0.5,1.0,0.5,0.0,True
0.5,0.649876102332339,representational_loss,-0.5,0.5,1.0,0.5,0.0,True
0.5,-0.3622554796800377,representational_loss,-0.5,0.5,1.0,0.5,0.0,True
0.5,-0.02757930366150152,representational_loss,-0.5,0.5,1.0,0.5,0.0,True
0.5,0.9062959550759366,representational_loss,-0.5,0.5,1.0,0.5,0.0,True
0.5,0.08979263473561305,representational_loss,-0.5,0.5,1.0,0.5,0.0,True
0.5,0.5810436969343922,representational_loss,-0.5,0.5,1.0,0.5,0.0,True
0.5,0.33351277528201106,representational_loss,-0.5,0.5,1.0,0.5,0.0,True
0.5,0.50021045803603,representational_loss,-0.5,0.5,1.0,0.5,0.0,True
0.5,0.647829676283949,representational_loss,-0.5,0.5,1.0,0.5,0.0,True
0.5,0.2532301034366604,representational_loss,-0.5,0.5,1.0,0.5,0.0,True
0.5,-0.45731192417320954,representational_loss,-0.5,0.5,1.0,0.5,0.0,True
0.5,0.9656692799074889,representational_loss,-0.5,0.5,1.0,0.5,0.0,True
0.5,0.7956682782658702,representational_loss,-0.5,0.5,1.0,0.5,0.0,True
0.5,-0.870113418836362,representational_loss,-0.5,0.5,1.0,0.5,0.0,True
0.5,0.6471733576066463,representational_loss,-0.5,0.5,1.0,0.5,0.0,True
0.5,-0.12258281205750432,representational_loss,-0.5,0.5,1.0,0.5,0.0,True
0.5,-0.7924659681337014,representational_loss,-0.5,0.5,1.0,0.5,0.0,True
0.5,-0.9614538437044982,representational_loss,-0.5,0.5,1.0,0.5,0.0,True
0.5,0.31204629970955255,representational_loss,-0.5,0.5,1.0,0.5,0.0,True
0.5,-0.14035420870731552,representational_loss,-0.5,0.5,1.0,0.5,0.0,True
0.5,-0.03808592435085645,representational_loss,-0.5,0.5,1.0,0.5,0.0,True
0.5,-0.031001603913969555,representational_loss,-0.5,0.5,1.0,0.5,0.0,True
0.5,-0.8829243891653982,representational_loss,-0.5,0.5,1.0,0.5,0.0,True
0.5,0.28145074654754487,representational_loss,-0.5,0.5,1.0,0.5,0.0,True
0.5,0.17575530208529533,representational_loss,-0.5,0.5,1.0,0.5,0.0,True
0.5,0.5869151184415577,representational_loss,-0.5,0.5,1.0,0.5,0.0,True
0.5,-0.5263150616207499,representational_loss,-0.5,0.5,1.0,0.5,0.0,True
0.5,0.12658518870624014,representational_loss,-0.5,0.5,1.0,0.5,0.0,True
0.5,-0.05105663381821013,representational_loss,-0.5,0.5,1.0,0.5,0.0,True
0.5,-0.8536492355351997,representational_loss,-0.5,0.5,1.0,0.5,0.0,True
0.5,0.5910251531573292,representational_loss,-0.5,0.5,1.0,0.5,0.0,True
0.5,0.7152698353286933,representational_loss,-0.5,0.5,1.0,0.5,0.0,True
0.5,-0.15599102732261771,representational_loss,-0.5,0.5,1.0,0.5,0.0,True
0.5,-0.8452088463348866,representational_loss,-0.5,0.5,1.0,0.5,0.0,True
0.5,-0.214495034172401,representational_loss,-0.5,0.5,1.0,0.5,0.0,True
0.5,0.4127483393911855,representational_loss,-0.5,0.5,1.0,0.5,0.0,True
0.5,-0.4137604310991858,representational_loss,-0.5,0.5,1.0,0.5,0.0,True
0.5,0.04633768978265618,representational_loss,-0.5,0.5,1.0,0.5,0.0,True
0.5,-0.9049904282084853,representational_loss,-0.5,0.5,1.0,0.5,0.0,True
0.5,-0.9468006466011301,representational_loss,-0.5,0.5,1.0,0.5,0.0,True
0.5,0.2865572848647602,representational_loss,-0.5,0.5,1.0,0.5,0.0,True
0.5,-0.49246765247474134,representational_loss,-0.5,0.5,1.0,0.5,0.0,True
0.5,0.8039372838760315,representational_loss,-0.5,0.5,1.0,0.5,0.0,True
0.5,0.23854233913248857,representational_loss,-0.5,0.5,1.0,0.5,0.0,True
0.5,-0.22877562371946514,representational_loss,-0.5,0.5,1.0,0.5,0.0,True
0.5,-0.4592651872471767,representational_loss,-0.5,0.5,1.0,0.5,0.0,True
0.5,-0.7334459835031455,representational_loss,-0.5,0.5,1.0,0.5,0.0,True
0.5,0.7849792272104572,representational_loss,-0.5,0.5,1.0,0.5,0.0,True
0.5,0.9963682238696876,representational_loss,-0.5,0.5,1.0,0.5,0.0,True
0.5,0.5255374282782288,representational_loss,-0.5,0.5,1.0,0.5,0.0,True
0.5,0.6189325177054181,representational_loss,-0.5,0.5,1.0,0.5,0.0,True
0.5,0.2784174392851164,representational_loss,-0.5,0.5,1.0,0.5,0.0,True
0.5,-0.5449187503356108,representational_loss,-0.5,0.5,1.0,0.5,0.0,True
0.5,0.5821306509718223,representational_loss,-0.5,0.5,1.0,0.5,0.0,True
0.5,0.8169298964431191,representational_loss,-0.5,0.5,1.0,0.5,0.0,True
0.5,0.6344540015152722,representational_loss,-0.5,0.5,1.0,0.5,0.0,True
0.5,-0.0679971724109083,representational_loss,-0.5,0.5,1.0,0.5,0.0,True
0.5,0.4797205691252253,representational_loss,-0.5,0.5,1.0,0.5,0.0,True
0.5,0.7458717976560796,representational_loss,-0.5,0.5,1.0,0.5,0.0,True
0.5,0.8928117786822543,representational_loss,-0.5,0.5,1.0,0.5,0.0,True
0.5,-0.605839376454282,representational_loss,-0.5,0.5,1.0,0.5,0.0,True
0.5,0.35641051629417264,representational_loss,-0.5,0.5,1.0,0.5,0.0,True
0.5,-0.07828174675552124,representational_loss,-0.5,0.5,1.0,0.5,0.0,True
0.5,0.04802168304651522,representational_loss,-0.5,0.5,1.0,0.5,0.0,True
0.5,-0.08759571965009272,representational_loss,-0.5,0.5,1.0,0.5,0.0,True
0.5,-0.4592879410994537,representational_loss,-0.5,0.5,1.0,0.5,0.0,True
0.5,-0.4791975823807606,representational_loss,-0.5,0.5,1.0,0.5,0.0,True
0.5,-0.46088016473893445,representational_loss,-0.5,0.5,1.0,0.5,0.0,True
0.5,0.13025123921138504,representational_loss,-0.5,0.5,1.0,0.5,0.0,True
0.5,0.9357666605760042,representational_loss,-0.5,0.5,1.0,0.5,0.0,True
0.5,0.7992196548412991,representational_loss,-0.5,0.5,1.0,0.5,0.0,True
0.5,0.48812365962949245,representational_loss,-0.5,0.5,1.0,0.5,0.0,True
0.5,0.5577525197458773,representational_loss,-0.5,0.5,1.0,0.5,0.0,True
0.5,-0.6607378978230116,representational_loss,-0.5,0.5,1.0,0.5,0.0,True
0.5,0.47164107896492813,representational_loss,-0.5,0.5,1.0,0.5,0.0,True
0.5,-0.30950064143013334,representational_loss,-0.5,0.5,1.0,0.5,0.0,True
0.5,0.006150742417380561,representational_loss,-0.5,0.5,1.0,0.5,0.0,True
0.5,-0.4043130656082028,representational_loss,-0.5,0.5,1.0,0.5,0.0,True
0.5,-0.9888145923654321,representational_loss,-0.5,0.5,1.0,0.5,0.0,True
0.5,0.5865227529641686,representational_loss,-0.5,0.5,1.0,0.5,0.0,True
0.5,0.9014214844330504,representational_loss,-0.5,0.5,1.0,0.5,0.0,True
0.5,-0.9072770127610534,representational_loss,-0.5,0.5,1.0,0.5,0.0,True
0.5,-0.22743319749475832,representational_loss,-0.5,0.5,1.0,0.5,0.0,True
0.5,0.04912431712130805,representational_loss,-0.5,0.5,1.0,0.5,0.0,True
0.5,0.8282574348692169,representational_loss,-0.5,0.5,1.0,0.5,0.0,True
0.5,-0.00839759326178946,representational_loss,-0.5,0.5,1.0,0.5,0.0,True
0.5,-0.4534342640622766,representational_loss,-0.5,0.5,1.0,0.5,0.0,True
0.5,0.15866354285373863,representational_loss,-0.5,0.5,1.0,0.5,0.0,True
0.5,0.8471249917027401,representational_loss,-0.5,0.5,1.0,0.5,0.0,True
0.5,0.4341712990684854,representational_loss,-0.5,0.5,1.0,0.5,0.0,True
0.5,-0.5579245254168461,representational_loss,-0.5,0.5,1.0,0.5,0.0,True
0.5,0.8874979969348114,representational_loss,-0.5,0.5,1.0,0.5,0.0,True
0.5,0.45878462494768923,representational_loss,-0.5,0.5,1.0,0.5,0.0,True
0.5,-0.22918533573857847,representational_loss,-0.5,0.5,1.0,0.5,0.0,True
0.5,0.7060350861125313,representational_loss,-0.5,0.5,1.0,0.5,0.0,True
0.5,0.013691044061096669,representational_loss,-0.5,0.5,1.0,0.5,0.0,True
0.5,-0.6679307363934819,representational_loss,-0.5,0.5,1.0,0.5,0.0,True
0.5,0.47627692737809557,representational_loss,-0.5,0.5,1.0,0.5,0.0,True
0.5,-0.8132460696686934,representational_loss,-0.5,0.5,1.0,0.5,0.0,True
0.5,-0.4630246056374723,representational_loss,-0.5,0.5,1.0,0.5,0.0,True
0.5,0.13159075331795367,representational_loss,-0.5,0.5,1.0,0.5,0.0,True
0.5,0.628041926397312,representational_loss,-0.5,0.5,1.0,0.5,0.0,True
0.5,0.3175909861569175,representational_loss,-0.5,0.5,1.0,0.5,0.0,True
0.5,-0.6452120471825318,representational_loss,-0.5,0.5,1.0,0.5,0.0,True
0.5,0.7997939791519331,representational_loss,-0.5,0.5,1.0,0.5,0.0,True
0.5,-0.399954880488093,representational_loss,-0.5,0.5,1.0,0.5,0.0,True
0.5,-0.6150584205536416,representational_loss,-0.5,0.5,1.0,0.5,0.0,True
0.5,0.7551450057242699,representational_loss,-0.5,0.5,1.0,0.5,0.0,True
0.5,0.34391080908622573,representational_loss,-0.5,0.5,1.0,0.5,0.0,True
0.5,-0.07539281140034193,representational_loss,-0.5,0.5,1.0,0.5,0.0,True
0.5,0.3337412174692349,representational_loss,-0.5,0.5,1.0,0.5,0.0,True
0.5,-0.11317642222437074,representational_loss,-0.5,0.5,1.0,0.5,0.0,True
0.5,-0.17109794556340163,representational_loss,-0.5,0.5,1.0,0.5,0.0,True
0.5,0.5085950572324311,representational_loss,-0.5,0.5,1.0,0.5,0.0,True
0.5,-0.861384204995375,representational_loss,-0.5,0.5,1.0,0.5,0.0,True
0.5,0.3811822324470917,representational_loss,-0.5,0.5,1.0,0.5,0.0,True
0.5,-0.905392452819151,representational_loss,-0.5,0.5,1.0,0.5,0.0,True
0.5,0.8898059822179134,representational_loss,-0.5,0.5,1.0,0.5,0.0,True
0.5,-0.5763859333395975,representational_loss,-0.5,0.5,1.0,0.5,0.0,True
0.5,-0.964407319465105,representational_loss,-0.5,0.5,1.0,0.5,0.0,True
0.5,0.26058124299304897,representational_loss,-0.5,0.5,1.0,0.5,0.0,True
0.5,-0.64549181166322,representational_loss,-0.5,0.5,1.0,0.5,0.0,True
0.5,-0.2977129604360824,representational_loss,-0.5,0.5,1.0,0.5,0.0,True
0.5,0.6066154207899217,representational_loss,-0.5,0.5,1.0,0.5,0.0,True
0.5,0.9409205436385051,representational_loss,-0.5,0.5,1.0,0.5,0.0,True
0.5,0.6764918378562408,representational_loss,-0.5,0.5,1.0,0.5,0.0,True
0.5,-0.4894497934337676,representational_loss,-0.5,0.5,1.0,0.5,0.0,True
0.5,-0.218689766073624,representational_loss,-0.5,0.5,1.0,0.5,0.0,True
0.5,0.9103464518063316,representational_loss,-0.5,0.5,1.0,0.5,0.0,True
0.5,0.7634253391195944,representational_loss,-0.5,0.5,1.0,0.5,0.0,True
0.5,-0.6469552796028921,representational_loss,-0.5,0.5,1.0,0.5,0.0,True
0.5,0.3471389638919997,representational_loss,-0.5,0.5,1.0,0.5,0.0,True
0.5,-0.1905422132180956,representational_loss,-0.5,0.5,1.0,0.5,0.0,True
0.5,0.9280162454270979,representational_loss,-0.5,0.5,1.0,0.5,0.0,True
0.5,0.21049316865814816,representational_loss,-0.5,0.5,1.0,0.5,0.0,True
0.5,0.588180909994884,representational_loss,-0.5,0.5,1.0,0.5,0.0,True
0.5,0.8884597191285108,representational_loss,-0.5,0.5,1.0,0.5,0.0,True
0.5,-0.7217947798934423,representational_loss,-0.5,0.5,1.0,0.5,0.0,True
0.5,0.3866736219255136,representational_loss,-0.5,0.5,1.0,0.5,0.0,True
0.5,-0.8417916323476329,representational_loss,-0.5,0.5,1.0,0.5,0.0,True
0.5,0.04359429669335335,representational_loss,-0.5,0.5,1.0,0.5,0.0,True
0.5,0.6804354125476306,representational_loss,-0.5,0.5,1.0,0.5,0.0,True
0.5,-0.7769751930153768,representational_loss,-0.5,0.5,1.0,0.5,0.0,True
0.5,0.09688425474414486,representational_loss,-0.5,0.5,1.0,0.5,0.0,True
0.5,0.4429915850273789,representational_loss,-0.5,0.5,1.0,0.5,0.0,True
0.5,0.22557220497124408,representational_loss,-0.5,0.5,1.0,0.5,0.0,True
0.5,-0.8755892952698585,representational_loss,-0.5,0.5,1.0,0.5,0.0,True
0.5,0.23036258171248747,representational_loss,-0.5,0.5,1.0,0.5,0.0,True
0.5,0.366564605909824,representational_loss,-0.5,0.5,1.0,0.5,0.0,True
0.5,0.6575705868014277,representational_loss,-0.5,0.5,1.0,0.5,0.0,True
0.5,-0.25114894519639175,representational_loss,-0.5,0.5,1.0,0.5,0.0,True
0.5,0.44486449900321423,representational_loss,-0.5,0.5,1.0,0.5,0.0,True
0.5,0.3562118114481079,representational_loss,-0.5,0.5,1.0,0.5,0.0,True
0.5,-0.7738593471613402,representational_loss,-0.5,0.5,1.0,0.5,0.0,True
0.5,-0.23774158185681382,representational_loss,-0.5,0.5,1.0,0.5,0.0,True
0.5,-0.6244029760163261,representational_loss,-0.5,0.5,1.0,0.5,0.0,True
0.5,0.12817241266453872,representational_loss,-0.5,0.5,1.0,0.5,0.0,True
0.5,0.63694827377485,representational_loss,-0.5,0.5,1.0,0.5,0.0,True
0.5,0.850989642710668,representational_loss,-0.5,0.5,1.0,0.5,0.0,True
0.5,-0.42520433839566185,representational_loss,-0.5,0.5,1.0,0.5,0.0,True
0.5,0.42059323090714007,representational_loss,-0.5,0.5,1.0,0.5,0.0,True
0.5,-0.7704036097936089,representational_loss,-0.5,0.5,1.0,0.5,0.0,True
0.5,0.08334815590326605,representational_loss,-0.5,0.5,1.0,0.5,0.0,True
0.5,-0.7997120578711134,representational_loss,-0.5,0.5,1.0,0.5,0.0,True
0.5,0.852233204579931,representational_loss,-0.5,0.5,1.0,0.5,0.0,True
0.5,-0.08098571903154661,representational_loss,-0.5,0.5,1.0,0.5,0.0,True
0.5,0.0313234654596255,representational_loss,-0.5,0.5,1.0,0.5,0.0,True
0.5,-0.7673848403253414,representational_loss,-0.5,0.5,1.0,0.5,0.0,True
0.5,0.8095800026625144,representational_loss,-0.5,0.5,1.0,0.5,0.0,True
0.5,0.8924407449849374,representational_loss,-0.5,0.5,1.0,0.5,0.0,True
0.5,0.41731625073671164,representational_loss,-0.5,0.5,1.0,0.5,0.0,True
0.5,0.9671058225924811,representational_loss,-0.5,0.5,1.0,0.5,0.0,True
0.5,0.49924912547425393,representational_loss,-0.5,0.5,1.0,0.5,0.0,True
0.5,-0.4081600594637209,representational_loss,-0.5,0.5,1.0,0.5,0.0,True
0.5,0.12733306640424824,representational_loss,-0.5,0.5,1.0,0.5,0.0,True
0.5,-0.6994847909970212,representational_loss,-0.5,0.5,1.0,0.5,0.0,True
0.5,0.7453874988261173,representational_loss,-0.5,0.5,1.0,0.5,0.0,True
0.5,-0.39934225455299255,representational_loss,-0.5,0.5,1.0,0.5,0.0,True
0.5,-0.37106524114965,representational_loss,-0.5,0.5,1.0,0.5,0.0,True
0.5,-0.3571446153375304,representational_loss,-0.5,0.5,1.0,0.5,0.0,True
0.5,-0.4875327977896633,representational_loss,-0.5,0.5,1.0,0.5,0.0,True
0.5,-0.32273704677186443,representational_loss,-0.5,0.5,1.0,0.5,0.0,True
0.5,-0.7362649934033727,representational_loss,-0.5,0.5,1.0,0.5,0.0,True
0.5,-0.9412894956554045,representational_loss,-0.5,0.5,1.0,0.5,0.0,True
0.5,0.949399966465097,representational_loss,-0.5,0.5,1.0,0.5,0.0,True
0.5,-0.2733239512178338,representational_loss,-0.5,0.5,1.0,0.5,0.0,True
0.5,0.9832286287329699,representational_loss,-0.5,0.5,1.0,0.5,0.0,True
0.5,0.3754439151517126,representational_loss,-0.5,0.5,1.0,0.5,0.0,True
0.5,0.6312802355192311,representational_loss,-0.5,0.5,1.0,0.5,0.0,True
0.5,-0.7603765281526325,representational_loss,-0.5,0.5,1.0,0.5,0.0,True
0.5,-0.05535833868556783,representational_loss,-0.5,0.5,1.0,0.5,0.0,True
0.5,-0.6925309283603391,representational_loss,-0.5,0.5,1.0,0.5,0.0,True
0.5,-0.17411408655593763,representational_loss,-0.5,0.5,1.0,0.5,0.0,True
0.5,-0.7958049962626723,representational_loss,-0.5,0.5,1.0,0.5,0.0,True
0.5,0.04765784277307872,representational_loss,-0.5,0.5,1.0,0.5,0.0,True
0.5,0.6191924548505301,representational_loss,-0.5,0.5,1.0,0.5,0.0,True
0.5,0.7977561645815587,representational_loss,-0.5,0.5,1.0,0.5,0.0,True
0.5,0.7928248796583686,representational_loss,-0.5,0.5,1.0,0.5,0.0,True
0.5,0.6112099965971571,representational_loss,-0.5,0.5,1.0,0.5,0.0,True
0.5,0.38201691095848567,representational_loss,-0.5,0.5,1.0,0.5,0.0,True
0.5,-0.35291483651274436,representational_loss,-0.5,0.5,1.0,0.5,0.0,True
0.5,-0.7636674087551842,representational_loss,-0.5,0.5,1.0,0.5,0.0,True
0.5,0.2052439862300759,representational_loss,-0.5,0.5,1.0,0.5,0.0,True
0.5,-0.6789095345535539,representational_loss,-0.5,0.5,1.0,0.5,0.0,True
0.5,0.3760127744590034,representational_loss,-0.5,0.5,1.0,0.5,0.0,True
0.5,-0.929645204974815,representational_loss,-0.5,0.5,1.0,0.5,0.0,True
0.5,0.9764288325282982,representational_loss,-0.5,0.5,1.0,0.5,0.0,True
0.5,0.4630115882449697,representational_loss,-0.5,0.5,1.0,0.5,0.0,True
0.5,-0.6449326440940126,representational_loss,-0.5,0.5,1.0,0.5,0.0,True
0.5,-0.6625333869505821,representational_loss,-0.5,0.5,1.0,0.5,0.0,True
0.5,-0.9561146194240329,representational_loss,-0.5,0.5,1.0,0.5,0.0,True
0.5,-0.8786167140913206,representational_loss,-0.5,0.5,1.0,0.5,0.0,True
0.5,0.26025557277455635,representational_loss,-0.5,0.5,1.0,0.5,0.0,True
0.5,0.8875272581262805,representational_loss,-0.5,0.5,1.0,0.5,0.0,True
0.5,0.8357910311198082,representational_loss,-0.5,0.5,1.0,0.5,0.0,True
0.5,0.8716453143174834,representational_loss,-0.5,0.5,1.0,0.5,0.0,True
0.5,-0.9421740852283209,representational_loss,-0.5,0.5,1.0,0.5,0.0,True
0.5,0.4992893000910221,representational_loss,-0.5,0.5,1.0,0.5,0.0,True
0.5,0.056483498876022775,representational_loss,-0.5,0.5,1.0,0.5,0.0,True
0.5,-0.5542594545316981,representational_loss,-0.5,0.5,1.0,0.5,0.0,True
0.5,0.4527163386220667,representational_loss,-0.5,0.5,1.0,0.5,0.0,True
0.5,-0.09124005371828181,representational_loss,-0.5,0.5,1.0,0.5,0.0,True
0.5,-0.9723280882765233,representational_loss,-0.5,0.5,1.0,0.5,0.0,True
0.5,-0.9595965600016509,representational_loss,-0.5,0.5,1.0,0.5,0.0,True
0.5,0.6811286228637581,representational_loss,-0.5,0.5,1.0,0.5,0.0,True
0.5,-0.6305426582080407,representational_loss,-0.5,0.5,1.0,0.5,0.0,True
0.5,0.27751928673165605,representational_loss,-0.5,0.5,1.0,0.5,0.0,True
0.5,-0.43799329170498935,representational_loss,-0.5,0.5,1.0,0.5,0.0,True
0.5,0.7407965863974528,representational_loss,-0.5,0.5,1.0,0.5,0.0,True
0.5,-0.5050683075077049,representational_loss,-0.5,0.5,1.0,0.5,0.0,True
0.5,0.17518316972415682,representational_loss,-0.5,0.5,1.0,0.5,0.0,True
0.5,0.15634082984207964,representational_loss,-0.5,0.5,1.0,0.5,0.0,True
0.5,-0.3313452221469564,representational_loss,-0.5,0.5,1.0,0.5,0.0,True
0.5,-0.060836377829430965,representational_loss,-0.5,0.5,1.0,0.5,0.0,True
0.5,0.6149836815194409,representational_loss,-0.5,0.5,1.0,0.5,0.0,True
0.5,-0.3799394874654398,representational_loss,-0.5,0.5,1.0,0.5,0.0,True
0.5,-0.5998178362496549,representational_loss,-0.5,0.5,1.0,0.5,0.0,True
0.5,-0.05388956507324738,representational_loss,-0.5,0.5,1.0,0.5,0.0,True
0.5,-0.4296790841221696,representational_loss,-0.5,0.5,1.0,0.5,0.0,True
0.5,0.8689320215151528,representational_loss,-0.5,0.5,1.0,0.5,0.0,True
0.5,0.4015159674383897,representational_loss,-0.5,0.5,1.0,0.5,0.0,True
0.5,0.47968333099846316,representational_loss,-0.5,0.5,1.0,0.5,0.0,True
0.5,-0.9584047822053783,representational_loss,-0.5,0.5,1.0,0.5,0.0,True
0.5,-0.9252374598718902,representational_loss,-0.5,0.5,1.0,0.5,0.0,True
0.5,-0.989298996773726,representational_loss,-0.5,0.5,1.0,0.5,0.0,True
0.5,0.6023595526594803,representational_loss,-0.5,0.5,1.0,0.5,0.0,True
0.5,0.50112674891195,representational_loss,-0.5,0.5,1.0,0.5,0.0,True
0.5,-0.34301449230510705,representational_loss,-0.5,0.5,1.0,0.5,0.0,True
0.5,-0.9678456411950984,representational_loss,-0.5,0.5,1.0,0.5,0.0,True
0.5,0.013842838957736303,representational_loss,-0.5,0.5,1.0,0.5,0.0,True
0.5,-0.5756454273521052,representational_loss,-0.5,0.5,1.0,0.5,0.0,True
0.5,-0.36061337417963935,representational_loss,-0.5,0.5,1.0,0.5,0.0,True
0.5,-0.5041963236166997,representational_loss,-0.5,0.5,1.0,0.5,0.0,True
0.5,0.48285046000332743,representational_loss,-0.5,0.5,1.0,0.5,0.0,True
0.5,0.7464557795245894,representational_loss,-0.5,0.5,1.0,0.5,0.0,True
0.5,0.30620170540079217,representational_loss,-0.5,0.5,1.0,0.5,0.0,True
0.5,0.3039364571559997,representational_loss,-0.5,0.5,1.0,0.5,0.0,True
0.5,0.09259095037883447,representational_loss,-0.5,0.5,1.0,0.5,0.0,True
0.5,0.23558652599215324,representational_loss,-0.5,0.5,1.0,0.5,0.0,True
0.5,-0.862069360652139,representational_loss,-0.5,0.5,1.0,0.5,0.0,True
0.5,0.3707328221673134,representational_loss,-0.5,0.5,1.0,0.5,0.0,True
0.5,-0.791727534157705,representational_loss,-0.5,0.5,1.0,0.5,0.0,True
0.5,-0.13735888748983616,representational_loss,-0.5,0.5,1.0,0.5,0.0,True
0.5,0.15485034001520592,representational_loss,-0.5,0.5,1.0,0.5,0.0,True
0.5,0.5012253339975778,representational_loss,-0.5,0.5,1.0,0.5,0.0,True
0.5,0.7739052260105901,representational_loss,-0.5,0.5,1.0,0.5,0.0,True
0.5,0.46236524230627474,representational_loss,-0.5,0.5,1.0,0.5,0.0,True
0.5,0.6155228312052421,representational_loss,-0.5,0.5,1.0,0.5,0.0,True
0.5,0.1484836835988692,representational_loss,-0.5,0.5,1.0,0.5,0.0,True
0.5,-0.7791859424571712,representational_loss,-0.5,0.5,1.0,0.5,0.0,True
0.5,0.9779579986164688,representational_loss,-0.5,0.5,1.0,0.5,0.0,True
0.5,-0.9055581133516195,representational_loss,-0.5,0.5,1.0,0.5,0.0,True
0.5,-0.34501955726892186,representational_loss,-0.5,0.5,1.0,0.5,0.0,True
0.5,0.33429119879228564,representational_loss,-0.5,0.5,1.0,0.5,0.0,True
0.5,0.1822361587399839,representational_loss,-0.5,0.5,1.0,0.5,0.0,True
0.5,0.38814373102906474,representational_loss,-0.5,0.5,1.0,0.5,0.0,True
0.5,-0.04383334144119866,representational_loss,-0.5,0.5,1.0,0.5,0.0,True
0.5,0.4489084697508863,representational_loss,-0.5,0.5,1.0,0.5,0.0,True
0.5,0.20867536968170053,representational_loss,-0.5,0.5,1.0,0.5,0.0,True
0.5,0.9570180071418772,representational_loss,-0.5,0.5,1.0,0.5,0.0,True
0.5,-0.6593357511484534,representational_loss,-0.5,0.5,1.0,0.5,0.0,True
0.5,-0.4882448635448178,representational_loss,-0.5,0.5,1.0,0.5,0.0,True
0.5,-0.9376303373764001,representational_loss,-0.5,0.5,1.0,0.5,0.0,True
0.5,-0.12881517729272995,representational_loss,-0.5,0.5,1.0,0.5,0.0,True
0.5,-0.6510700574819994,representational_loss,-0.5,0.5,1.0,0.5,0.0,True
0.5,-0.10251441744672807,representational_loss,-0.5,0.5,1.0,0.5,0.0,True
0.5,0.959825575249114,representational_loss,-0.5,0.5,1.0,0.5,0.0,True
0.5,0.07418140961152409,representational_loss,-0.5,0.5,1.0,0.5,0.0,True
0.5,0.5291365758836162,representational_loss,-0.5,0.5,1.0,0.5,0.0,True
0.5,0.961965348254235,representational_loss,-0.5,0.5,1.0,0.5,0.0,True
0.5,0.9373125880619537,representational_loss,-0.5,0.5,1.0,0.5,0.0,True
0.5,0.9329693660055711,representational_loss,-0.5,0.5,1.0,0.5,0.0,True
0.5,-0.3604623549487125,representational_loss,-0.5,0.5,1.0,0.5,0.0,True
0.5,0.4553969551137096,representational_loss,-0.5,0.5,1.0,0.5,0.0,True
0.5,0.4023614249712628,representational_loss,-0.5,0.5,1.0,0.5,0.0,True
0.5,-0.6245530065190772,representational_loss,-0.5,0.5,1.0,0.5,0.0,True
0.5,-0.8830529746459226,representational_loss,-0.5,0.5,1.0,0.5,0.0,True
0.5,-0.94595268765798,representational_loss,-0.5,0.5,1.0,0.5,0.0,True
0.5,0.024679492901452216,representational_loss,-0.5,0.5,1.0,0.5,0.0,True
0.5,-0.088359890069025,representational_loss,-0.5,0.5,1.0,0.5,0.0,True
0.5,-0.7905920353695408,representational_loss,-0.5,0.5,1.0,0.5,0.0,True
0.5,0.023639382588547697,representational_loss,-0.5,0.5,1.0,0.5,0.0,True
0.5,0.982166459196181,representational_loss,-0.5,0.5,1.0,0.5,0.0,True
0.5,-0.1794978071694724,representational_loss,-0.5,0.5,1.0,0.5,0.0,True
0.5,0.05138513163268077,representational_loss,-0.5,0.5,1.0,0.5,0.0,True
0.5,0.21650207918539022,representational_loss,-0.5,0.5,1.0,0.5,0.0,True
0.5,0.1643578273965367,representational_loss,-0.5,0.5,1.0,0.5,0.0,True
0.5,-0.02975693595070772,representational_loss,-0.5,0.5,1.0,0.5,0.0,True
0.5,-0.5179147945713967,representational_loss,-0.5,0.5,1.0,0.5,0.0,True
0.5,-0.4659572306168702,representational_loss,-0.5,0.5,1.0,0.5,0.0,True
0.5,-0.8353093229547945,representational_loss,-0.5,0.5,1.0,0.5,0.0,True
0.5,-0.9904402568805826,representational_loss,-0.5,0.5,1.0,0.5,0.0,True
0.5,-0.7214013813439157,representational_loss,-0.5,0.5,1.0,0.5,0.0,True
0.5,0.7158877279811191,representational_loss,-0.5,0.5,1.0,0.5,0.0,True
0.5,-0.5825335143095172,representational_loss,-0.5,0.5,1.0,0.5,0.0,True
0.5,-0.9122989114063498,representational_loss,-0.5,0.5,1.0,0.5,0.0,True
0.5,0.7826675562158611,representational_loss,-0.5,0.5,1.0,0.5,0.0,True
0.5,-0.8799352982242197,representational_loss,-0.5,0.5,1.0,0.5,0.0,True
0.5,-0.4590472113813513,representational_loss,-0.5,0.5,1.0,0.5,0.0,True
0.5,-0.3935274643408879,representational_loss,-0.5,0.5,1.0,0.5,0.0,True
0.5,-0.3050644130638338,representational_loss,-0.5,0.5,1.0,0.5,0.0,True
0.5,0.9756345000384372,representational_loss,-0.5,0.5,1.0,0.5,0.0,True
0.5,-0.4841436773691148,representational_loss,-0.5,0.5,1.0,0.5,0.0,True
0.5,0.6109333377560109,representational_loss,-0.5,0.5,1.0,0.5,0.0,True
0.5,-0.36112120211154464,representational_loss,-0.5,0.5,1.0,0.5,0.0,True
0.5,-0.9195593529954582,representational_loss,-0.5,0.5,1.0,0.5,0.0,True
0.5,-0.033591703755498026,representational_loss,-0.5,0.5,1.0,0.5,0.0,True
0.5,-0.7134608131887408,representational_loss,-0.5,0.5,1.0,0.5,0.0,True
0.5,0.5045738714096033,representational_loss,-0.5,0.5,1.0,0.5,0.0,True
0.5,-0.013195024974247183,representational_loss,-0.5,0.5,1.0,0.5,0.0,True
0.5,0.7467292662982177,representational_loss,-0.5,0.5,1.0,0.5,0.0,True
0.5,-0.9938471002681235,representational_loss,-0.5,0.5,1.0,0.5,0.0,True
0.5,-0.4537991983560139,representational_loss,-0.5,0.5,1.0,0.5,0.0,True
0.5,-0.20361823692398828,representational_loss,-0.5,0.5,1.0,0.5,0.0,True
0.5,0.6174436848319538,representational_loss,-0.5,0.5,1.0,0.5,0.0,True
0.5,0.6535812108539447,representational_loss,-0.5,0.5,1.0,0.5,0.0,True
0.5,0.7134506408033354,representational_loss,-0.5,0.5,1.0,0.5,0.0,True
0.5,0.6001290967526867,representational_loss,-0.5,0.5,1.0,0.5,0.0,True
0.5,-0.49025711800940064,representational_loss,-0.5,0.5,1.0,0.5,0.0,True
0.5,0.7559692744334419,representational_loss,-0.5,0.5,1.0,0.5,0.0,True
0.5,-0.8647693131039396,representational_loss,-0.5,0.5,1.0,0.5,0.0,True
0.5,-0.8782127225733025,representational_loss,-0.5,0.5,1.0,0.5,0.0,True
0.5,-0.74220958377971,representational_loss,-0.5,0.5,1.0,0.5,0.0,True
0.5,0.5546801620039938,representational_loss,-0.5,0.5,1.0,0.5,0.0,True
0.5,-0.13226387804147488,representational_loss,-0.5,0.5,1.0,0.5,0.0,True
0.5,-0.054637333139272215,representational_loss,-0.5,0.5,1.0,0.5,0.0,True
0.5,-0.8471425585027148,representational_loss,-0.5,0.5,1.0,0.5,0.0,True
0.5,-0.41417475019221817,representational_loss,-0.5,0.5,1.0,0.5,0.0,True
0.5,-0.8159955098194414,representational_loss,-0.5,0.5,1.0,0.5,0.0,True
0.5,-0.25532141547635634,representational_loss,-0.5,0.5,1.0,0.5,0.0,True
0.5,-0.9314839282301115,representational_loss,-0.5,0.5,1.0,0.5,0.0,True
0.5,0.5803536740897037,representational_loss,-0.5,0.5,1.0,0.5,0.0,True
0.5,0.16057808325633105,representational_loss,-0.5,0.5,1.0,0.5,0.0,True
0.5,0.8085196289216001,representational_loss,-0.5,0.5,1.0,0.5,0.0,True
0.5,-0.5195919303586216,representational_loss,-0.5,0.5,1.0,0.5,0.0,True
0.5,0.614769128149063,representational_loss,-0.5,0.5,1.0,0.5,0.0,True
0.5,0.3467240960619664,representational_loss,-0.5,0.5,1.0,0.5,0.0,True
0.5,-0.8738694721656846,representational_loss,-0.5,0.5,1.0,0.5,0.0,True
0.5,-0.8768980984371233,representational_loss,-0.5,0.5,1.0,0.5,0.0,True
0.5,-0.9426190194911324,representational_loss,-0.5,0.5,1.0,0.5,0.0,True
0.5,-0.11762990382534722,representational_loss,-0.5,0.5,1.0,0.5,0.0,True
0.5,0.03590730176805246,representational_loss,-0.5,0.5,1.0,0.5,0.0,True
0.5,0.5292639486415975,representational_loss,-0.5,0.5,1.0,0.5,0.0,True
0.5,-0.03456627661583922,representational_loss,-0.5,0.5,1.0,0.5,0.0,True
0.5,0.33123964606971623,representational_loss,-0.5,0.5,1.0,0.5,0.0,True
0.5,0.9462100436622727,representational_loss,-0.5,0.5,1.0,0.5,0.0,True
0.5,-0.883919432009695,representational_loss,-0.5,0.5,1.0,0.5,0.0,True
0.5,0.206602639749909,representational_loss,-0.5,0.5,1.0,0.5,0.0,True
0.5,0.7004356166108925,representational_loss,-0.5,0.5,1.0,0.5,0.0,True
0.5,0.2987045559516097,representational_loss,-0.5,0.5,1.0,0.5,0.0,True
0.5,0.8723432550569736,representational_loss,-0.5,0.5,1.0,0.5,0.0,True
0.5,0.04872954790486239,representational_loss,-0.5,0.5,1.0,0.5,0.0,True
0.5,-0.4183664237889042,representational_loss,-0.5,0.5,1.0,0.5,0.0,True
0.5,-0.04330574634974571,representational_loss,-0.5,0.5,1.0,0.5,0.0,True
0.5,0.2277508176649099,representational_loss,-0.5,0.5,1.0,0.5,0.0,True
0.5,0.20316868026963708,representational_loss,-0.5,0.5,1.0,0.5,0.0,True
0.5,-0.5370325830982052,representational_loss,-0.5,0.5,1.0,0.5,0.0,True
0.5,0.7809305990709567,representational_loss,-0.5,0.5,1.0,0.5,0.0,True
0.5,0.586432210198709,representational_loss,-0.5,0.5,1.0,0.5,0.0,True
0.5,-0.5250904950416022,representational_loss,-0.5,0.5,1.0,0.5,0.0,True
0.5,-0.4953333563000242,representational_loss,-0.5,0.5,1.0,0.5,0.0,True
0.5,0.6286607263860395,representational_loss,-0.5,0.5,1.0,0.5,0.0,True
0.5,-0.4262885984918767,representational_loss,-0.5,0.5,1.0,0.5,0.0,True
0.5,-0.9630091196168555,representational_loss,-0.5,0.5,1.0,0.5,0.0,True
0.5,-0.3472563717483239,representational_loss,-0.5,0.5,1.0,0.5,0.0,True
0.5,-0.12097876525694007,representational_loss,-0.5,0.5,1.0,0.5,0.0,True
0.5,-0.3797544670221964,representational_loss,-0.5,0.5,1.0,0.5,0.0,True
0.5,-0.8092690605049111,representational_loss,-0.5,0.5,1.0,0.5,0.0,True
0.5,-0.514989824020978,representational_loss,-0.5,0.5,1.0,0.5,0.0,True
0.5,0.03563477429771034,representational_loss,-0.5,0.5,1.0,0.5,0.0,True
0.5,0.06790706752885267,representational_loss,-0.5,0.5,1.0,0.5,0.0,True
0.5,0.11399133373762682,representational_loss,-0.5,0.5,1.0,0.5,0.0,True
0.5,0.9034141116908814,representational_loss,-0.5,0.5,1.0,0.5,0.0,True
0.5,0.03693266424853525,representational_loss,-0.5,0.5,1.0,0.5,0.0,True
0.5,0.8023900279333802,representational_loss,-0.5,0.5,1.0,0.5,0.0,True
0.5,0.30332077058887075,representational_loss,-0.5,0.5,1.0,0.5,0.0,True
0.5,-0.65565811811642,representational_loss,-0.5,0.5,1.0,0.5,0.0,True
0.5,0.44551241129406716,representational_loss,-0.5,0.5,1.0,0.5,0.0,True
0.5,0.18630459900989127,representational_loss,-0.5,0.5,1.0,0.5,0.0,True
0.5,0.8545851709413168,representational_loss,-0.5,0.5,1.0,0.5,0.0,True
0.5,0.8704090045858732,representational_loss,-0.5,0.5,1.0,0.5,0.0,True
0.5,0.8842770298225675,representational_loss,-0.5,0.5,1.0,0.5,0.0,True
0.5,-0.37084973350439254,representational_loss,-0.5,0.5,1.0,0.5,0.0,True
0.5,0.301070576940242,representational_loss,-0.5,0.5,1.0,0.5,0.0,True
0.5,0.3768921766266313,representational_loss,-0.5,0.5,1.0,0.5,0.0,True
0.5,0.6600142485340506,representational_loss,-0.5,0.5,1.0,0.5,0.0,True
0.5,0.6612689553188362,representational_loss,-0.5,0.5,1.0,0.5,0.0,True
0.5,-0.8293240255494574,representational_loss,-0.5,0.5,1.0,0.5,0.0,True
0.5,0.2449057967075028,representational_loss,-0.5,0.5,1.0,0.5,0.0,True
0.5,-0.7745749305068252,representational_loss,-0.5,0.5,1.0,0.5,0.0,True
0.5,-0.4619195149725499,representational_loss,-0.5,0.5,1.0,0.5,0.0,True
0.5,0.6565658815214626,representational_loss,-0.5,0.5,1.0,0.5,0.0,True
0.5,-0.8430084594333682,representational_loss,-0.5,0.5,1.0,0.5,0.0,True
0.5,-0.3351958301963558,representational_loss,-0.5,0.5,1.0,0.5,0.0,True
0.5,0.32887026483899384,representational_loss,-0.5,0.5,1.0,0.5,0.0,True
0.5,-0.830543583804974,representational_loss,-0.5,0.5,1.0,0.5,0.0,True
0.5,-0.6302570442964723,representational_loss,-0.5,0.5,1.0,0.5,0.0,True
0.5,0.7784696488506186,representational_loss,-0.5,0.5,1.0,0.5,0.0,True
0.5,-0.4279548184801911,representational_loss,-0.5,0.5,1.0,0.5,0.0,True
0.5,0.9120793438807098,representational_loss,-0.5,0.5,1.0,0.5,0.0,True
0.5,-0.07583080840905687,representational_loss,-0.5,0.5,1.0,0.5,0.0,True
0.5,-0.6550116994131285,representational_loss,-0.5,0.5,1.0,0.5,0.0,True
0.5,-0.13219114935368648,representational_loss,-0.5,0.5,1.0,0.5,0.0,True
0.5,-0.8972825827465538,representational_loss,-0.5,0.5,1.0,0.5,0.0,True
0.5,-0.2896797115832579,representational_loss,-0.5,0.5,1.0,0.5,0.0,True
0.5,0.4099059260200266,representational_loss,-0.5,0.5,1.0,0.5,0.0,True
0.5,-0.17836041025844174,representational_loss,-0.5,0.5,1.0,0.5,0.0,True
0.5,0.25612427607838995,representational_loss,-0.5,0.5,1.0,0.5,0.0,True
0.5,-0.4121547920740345,representational_loss,-0.5,0.5,1.0,0.5,0.0,True
0.5,0.6969316347102041,representational_loss,-0.5,0.5,1.0,0.5,0.0,True
0.5,-0.6618327826471604,representational_loss,-0.5,0.5,1.0,0.5,0.0,True
0.5,-0.5935810306368945,representational_loss,-0.5,0.5,1.0,0.5,0.0,True
0.5,-0.107613280944308,representational_loss,-0.5,0.5,1.0,0.5,0.0,True
0.5,-0.3709318872037015,representational_loss,-0.5,0.5,1.0,0.5,0.0,True
0.5,-0.4162961281524351,representational_loss,-0.5,0.5,1.0,0.5,0.0,True
0.5,0.7819777882107342,representational_loss,-0.5,0.5,1.0,0.5,0.0,True
0.5,0.7553200969203957,representational_loss,-0.5,0.5,1.0,0.5,0.0,True
0.5,0.08323407740455457,representational_loss,-0.5,0.5,1.0,0.5,0.0,True
0.5,0.6064435820788143,representational_loss,-0.5,0.5,1.0,0.5,0.0,True
0.5,-0.48612357931526695,representational_loss,-0.5,0.5,1.0,0.5,0.0,True
0.5,0.284729981605103,representational_loss,-0.5,0.5,1.0,0.5,0.0,True
0.5,0.3058778108174631,representational_loss,-0.5,0.5,1.0,0.5,0.0,True
0.5,0.8678178717640825,representational_loss,-0.5,0.5,1.0,0.5,0.0,True
0.5,-0.01848727101563763,representational_loss,-0.5,0.5,1.0,0.5,0.0,True
0.5,-0.2276537482813017,representational_loss,-0.5,0.5,1.0,0.5,0.0,True
0.5,-0.8052048965516636,representational_loss,-0.5,0.5,1.0,0.5,0.0,True
0.5,-0.3119805227243675,representational_loss,-0.5,0.5,1.0,0.5,0.0,True
0.5,0.5565122423765823,representational_loss,-0.5,0.5,1.0,0.5,0.0,True
0.5,-0.6923098378931098,representational_loss,-0.5,0.5,1.0,0.5,0.0,True
0.5,-0.046267127149039355,representational_loss,-0.5,0.5,1.0,0.5,0.0,True
0.5,0.9434739060646882,representational_loss,-0.5,0.5,1.0,0.5,0.0,True
0.5,-0.22580205066451797,representational_loss,-0.5,0.5,1.0,0.5,0.0,True
0.5,0.5631620328276021,representational_loss,-0.5,0.5,1.0,0.5,0.0,True
0.5,-0.39505446160689317,representational_loss,-0.5,0.5,1.0,0.5,0.0,True
0.5,-0.5552558292672138,representational_loss,-0.5,0.5,1.0,0.5,0.0,True
0.5,0.40620545282353104,representational_loss,-0.5,0.5,1.0,0.5,0.0,True
0.5,0.40441464633524693,representational_loss,-0.5,0.5,1.0,0.5,0.0,True
0.5,-0.5382343899971982,representational_loss,-0.5,0.5,1.0,0.5,0.0,True
0.5,-0.6115790685108822,representational_loss,-0.5,0.5,1.0,0.5,0.0,True
0.5,0.6776846008471311,representational_loss,-0.5,0.5,1.0,0.5,0.0,True
0.5,0.8182435444764,representational_loss,-0.5,0.5,1.0,0.5,0.0,True
0.5,-0.6435235607786318,representational_loss,-0.5,0.5,1.0,0.5,0.0,True
0.5,0.1627938536119744,representational_loss,-0.5,0.5,1.0,0.5,0.0,True
0.5,0.7961019877456432,representational_loss,-0.5,0.5,1.0,0.5,0.0,True
0.5,0.34613121665971436,representational_loss,-0.5,0.5,1.0,0.5,0.0,True
0.5,0.0477400764146827,representational_loss,-0.5,0.5,1.0,0.5,0.0,True
0.5,-0.3631160167695553,representational_loss,-0.5,0.5,1.0,0.5,0.0,True
0.5,-0.58863204247367,representational_loss,-0.5,0.5,1.0,0.5,0.0,True
0.5,-0.40008712849565065,representational_loss,-0.5,0.5,1.0,0.5,0.0,True
0.5,0.19559149824914335,representational_loss,-0.5,0.5,1.0,0.5,0.0,True
0.5,-0.9893605537964882,representational_loss,-0.5,0.5,1.0,0.5,0.0,True
0.5,-0.977908487846685,representational_loss,-0.5,0.5,1.0,0.5,0.0,True
0.5,0.9723573385014295,representational_loss,-0.5,0.5,1.0,0.5,0.0,True
0.5,0.1391384004195173,representational_loss,-0.5,0.5,1.0,0.5,0.0,True
0.5,-0.4887582780537536,representational_loss,-0.5,0.5,1.0,0.5,0.0,True
0.5,-0.6770123231190006,representational_loss,-0.5,0.5,1.0,0.5,0.0,True
0.5,-0.2865175537241236,representational_loss,-0.5,0.5,1.0,0.5,0.0,True
0.5,0.983998848406159,representational_loss,-0.5,0.5,1.0,0.5,0.0,True
0.5,-0.9351387260434085,representational_loss,-0.5,0.5,1.0,0.5,0.0,True
0.5,-0.16034104875501876,representational_loss,-0.5,0.5,1.0,0.5,0.0,True
0.5,-0.07216292192203322,representational_loss,-0.5,0.5,1.0,0.5,0.0,True
0.5,-0.7371418121535225,representational_loss,-0.5,0.5,1.0,0.5,0.0,True
0.75,0.31049579472307687,preserved,-0.75,0.75,1.5,0.75,1.5,False
0.75,-0.0544783025156117,preserved,-0.75,0.75,1.5,0.75,1.5,False
0.75,-0.12781138912279855,preserved,-0.75,0.75,1.5,0.75,1.5,False
0.75,0.5299350613134177,preserved,-0.75,0.75,1.5,0.75,1.5,False
0.75,0.38682739000250366,preserved,-0.75,0.75,1.5,0.75,1.5,False
0.75,-0.19045053559397296,preserved,-0.75,0.75,1.5,0.75,1.5,False
0.75,0.70823724353804,preserved,-0.75,0.75,1.5,0.75,1.5,False
0.75,0.8590777916043291,preserved,-0.75,0.75,1.5,0.75,1.5,False
0.75,-0.16224522718974566,preserved,-0.75,0.75,1.5,0.75,1.5,False
0.75,0.8311837747437014,preserved,-0.75,0.75,1.5,0.75,1.5,False
0.75,-0.8310538229127051,preserved,-0.75,0.75,1.5,0.75,1.5,False
0.75,0.6116406539533468,preserved,-0.75,0.75,1.5,0.75,1.5,False
0.75,-0.41945563763473737,preserved,-0.75,0.75,1.5,0.75,1.5,False
0.75,0.6204050729196233,preserved,-0.75,0.75,1.5,0.75,1.5,False
0.75,-0.7189943149675428,preserved,-0.75,0.75,1.5,0.75,1.5,False
0.75,-0.33178555171797397,preserved,-0.75,0.75,1.5,0.75,1.5,False
0.75,0.9051423788519595,preserved,-0.75,0.75,1.5,0.75,1.5,False
0.75,0.056915519521514746,preserved,-0.75,0.75,1.5,0.75,1.5,False
0.75,0.649876102332339,preserved,-0.75,0.75,1.5,0.75,1.5,False
0.75,-0.3622554796800377,preserved,-0.75,0.75,1.5,0.75,1.5,False
0.75,-0.02757930366150152,preserved,-0.75,0.75,1.5,0.75,1.5,False
0.75,0.9062959550759366,preserved,-0.75,0.75,1.5,0.75,1.5,False
0.75,0.08979263473561305,preserved,-0.75,0.75,1.5,0.75,1.5,False
0.75,0.5810436969343922,preserved,-0.75,0.75,1.5,0.75,1.5,False
0.75,0.33351277528201106,preserved,-0.75,0.75,1.5,0.75,1.5,False
0.75,0.50021045803603,preserved,-0.75,0.75,1.5,0.75,1.5,False
0.75,0.647829676283949,preserved,-0.75,0.75,1.5,0.75,1.5,False
0.75,0.2532301034366604,preserved,-0.75,0.75,1.5,0.75,1.5,False
0.75,-0.45731192417320954,preserved,-0.75,0.75,1.5,0.75,1.5,False
0.75,0.9656692799074889,preserved,-0.75,0.75,1.5,0.75,1.5,False
0.75,0.7956682782658702,preserved,-0.75,0.75,1.5,0.75,1.5,False
0.75,-0.870113418836362,preserved,-0.75,0.75,1.5,0.75,1.5,False
0.75,0.6471733576066463,preserved,-0.75,0.75,1.5,0.75,1.5,False
0.75,-0.12258281205750432,preserved,-0.75,0.75,1.5,0.75,1.5,False
0.75,-0.7924659681337014,preserved,-0.75,0.75,1.5,0.75,1.5,False
0.75,-0.9614538437044982,preserved,-0.75,0.75,1.5,0.75,1.5,False
0.75,0.31204629970955255,preserved,-0.75,0.75,1.5,0.75,1.5,False
0.75,-0.14035420870731552,preserved,-0.75,0.75,1.5,0.75,1.5,False
0.75,-0.03808592435085645,preserved,-0.75,0.75,1.5,0.75,1.5,False
0.75,-0.031001603913969555,preserved,-0.75,0.75,1.5,0.75,1.5,False
0.75,-0.8829243891653982,preserved,-0.75,0.75,1.5,0.75,1.5,False
0.75,0.28145074654754487,preserved,-0.75,0.75,1.5,0.75,1.5,False
0.75,0.17575530208529533,preserved,-0.75,0.75,1.5,0.75,1.5,False
0.75,0.5869151184415577,preserved,-0.75,0.75,1.5,0.75,1.5,False
0.75,-0.5263150616207499,preserved,-0.75,0.75,1.5,0.75,1.5,False
0.75,0.12658518870624014,preserved,-0.75,0.75,1.5,0.75,1.5,False
0.75,-0.05105663381821013,preserved,-0.75,0.75,1.5,0.75,1.5,False
0.75,-0.8536492355351997,preserved,-0.75,0.75,1.5,0.75,1.5,False
0.75,0.5910251531573292,preserved,-0.75,0.75,1.5,0.75,1.5,False
0.75,0.7152698353286933,preserved,-0.75,0.75,1.5,0.75,1.5,False
0.75,-0.15599102732261771,preserved,-0.75,0.75,1.5,0.75,1.5,False
0.75,-0.8452088463348866,preserved,-0.75,0.75,1.5,0.75,1.5,False
0.75,-0.214495034172401,preserved,-0.75,0.75,1.5,0.75,1.5,False
0.75,0.4127483393911855,preserved,-0.75,0.75,1.5,0.75,1.5,False
0.75,-0.4137604310991858,preserved,-0.75,0.75,1.5,0.75,1.5,False
0.75,0.04633768978265618,preserved,-0.75,0.75,1.5,0.75,1.5,False
0.75,-0.9049904282084853,preserved,-0.75,0.75,1.5,0.75,1.5,False
0.75,-0.9468006466011301,preserved,-0.75,0.75,1.5,0.75,1.5,False
0.75,0.2865572848647602,preserved,-0.75,0.75,1.5,0.75,1.5,False
0.75,-0.49246765247474134,preserved,-0.75,0.75,1.5,0.75,1.5,False
0.75,0.8039372838760315,preserved,-0.75,0.75,1.5,0.75,1.5,False
0.75,0.23854233913248857,preserved,-0.75,0.75,1.5,0.75,1.5,False
0.75,-0.22877562371946514,preserved,-0.75,0.75,1.5,0.75,1.5,False
0.75,-0.4592651872471767,preserved,-0.75,0.75,1.5,0.75,1.5,False
0.75,-0.7334459835031455,preserved,-0.75,0.75,1.5,0.75,1.5,False
0.75,0.7849792272104572,preserved,-0.75,0.75,1.5,0.75,1.5,False
0.75,0.9963682238696876,preserved,-0.75,0.75,1.5,0.75,1.5,False
0.75,0.5255374282782288,preserved,-0.75,0.75,1.5,0.75,1.5,False
0.75,0.6189325177054181,preserved,-0.75,0.75,1.5,0.75,1.5,False
0.75,0.2784174392851164,preserved,-0.75,0.75,1.5,0.75,1.5,False
0.75,-0.5449187503356108,preserved,-0.75,0.75,1.5,0.75,1.5,False
0.75,0.5821306509718223,preserved,-0.75,0.75,1.5,0.75,1.5,False
0.75,0.8169298964431191,preserved,-0.75,0.75,1.5,0.75,1.5,False
0.75,0.6344540015152722,preserved,-0.75,0.75,1.5,0.75,1.5,False
0.75,-0.0679971724109083,preserved,-0.75,0.75,1.5,0.75,1.5,False
0.75,0.4797205691252253,preserved,-0.75,0.75,1.5,0.75,1.5,False
0.75,0.7458717976560796,preserved,-0.75,0.75,1.5,0.75,1.5,False
0.75,0.8928117786822543,preserved,-0.75,0.75,1.5,0.75,1.5,False
0.75,-0.605839376454282,preserved,-0.75,0.75,1.5,0.75,1.5,False
0.75,0.35641051629417264,preserved,-0.75,0.75,1.5,0.75,1.5,False
0.75,-0.07828174675552124,preserved,-0.75,0.75,1.5,0.75,1.5,False
0.75,0.04802168304651522,preserved,-0.75,0.75,1.5,0.75,1.5,False
0.75,-0.08759571965009272,preserved,-0.75,0.75,1.5,0.75,1.5,False
0.75,-0.4592879410994537,preserved,-0.75,0.75,1.5,0.75,1.5,False
0.75,-0.4791975823807606,preserved,-0.75,0.75,1.5,0.75,1.5,False
0.75,-0.46088016473893445,preserved,-0.75,0.75,1.5,0.75,1.5,False
0.75,0.13025123921138504,preserved,-0.75,0.75,1.5,0.75,1.5,False
0.75,0.9357666605760042,preserved,-0.75,0.75,1.5,0.75,1.5,False
0.75,0.7992196548412991,preserved,-0.75,0.75,1.5,0.75,1.5,False
0.75,0.48812365962949245,preserved,-0.75,0.75,1.5,0.75,1.5,False
0.75,0.5577525197458773,preserved,-0.75,0.75,1.5,0.75,1.5,False
0.75,-0.6607378978230116,preserved,-0.75,0.75,1.5,0.75,1.5,False
0.75,0.47164107896492813,preserved,-0.75,0.75,1.5,0.75,1.5,False
0.75,-0.30950064143013334,preserved,-0.75,0.75,1.5,0.75,1.5,False
0.75,0.006150742417380561,preserved,-0.75,0.75,1.5,0.75,1.5,False
0.75,-0.4043130656082028,preserved,-0.75,0.75,1.5,0.75,1.5,False
0.75,-0.9888145923654321,preserved,-0.75,0.75,1.5,0.75,1.5,False
0.75,0.5865227529641686,preserved,-0.75,0.75,1.5,0.75,1.5,False
0.75,0.9014214844330504,preserved,-0.75,0.75,1.5,0.75,1.5,False
0.75,-0.9072770127610534,preserved,-0.75,0.75,1.5,0.75,1.5,False
0.75,-0.22743319749475832,preserved,-0.75,0.75,1.5,0.75,1.5,False
0.75,0.04912431712130805,preserved,-0.75,0.75,1.5,0.75,1.5,False
0.75,0.8282574348692169,preserved,-0.75,0.75,1.5,0.75,1.5,False
0.75,-0.00839759326178946,preserved,-0.75,0.75,1.5,0.75,1.5,False
0.75,-0.4534342640622766,preserved,-0.75,0.75,1.5,0.75,1.5,False
0.75,0.15866354285373863,preserved,-0.75,0.75,1.5,0.75,1.5,False
0.75,0.8471249917027401,preserved,-0.75,0.75,1.5,0.75,1.5,False
0.75,0.4341712990684854,preserved,-0.75,0.75,1.5,0.75,1.5,False
0.75,-0.5579245254168461,preserved,-0.75,0.75,1.5,0.75,1.5,False
0.75,0.8874979969348114,preserved,-0.75,0.75,1.5,0.75,1.5,False
0.75,0.45878462494768923,preserved,-0.75,0.75,1.5,0.75,1.5,False
0.75,-0.22918533573857847,preserved,-0.75,0.75,1.5,0.75,1.5,False
0.75,0.7060350861125313,preserved,-0.75,0.75,1.5,0.75,1.5,False
0.75,0.013691044061096669,preserved,-0.75,0.75,1.5,0.75,1.5,False
0.75,-0.6679307363934819,preserved,-0.75,0.75,1.5,0.75,1.5,False
0.75,0.47627692737809557,preserved,-0.75,0.75,1.5,0.75,1.5,False
0.75,-0.8132460696686934,preserved,-0.75,0.75,1.5,0.75,1.5,False
0.75,-0.4630246056374723,preserved,-0.75,0.75,1.5,0.75,1.5,False
0.75,0.13159075331795367,preserved,-0.75,0.75,1.5,0.75,1.5,False
0.75,0.628041926397312,preserved,-0.75,0.75,1.5,0.75,1.5,False
0.75,0.3175909861569175,preserved,-0.75,0.75,1.5,0.75,1.5,False
0.75,-0.6452120471825318,preserved,-0.75,0.75,1.5,0.75,1.5,False
0.75,0.7997939791519331,preserved,-0.75,0.75,1.5,0.75,1.5,False
0.75,-0.399954880488093,preserved,-0.75,0.75,1.5,0.75,1.5,False
0.75,-0.6150584205536416,preserved,-0.75,0.75,1.5,0.75,1.5,False
0.75,0.7551450057242699,preserved,-0.75,0.75,1.5,0.75,1.5,False
0.75,0.34391080908622573,preserved,-0.75,0.75,1.5,0.75,1.5,False
0.75,-0.07539281140034193,preserved,-0.75,0.75,1.5,0.75,1.5,False
0.75,0.3337412174692349,preserved,-0.75,0.75,1.5,0.75,1.5,False
0.75,-0.11317642222437074,preserved,-0.75,0.75,1.5,0.75,1.5,False
0.75,-0.17109794556340163,preserved,-0.75,0.75,1.5,0.75,1.5,False
0.75,0.5085950572324311,preserved,-0.75,0.75,1.5,0.75,1.5,False
0.75,-0.861384204995375,preserved,-0.75,0.75,1.5,0.75,1.5,False
0.75,0.3811822324470917,preserved,-0.75,0.75,1.5,0.75,1.5,False
0.75,-0.905392452819151,preserved,-0.75,0.75,1.5,0.75,1.5,False
0.75,0.8898059822179134,preserved,-0.75,0.75,1.5,0.75,1.5,False
0.75,-0.5763859333395975,preserved,-0.75,0.75,1.5,0.75,1.5,False
0.75,-0.964407319465105,preserved,-0.75,0.75,1.5,0.75,1.5,False
0.75,0.26058124299304897,preserved,-0.75,0.75,1.5,0.75,1.5,False
0.75,-0.64549181166322,preserved,-0.75,0.75,1.5,0.75,1.5,False
0.75,-0.2977129604360824,preserved,-0.75,0.75,1.5,0.75,1.5,False
0.75,0.6066154207899217,preserved,-0.75,0.75,1.5,0.75,1.5,False
0.75,0.9409205436385051,preserved,-0.75,0.75,1.5,0.75,1.5,False
0.75,0.6764918378562408,preserved,-0.75,0.75,1.5,0.75,1.5,False
0.75,-0.4894497934337676,preserved,-0.75,0.75,1.5,0.75,1.5,False
0.75,-0.218689766073624,preserved,-0.75,0.75,1.5,0.75,1.5,False
0.75,0.9103464518063316,preserved,-0.75,0.75,1.5,0.75,1.5,False
0.75,0.7634253391195944,preserved,-0.75,0.75,1.5,0.75,1.5,False
0.75,-0.6469552796028921,preserved,-0.75,0.75,1.5,0.75,1.5,False
0.75,0.3471389638919997,preserved,-0.75,0.75,1.5,0.75,1.5,False
0.75,-0.1905422132180956,preserved,-0.75,0.75,1.5,0.75,1.5,False
0.75,0.9280162454270979,preserved,-0.75,0.75,1.5,0.75,1.5,False
0.75,0.21049316865814816,preserved,-0.75,0.75,1.5,0.75,1.5,False
0.75,0.588180909994884,preserved,-0.75,0.75,1.5,0.75,1.5,False
0.75,0.8884597191285108,preserved,-0.75,0.75,1.5,0.75,1.5,False
0.75,-0.7217947798934423,preserved,-0.75,0.75,1.5,0.75,1.5,False
0.75,0.3866736219255136,preserved,-0.75,0.75,1.5,0.75,1.5,False
0.75,-0.8417916323476329,preserved,-0.75,0.75,1.5,0.75,1.5,False
0.75,0.04359429669335335,preserved,-0.75,0.75,1.5,0.75,1.5,False
0.75,0.6804354125476306,preserved,-0.75,0.75,1.5,0.75,1.5,False
0.75,-0.7769751930153768,preserved,-0.75,0.75,1.5,0.75,1.5,False
0.75,0.09688425474414486,preserved,-0.75,0.75,1.5,0.75,1.5,False
0.75,0.4429915850273789,preserved,-0.75,0.75,1.5,0.75,1.5,False
0.75,0.22557220497124408,preserved,-0.75,0.75,1.5,0.75,1.5,False
0.75,-0.8755892952698585,preserved,-0.75,0.75,1.5,0.75,1.5,False
0.75,0.23036258171248747,preserved,-0.75,0.75,1.5,0.75,1.5,False
0.75,0.366564605909824,preserved,-0.75,0.75,1.5,0.75,1.5,False
0.75,0.6575705868014277,preserved,-0.75,0.75,1.5,0.75,1.5,False
0.75,-0.25114894519639175,preserved,-0.75,0.75,1.5,0.75,1.5,False
0.75,0.44486449900321423,preserved,-0.75,0.75,1.5,0.75,1.5,False
0.75,0.3562118114481079,preserved,-0.75,0.75,1.5,0.75,1.5,False
0.75,-0.7738593471613402,preserved,-0.75,0.75,1.5,0.75,1.5,False
0.75,-0.23774158185681382,preserved,-0.75,0.75,1.5,0.75,1.5,False
0.75,-0.6244029760163261,preserved,-0.75,0.75,1.5,0.75,1.5,False
0.75,0.12817241266453872,preserved,-0.75,0.75,1.5,0.75,1.5,False
0.75,0.63694827377485,preserved,-0.75,0.75,1.5,0.75,1.5,False
0.75,0.850989642710668,preserved,-0.75,0.75,1.5,0.75,1.5,False
0.75,-0.42520433839566185,preserved,-0.75,0.75,1.5,0.75,1.5,False
0.75,0.42059323090714007,preserved,-0.75,0.75,1.5,0.75,1.5,False
0.75,-0.7704036097936089,preserved,-0.75,0.75,1.5,0.75,1.5,False
0.75,0.08334815590326605,preserved,-0.75,0.75,1.5,0.75,1.5,False
0.75,-0.7997120578711134,preserved,-0.75,0.75,1.5,0.75,1.5,False
0.75,0.852233204579931,preserved,-0.75,0.75,1.5,0.75,1.5,False
0.75,-0.08098571903154661,preserved,-0.75,0.75,1.5,0.75,1.5,False
0.75,0.0313234654596255,preserved,-0.75,0.75,1.5,0.75,1.5,False
0.75,-0.7673848403253414,preserved,-0.75,0.75,1.5,0.75,1.5,False
0.75,0.8095800026625144,preserved,-0.75,0.75,1.5,0.75,1.5,False
0.75,0.8924407449849374,preserved,-0.75,0.75,1.5,0.75,1.5,False
0.75,0.41731625073671164,preserved,-0.75,0.75,1.5,0.75,1.5,False
0.75,0.9671058225924811,preserved,-0.75,0.75,1.5,0.75,1.5,False
0.75,0.49924912547425393,preserved,-0.75,0.75,1.5,0.75,1.5,False
0.75,-0.4081600594637209,preserved,-0.75,0.75,1.5,0.75,1.5,False
0.75,0.12733306640424824,preserved,-0.75,0.75,1.5,0.75,1.5,False
0.75,-0.6994847909970212,preserved,-0.75,0.75,1.5,0.75,1.5,False
0.75,0.7453874988261173,preserved,-0.75,0.75,1.5,0.75,1.5,False
0.75,-0.39934225455299255,preserved,-0.75,0.75,1.5,0.75,1.5,False
0.75,-0.37106524114965,preserved,-0.75,0.75,1.5,0.75,1.5,False
0.75,-0.3571446153375304,preserved,-0.75,0.75,1.5,0.75,1.5,False
0.75,-0.4875327977896633,preserved,-0.75,0.75,1.5,0.75,1.5,False
0.75,-0.32273704677186443,preserved,-0.75,0.75,1.5,0.75,1.5,False
0.75,-0.7362649934033727,preserved,-0.75,0.75,1.5,0.75,1.5,False
0.75,-0.9412894956554045,preserved,-0.75,0.75,1.5,0.75,1.5,False
0.75,0.949399966465097,preserved,-0.75,0.75,1.5,0.75,1.5,False
0.75,-0.2733239512178338,preserved,-0.75,0.75,1.5,0.75,1.5,False
0.75,0.9832286287329699,preserved,-0.75,0.75,1.5,0.75,1.5,False
0.75,0.3754439151517126,preserved,-0.75,0.75,1.5,0.75,1.5,False
0.75,0.6312802355192311,preserved,-0.75,0.75,1.5,0.75,1.5,False
0.75,-0.7603765281526325,preserved,-0.75,0.75,1.5,0.75,1.5,False
0.75,-0.05535833868556783,preserved,-0.75,0.75,1.5,0.75,1.5,False
0.75,-0.6925309283603391,preserved,-0.75,0.75,1.5,0.75,1.5,False
0.75,-0.17411408655593763,preserved,-0.75,0.75,1.5,0.75,1.5,False
0.75,-0.7958049962626723,preserved,-0.75,0.75,1.5,0.75,1.5,False
0.75,0.04765784277307872,preserved,-0.75,0.75,1.5,0.75,1.5,False
0.75,0.6191924548505301,preserved,-0.75,0.75,1.5,0.75,1.5,False
0.75,0.7977561645815587,preserved,-0.75,0.75,1.5,0.75,1.5,False
0.75,0.7928248796583686,preserved,-0.75,0.75,1.5,0.75,1.5,False
0.75,0.6112099965971571,preserved,-0.75,0.75,1.5,0.75,1.5,False
0.75,0.38201691095848567,preserved,-0.75,0.75,1.5,0.75,1.5,False
0.75,-0.35291483651274436,preserved,-0.75,0.75,1.5,0.75,1.5,False
0.75,-0.7636674087551842,preserved,-0.75,0.75,1.5,0.75,1.5,False
0.75,0.2052439862300759,preserved,-0.75,0.75,1.5,0.75,1.5,False
0.75,-0.6789095345535539,preserved,-0.75,0.75,1.5,0.75,1.5,False
0.75,0.3760127744590034,preserved,-0.75,0.75,1.5,0.75,1.5,False
0.75,-0.929645204974815,preserved,-0.75,0.75,1.5,0.75,1.5,False
0.75,0.9764288325282982,preserved,-0.75,0.75,1.5,0.75,1.5,False
0.75,0.4630115882449697,preserved,-0.75,0.75,1.5,0.75,1.5,False
0.75,-0.6449326440940126,preserved,-0.75,0.75,1.5,0.75,1.5,False
0.75,-0.6625333869505821,preserved,-0.75,0.75,1.5,0.75,1.5,False
0.75,-0.9561146194240329,preserved,-0.75,0.75,1.5,0.75,1.5,False
0.75,-0.8786167140913206,preserved,-0.75,0.75,1.5,0.75,1.5,False
0.75,0.26025557277455635,preserved,-0.75,0.75,1.5,0.75,1.5,False
0.75,0.8875272581262805,preserved,-0.75,0.75,1.5,0.75,1.5,False
0.75,0.8357910311198082,preserved,-0.75,0.75,1.5,0.75,1.5,False
0.75,0.8716453143174834,preserved,-0.75,0.75,1.5,0.75,1.5,False
0.75,-0.9421740852283209,preserved,-0.75,0.75,1.5,0.75,1.5,False
0.75,0.4992893000910221,preserved,-0.75,0.75,1.5,0.75,1.5,False
0.75,0.056483498876022775,preserved,-0.75,0.75,1.5,0.75,1.5,False
0.75,-0.5542594545316981,preserved,-0.75,0.75,1.5,0.75,1.5,False
0.75,0.4527163386220667,preserved,-0.75,0.75,1.5,0.75,1.5,False
0.75,-0.09124005371828181,preserved,-0.75,0.75,1.5,0.75,1.5,False
0.75,-0.9723280882765233,preserved,-0.75,0.75,1.5,0.75,1.5,False
0.75,-0.9595965600016509,preserved,-0.75,0.75,1.5,0.75,1.5,False
0.75,0.6811286228637581,preserved,-0.75,0.75,1.5,0.75,1.5,False
0.75,-0.6305426582080407,preserved,-0.75,0.75,1.5,0.75,1.5,False
0.75,0.27751928673165605,preserved,-0.75,0.75,1.5,0.75,1.5,False
0.75,-0.43799329170498935,preserved,-0.75,0.75,1.5,0.75,1.5,False
0.75,0.7407965863974528,preserved,-0.75,0.75,1.5,0.75,1.5,False
0.75,-0.5050683075077049,preserved,-0.75,0.75,1.5,0.75,1.5,False
0.75,0.17518316972415682,preserved,-0.75,0.75,1.5,0.75,1.5,False
0.75,0.15634082984207964,preserved,-0.75,0.75,1.5,0.75,1.5,False
0.75,-0.3313452221469564,preserved,-0.75,0.75,1.5,0.75,1.5,False
0.75,-0.060836377829430965,preserved,-0.75,0.75,1.5,0.75,1.5,False
0.75,0.6149836815194409,preserved,-0.75,0.75,1.5,0.75,1.5,False
0.75,-0.3799394874654398,preserved,-0.75,0.75,1.5,0.75,1.5,False
0.75,-0.5998178362496549,preserved,-0.75,0.75,1.5,0.75,1.5,False
0.75,-0.05388956507324738,preserved,-0.75,0.75,1.5,0.75,1.5,False
0.75,-0.4296790841221696,preserved,-0.75,0.75,1.5,0.75,1.5,False
0.75,0.8689320215151528,preserved,-0.75,0.75,1.5,0.75,1.5,False
0.75,0.4015159674383897,preserved,-0.75,0.75,1.5,0.75,1.5,False
0.75,0.47968333099846316,preserved,-0.75,0.75,1.5,0.75,1.5,False
0.75,-0.9584047822053783,preserved,-0.75,0.75,1.5,0.75,1.5,False
0.75,-0.9252374598718902,preserved,-0.75,0.75,1.5,0.75,1.5,False
0.75,-0.989298996773726,preserved,-0.75,0.75,1.5,0.75,1.5,False
0.75,0.6023595526594803,preserved,-0.75,0.75,1.5,0.75,1.5,False
0.75,0.50112674891195,preserved,-0.75,0.75,1.5,0.75,1.5,False
0.75,-0.34301449230510705,preserved,-0.75,0.75,1.5,0.75,1.5,False
0.75,-0.9678456411950984,preserved,-0.75,0.75,1.5,0.75,1.5,False
0.75,0.013842838957736303,preserved,-0.75,0.75,1.5,0.75,1.5,False
0.75,-0.5756454273521052,preserved,-0.75,0.75,1.5,0.75,1.5,False
0.75,-0.36061337417963935,preserved,-0.75,0.75,1.5,0.75,1.5,False
0.75,-0.5041963236166997,preserved,-0.75,0.75,1.5,0.75,1.5,False
0.75,0.48285046000332743,preserved,-0.75,0.75,1.5,0.75,1.5,False
0.75,0.7464557795245894,preserved,-0.75,0.75,1.5,0.75,1.5,False
0.75,0.30620170540079217,preserved,-0.75,0.75,1.5,0.75,1.5,False
0.75,0.3039364571559997,preserved,-0.75,0.75,1.5,0.75,1.5,False
0.75,0.09259095037883447,preserved,-0.75,0.75,1.5,0.75,1.5,False
0.75,0.23558652599215324,preserved,-0.75,0.75,1.5,0.75,1.5,False
0.75,-0.862069360652139,preserved,-0.75,0.75,1.5,0.75,1.5,False
0.75,0.3707328221673134,preserved,-0.75,0.75,1.5,0.75,1.5,False
0.75,-0.791727534157705,preserved,-0.75,0.75,1.5,0.75,1.5,False
0.75,-0.13735888748983616,preserved,-0.75,0.75,1.5,0.75,1.5,False
0.75,0.15485034001520592,preserved,-0.75,0.75,1.5,0.75,1.5,False
0.75,0.5012253339975778,preserved,-0.75,0.75,1.5,0.75,1.5,False
0.75,0.7739052260105901,preserved,-0.75,0.75,1.5,0.75,1.5,False
0.75,0.46236524230627474,preserved,-0.75,0.75,1.5,0.75,1.5,False
0.75,0.6155228312052421,preserved,-0.75,0.75,1.5,0.75,1.5,False
0.75,0.1484836835988692,preserved,-0.75,0.75,1.5,0.75,1.5,False
0.75,-0.7791859424571712,preserved,-0.75,0.75,1.5,0.75,1.5,False
0.75,0.9779579986164688,preserved,-0.75,0.75,1.5,0.75,1.5,False
0.75,-0.9055581133516195,preserved,-0.75,0.75,1.5,0.75,1.5,False
0.75,-0.34501955726892186,preserved,-0.75,0.75,1.5,0.75,1.5,False
0.75,0.33429119879228564,preserved,-0.75,0.75,1.5,0.75,1.5,False
0.75,0.1822361587399839,preserved,-0.75,0.75,1.5,0.75,1.5,False
0.75,0.38814373102906474,preserved,-0.75,0.75,1.5,0.75,1.5,False
0.75,-0.04383334144119866,preserved,-0.75,0.75,1.5,0.75,1.5,False
0.75,0.4489084697508863,preserved,-0.75,0.75,1.5,0.75,1.5,False
0.75,0.20867536968170053,preserved,-0.75,0.75,1.5,0.75,1.5,False
0.75,0.9570180071418772,preserved,-0.75,0.75,1.5,0.75,1.5,False
0.75,-0.6593357511484534,preserved,-0.75,0.75,1.5,0.75,1.5,False
0.75,-0.4882448635448178,preserved,-0.75,0.75,1.5,0.75,1.5,False
0.75,-0.9376303373764001,preserved,-0.75,0.75,1.5,0.75,1.5,False
0.75,-0.12881517729272995,preserved,-0.75,0.75,1.5,0.75,1.5,False
0.75,-0.6510700574819994,preserved,-0.75,0.75,1.5,0.75,1.5,False
0.75,-0.10251441744672807,preserved,-0.75,0.75,1.5,0.75,1.5,False
0.75,0.959825575249114,preserved,-0.75,0.75,1.5,0.75,1.5,False
0.75,0.07418140961152409,preserved,-0.75,0.75,1.5,0.75,1.5,False
0.75,0.5291365758836162,preserved,-0.75,0.75,1.5,0.75,1.5,False
0.75,0.961965348254235,preserved,-0.75,0.75,1.5,0.75,1.5,False
0.75,0.9373125880619537,preserved,-0.75,0.75,1.5,0.75,1.5,False
0.75,0.9329693660055711,preserved,-0.75,0.75,1.5,0.75,1.5,False
0.75,-0.3604623549487125,preserved,-0.75,0.75,1.5,0.75,1.5,False
0.75,0.4553969551137096,preserved,-0.75,0.75,1.5,0.75,1.5,False
0.75,0.4023614249712628,preserved,-0.75,0.75,1.5,0.75,1.5,False
0.75,-0.6245530065190772,preserved,-0.75,0.75,1.5,0.75,1.5,False
0.75,-0.8830529746459226,preserved,-0.75,0.75,1.5,0.75,1.5,False
0.75,-0.94595268765798,preserved,-0.75,0.75,1.5,0.75,1.5,False
0.75,0.024679492901452216,preserved,-0.75,0.75,1.5,0.75,1.5,False
0.75,-0.088359890069025,preserved,-0.75,0.75,1.5,0.75,1.5,False
0.75,-0.7905920353695408,preserved,-0.75,0.75,1.5,0.75,1.5,False
0.75,0.023639382588547697,preserved,-0.75,0.75,1.5,0.75,1.5,False
0.75,0.982166459196181,preserved,-0.75,0.75,1.5,0.75,1.5,False
0.75,-0.1794978071694724,preserved,-0.75,0.75,1.5,0.75,1.5,False
0.75,0.05138513163268077,preserved,-0.75,0.75,1.5,0.75,1.5,False
0.75,0.21650207918539022,preserved,-0.75,0.75,1.5,0.75,1.5,False
0.75,0.1643578273965367,preserved,-0.75,0.75,1.5,0.75,1.5,False
0.75,-0.02975693595070772,preserved,-0.75,0.75,1.5,0.75,1.5,False
0.75,-0.5179147945713967,preserved,-0.75,0.75,1.5,0.75,1.5,False
0.75,-0.4659572306168702,preserved,-0.75,0.75,1.5,0.75,1.5,False
0.75,-0.8353093229547945,preserved,-0.75,0.75,1.5,0.75,1.5,False
0.75,-0.9904402568805826,preserved,-0.75,0.75,1.5,0.75,1.5,False
0.75,-0.7214013813439157,preserved,-0.75,0.75,1.5,0.75,1.5,False
0.75,0.7158877279811191,preserved,-0.75,0.75,1.5,0.75,1.5,False
0.75,-0.5825335143095172,preserved,-0.75,0.75,1.5,0.75,1.5,False
0.75,-0.9122989114063498,preserved,-0.75,0.75,1.5,0.75,1.5,False
0.75,0.7826675562158611,preserved,-0.75,0.75,1.5,0.75,1.5,False
0.75,-0.8799352982242197,preserved,-0.75,0.75,1.5,0.75,1.5,False
0.75,-0.4590472113813513,preserved,-0.75,0.75,1.5,0.75,1.5,False
0.75,-0.3935274643408879,preserved,-0.75,0.75,1.5,0.75,1.5,False
0.75,-0.3050644130638338,preserved,-0.75,0.75,1.5,0.75,1.5,False
0.75,0.9756345000384372,preserved,-0.75,0.75,1.5,0.75,1.5,False
0.75,-0.4841436773691148,preserved,-0.75,0.75,1.5,0.75,1.5,False
0.75,0.6109333377560109,preserved,-0.75,0.75,1.5,0.75,1.5,False
0.75,-0.36112120211154464,preserved,-0.75,0.75,1.5,0.75,1.5,False
0.75,-0.9195593529954582,preserved,-0.75,0.75,1.5,0.75,1.5,False
0.75,-0.033591703755498026,preserved,-0.75,0.75,1.5,0.75,1.5,False
0.75,-0.7134608131887408,preserved,-0.75,0.75,1.5,0.75,1.5,False
0.75,0.5045738714096033,preserved,-0.75,0.75,1.5,0.75,1.5,False
0.75,-0.013195024974247183,preserved,-0.75,0.75,1.5,0.75,1.5,False
0.75,0.7467292662982177,preserved,-0.75,0.75,1.5,0.75,1.5,False
0.75,-0.9938471002681235,preserved,-0.75,0.75,1.5,0.75,1.5,False
0.75,-0.4537991983560139,preserved,-0.75,0.75,1.5,0.75,1.5,False
0.75,-0.20361823692398828,preserved,-0.75,0.75,1.5,0.75,1.5,False
0.75,0.6174436848319538,preserved,-0.75,0.75,1.5,0.75,1.5,False
0.75,0.6535812108539447,preserved,-0.75,0.75,1.5,0.75,1.5,False
0.75,0.7134506408033354,preserved,-0.75,0.75,1.5,0.75,1.5,False
0.75,0.6001290967526867,preserved,-0.75,0.75,1.5,0.75,1.5,False
0.75,-0.49025711800940064,preserved,-0.75,0.75,1.5,0.75,1.5,False
0.75,0.7559692744334419,preserved,-0.75,0.75,1.5,0.75,1.5,False
0.75,-0.8647693131039396,preserved,-0.75,0.75,1.5,0.75,1.5,False
0.75,-0.8782127225733025,preserved,-0.75,0.75,1.5,0.75,1.5,False
0.75,-0.74220958377971,preserved,-0.75,0.75,1.5,0.75,1.5,False
0.75,0.5546801620039938,preserved,-0.75,0.75,1.5,0.75,1.5,False
0.75,-0.13226387804147488,preserved,-0.75,0.75,1.5,0.75,1.5,False
0.75,-0.054637333139272215,preserved,-0.75,0.75,1.5,0.75,1.5,False
0.75,-0.8471425585027148,preserved,-0.75,0.75,1.5,0.75,1.5,False
0.75,-0.41417475019221817,preserved,-0.75,0.75,1.5,0.75,1.5,False
0.75,-0.8159955098194414,preserved,-0.75,0.75,1.5,0.75,1.5,False
0.75,-0.25532141547635634,preserved,-0.75,0.75,1.5,0.75,1.5,False
0.75,-0.9314839282301115,preserved,-0.75,0.75,1.5,0.75,1.5,False
0.75,0.5803536740897037,preserved,-0.75,0.75,1.5,0.75,1.5,False
0.75,0.16057808325633105,preserved,-0.75,0.75,1.5,0.75,1.5,False
0.75,0.8085196289216001,preserved,-0.75,0.75,1.5,0.75,1.5,False
0.75,-0.5195919303586216,preserved,-0.75,0.75,1.5,0.75,1.5,False
0.75,0.614769128149063,preserved,-0.75,0.75,1.5,0.75,1.5,False
0.75,0.3467240960619664,preserved,-0.75,0.75,1.5,0.75,1.5,False
0.75,-0.8738694721656846,preserved,-0.75,0.75,1.5,0.75,1.5,False
0.75,-0.8768980984371233,preserved,-0.75,0.75,1.5,0.75,1.5,False
0.75,-0.9426190194911324,preserved,-0.75,0.75,1.5,0.75,1.5,False
0.75,-0.11762990382534722,preserved,-0.75,0.75,1.5,0.75,1.5,False
0.75,0.03590730176805246,preserved,-0.75,0.75,1.5,0.75,1.5,False
0.75,0.5292639486415975,preserved,-0.75,0.75,1.5,0.75,1.5,False
0.75,-0.03456627661583922,preserved,-0.75,0.75,1.5,0.75,1.5,False
0.75,0.33123964606971623,preserved,-0.75,0.75,1.5,0.75,1.5,False
0.75,0.9462100436622727,preserved,-0.75,0.75,1.5,0.75,1.5,False
0.75,-0.883919432009695,preserved,-0.75,0.75,1.5,0.75,1.5,False
0.75,0.206602639749909,preserved,-0.75,0.75,1.5,0.75,1.5,False
0.75,0.7004356166108925,preserved,-0.75,0.75,1.5,0.75,1.5,False
0.75,0.2987045559516097,preserved,-0.75,0.75,1.5,0.75,1.5,False
0.75,0.8723432550569736,preserved,-0.75,0.75,1.5,0.75,1.5,False
0.75,0.04872954790486239,preserved,-0.75,0.75,1.5,0.75,1.5,False
0.75,-0.4183664237889042,preserved,-0.75,0.75,1.5,0.75,1.5,False
0.75,-0.04330574634974571,preserved,-0.75,0.75,1.5,0.75,1.5,False
0.75,0.2277508176649099,preserved,-0.75,0.75,1.5,0.75,1.5,False
0.75,0.20316868026963708,preserved,-0.75,0.75,1.5,0.75,1.5,False
0.75,-0.5370325830982052,preserved,-0.75,0.75,1.5,0.75,1.5,False
0.75,0.7809305990709567,preserved,-0.75,0.75,1.5,0.75,1.5,False
0.75,0.586432210198709,preserved,-0.75,0.75,1.5,0.75,1.5,False
0.75,-0.5250904950416022,preserved,-0.75,0.75,1.5,0.75,1.5,False
0.75,-0.4953333563000242,preserved,-0.75,0.75,1.5,0.75,1.5,False
0.75,0.6286607263860395,preserved,-0.75,0.75,1.5,0.75,1.5,False
0.75,-0.4262885984918767,preserved,-0.75,0.75,1.5,0.75,1.5,False
0.75,-0.9630091196168555,preserved,-0.75,0.75,1.5,0.75,1.5,False
0.75,-0.3472563717483239,preserved,-0.75,0.75,1.5,0.75,1.5,False
0.75,-0.12097876525694007,preserved,-0.75,0.75,1.5,0.75,1.5,False
0.75,-0.3797544670221964,preserved,-0.75,0.75,1.5,0.75,1.5,False
0.75,-0.8092690605049111,preserved,-0.75,0.75,1.5,0.75,1.5,False
0.75,-0.514989824020978,preserved,-0.75,0.75,1.5,0.75,1.5,False
0.75,0.03563477429771034,preserved,-0.75,0.75,1.5,0.75,1.5,False
0.75,0.06790706752885267,preserved,-0.75,0.75,1.5,0.75,1.5,False
0.75,0.11399133373762682,preserved,-0.75,0.75,1.5,0.75,1.5,False
0.75,0.9034141116908814,preserved,-0.75,0.75,1.5,0.75,1.5,False
0.75,0.03693266424853525,preserved,-0.75,0.75,1.5,0.75,1.5,False
0.75,0.8023900279333802,preserved,-0.75,0.75,1.5,0.75,1.5,False
0.75,0.30332077058887075,preserved,-0.75,0.75,1.5,0.75,1.5,False
0.75,-0.65565811811642,preserved,-0.75,0.75,1.5,0.75,1.5,False
0.75,0.44551241129406716,preserved,-0.75,0.75,1.5,0.75,1.5,False
0.75,0.18630459900989127,preserved,-0.75,0.75,1.5,0.75,1.5,False
0.75,0.8545851709413168,preserved,-0.75,0.75,1.5,0.75,1.5,False
0.75,0.8704090045858732,preserved,-0.75,0.75,1.5,0.75,1.5,False
0.75,0.8842770298225675,preserved,-0.75,0.75,1.5,0.75,1.5,False
0.75,-0.37084973350439254,preserved,-0.75,0.75,1.5,0.75,1.5,False
0.75,0.301070576940242,preserved,-0.75,0.75,1.5,0.75,1.5,False
0.75,0.3768921766266313,preserved,-0.75,0.75,1.5,0.75,1.5,False
0.75,0.6600142485340506,preserved,-0.75,0.75,1.5,0.75,1.5,False
0.75,0.6612689553188362,preserved,-0.75,0.75,1.5,0.75,1.5,False
0.75,-0.8293240255494574,preserved,-0.75,0.75,1.5,0.75,1.5,False
0.75,0.2449057967075028,preserved,-0.75,0.75,1.5,0.75,1.5,False
0.75,-0.7745749305068252,preserved,-0.75,0.75,1.5,0.75,1.5,False
0.75,-0.4619195149725499,preserved,-0.75,0.75,1.5,0.75,1.5,False
0.75,0.6565658815214626,preserved,-0.75,0.75,1.5,0.75,1.5,False
0.75,-0.8430084594333682,preserved,-0.75,0.75,1.5,0.75,1.5,False
0.75,-0.3351958301963558,preserved,-0.75,0.75,1.5,0.75,1.5,False
0.75,0.32887026483899384,preserved,-0.75,0.75,1.5,0.75,1.5,False
0.75,-0.830543583804974,preserved,-0.75,0.75,1.5,0.75,1.5,False
0.75,-0.6302570442964723,preserved,-0.75,0.75,1.5,0.75,1.5,False
0.75,0.7784696488506186,preserved,-0.75,0.75,1.5,0.75,1.5,False
0.75,-0.4279548184801911,preserved,-0.75,0.75,1.5,0.75,1.5,False
0.75,0.9120793438807098,preserved,-0.75,0.75,1.5,0.75,1.5,False
0.75,-0.07583080840905687,preserved,-0.75,0.75,1.5,0.75,1.5,False
0.75,-0.6550116994131285,preserved,-0.75,0.75,1.5,0.75,1.5,False
0.75,-0.13219114935368648,preserved,-0.75,0.75,1.5,0.75,1.5,False
0.75,-0.8972825827465538,preserved,-0.75,0.75,1.5,0.75,1.5,False
0.75,-0.2896797115832579,preserved,-0.75,0.75,1.5,0.75,1.5,False
0.75,0.4099059260200266,preserved,-0.75,0.75,1.5,0.75,1.5,False
0.75,-0.17836041025844174,preserved,-0.75,0.75,1.5,0.75,1.5,False
0.75,0.25612427607838995,preserved,-0.75,0.75,1.5,0.75,1.5,False
0.75,-0.4121547920740345,preserved,-0.75,0.75,1.5,0.75,1.5,False
0.75,0.6969316347102041,preserved,-0.75,0.75,1.5,0.75,1.5,False
0.75,-0.6618327826471604,preserved,-0.75,0.75,1.5,0.75,1.5,False
0.75,-0.5935810306368945,preserved,-0.75,0.75,1.5,0.75,1.5,False
0.75,-0.107613280944308,preserved,-0.75,0.75,1.5,0.75,1.5,False
0.75,-0.3709318872037015,preserved,-0.75,0.75,1.5,0.75,1.5,False
0.75,-0.4162961281524351,preserved,-0.75,0.75,1.5,0.75,1.5,False
0.75,0.7819777882107342,preserved,-0.75,0.75,1.5,0.75,1.5,False
0.75,0.7553200969203957,preserved,-0.75,0.75,1.5,0.75,1.5,False
0.75,0.08323407740455457,preserved,-0.75,0.75,1.5,0.75,1.5,False
0.75,0.6064435820788143,preserved,-0.75,0.75,1.5,0.75,1.5,False
0.75,-0.48612357931526695,preserved,-0.75,0.75,1.5,0.75,1.5,False
0.75,0.284729981605103,preserved,-0.75,0.75,1.5,0.75,1.5,False
0.75,0.3058778108174631,preserved,-0.75,0.75,1.5,0.75,1.5,False
0.75,0.8678178717640825,preserved,-0.75,0.75,1.5,0.75,1.5,False
0.75,-0.01848727101563763,preserved,-0.75,0.75,1.5,0.75,1.5,False
0.75,-0.2276537482813017,preserved,-0.75,0.75,1.5,0.75,1.5,False
0.75,-0.8052048965516636,preserved,-0.75,0.75,1.5,0.75,1.5,False
0.75,-0.3119805227243675,preserved,-0.75,0.75,1.5,0.75,1.5,False
0.75,0.5565122423765823,preserved,-0.75,0.75,1.5,0.75,1.5,False
0.75,-0.6923098378931098,preserved,-0.75,0.75,1.5,0.75,1.5,False
0.75,-0.046267127149039355,preserved,-0.75,0.75,1.5,0.75,1.5,False
0.75,0.9434739060646882,preserved,-0.75,0.75,1.5,0.75,1.5,False
0.75,-0.22580205066451797,preserved,-0.75,0.75,1.5,0.75,1.5,False
0.75,0.5631620328276021,preserved,-0.75,0.75,1.5,0.75,1.5,False
0.75,-0.39505446160689317,preserved,-0.75,0.75,1.5,0.75,1.5,False
0.75,-0.5552558292672138,preserved,-0.75,0.75,1.5,0.75,1.5,False
0.75,0.40620545282353104,preserved,-0.75,0.75,1.5,0.75,1.5,False
0.75,0.40441464633524693,preserved,-0.75,0.75,1.5,0.75,1.5,False
0.75,-0.5382343899971982,preserved,-0.75,0.75,1.5,0.75,1.5,False
0.75,-0.6115790685108822,preserved,-0.75,0.75,1.5,0.75,1.5,False
0.75,0.6776846008471311,preserved,-0.75,0.75,1.5,0.75,1.5,False
0.75,0.8182435444764,preserved,-0.75,0.75,1.5,0.75,1.5,False
0.75,-0.6435235607786318,preserved,-0.75,0.75,1.5,0.75,1.5,False
0.75,0.1627938536119744,preserved,-0.75,0.75,1.5,0.75,1.5,False
0.75,0.7961019877456432,preserved,-0.75,0.75,1.5,0.75,1.5,False
0.75,0.34613121665971436,preserved,-0.75,0.75,1.5,0.75,1.5,False
0.75,0.0477400764146827,preserved,-0.75,0.75,1.5,0.75,1.5,False
0.75,-0.3631160167695553,preserved,-0.75,0.75,1.5,0.75,1.5,False
0.75,-0.58863204247367,preserved,-0.75,0.75,1.5,0.75,1.5,False
0.75,-0.40008712849565065,preserved,-0.75,0.75,1.5,0.75,1.5,False
0.75,0.19559149824914335,preserved,-0.75,0.75,1.5,0.75,1.5,False
0.75,-0.9893605537964882,preserved,-0.75,0.75,1.5,0.75,1.5,False
0.75,-0.977908487846685,preserved,-0.75,0.75,1.5,0.75,1.5,False
0.75,0.9723573385014295,preserved,-0.75,0.75,1.5,0.75,1.5,False
0.75,0.1391384004195173,preserved,-0.75,0.75,1.5,0.75,1.5,False
0.75,-0.4887582780537536,preserved,-0.75,0.75,1.5,0.75,1.5,False
0.75,-0.6770123231190006,preserved,-0.75,0.75,1.5,0.75,1.5,False
0.75,-0.2865175537241236,preserved,-0.75,0.75,1.5,0.75,1.5,False
0.75,0.983998848406159,preserved,-0.75,0.75,1.5,0.75,1.5,False
0.75,-0.9351387260434085,preserved,-0.75,0.75,1.5,0.75,1.5,False
0.75,-0.16034104875501876,preserved,-0.75,0.75,1.5,0.75,1.5,False
0.75,-0.07216292192203322,preserved,-0.75,0.75,1.5,0.75,1.5,False
0.75,-0.7371418121535225,preserved,-0.75,0.75,1.5,0.75,1.5,False
0.75,0.31049579472307687,observational_loss,-0.75,0.75,1.5,0.75,0.0,True
0.75,-0.0544783025156117,observational_loss,-0.75,0.75,1.5,0.75,0.0,True
0.75,-0.12781138912279855,observational_loss,-0.75,0.75,1.5,0.75,0.0,True
0.75,0.5299350613134177,observational_loss,-0.75,0.75,1.5,0.75,0.0,True
0.75,0.38682739000250366,observational_loss,-0.75,0.75,1.5,0.75,0.0,True
0.75,-0.19045053559397296,observational_loss,-0.75,0.75,1.5,0.75,0.0,True
0.75,0.70823724353804,observational_loss,-0.75,0.75,1.5,0.75,0.0,True
0.75,0.8590777916043291,observational_loss,-0.75,0.75,1.5,0.75,0.0,True
0.75,-0.16224522718974566,observational_loss,-0.75,0.75,1.5,0.75,0.0,True
0.75,0.8311837747437014,observational_loss,-0.75,0.75,1.5,0.75,0.0,True
0.75,-0.8310538229127051,observational_loss,-0.75,0.75,1.5,0.75,0.0,True
0.75,0.6116406539533468,observational_loss,-0.75,0.75,1.5,0.75,0.0,True
0.75,-0.41945563763473737,observational_loss,-0.75,0.75,1.5,0.75,0.0,True
0.75,0.6204050729196233,observational_loss,-0.75,0.75,1.5,0.75,0.0,True
0.75,-0.7189943149675428,observational_loss,-0.75,0.75,1.5,0.75,0.0,True
0.75,-0.33178555171797397,observational_loss,-0.75,0.75,1.5,0.75,0.0,True
0.75,0.9051423788519595,observational_loss,-0.75,0.75,1.5,0.75,0.0,True
0.75,0.056915519521514746,observational_loss,-0.75,0.75,1.5,0.75,0.0,True
0.75,0.649876102332339,observational_loss,-0.75,0.75,1.5,0.75,0.0,True
0.75,-0.3622554796800377,observational_loss,-0.75,0.75,1.5,0.75,0.0,True
0.75,-0.02757930366150152,observational_loss,-0.75,0.75,1.5,0.75,0.0,True
0.75,0.9062959550759366,observational_loss,-0.75,0.75,1.5,0.75,0.0,True
0.75,0.08979263473561305,observational_loss,-0.75,0.75,1.5,0.75,0.0,True
0.75,0.5810436969343922,observational_loss,-0.75,0.75,1.5,0.75,0.0,True
0.75,0.33351277528201106,observational_loss,-0.75,0.75,1.5,0.75,0.0,True
0.75,0.50021045803603,observational_loss,-0.75,0.75,1.5,0.75,0.0,True
0.75,0.647829676283949,observational_loss,-0.75,0.75,1.5,0.75,0.0,True
0.75,0.2532301034366604,observational_loss,-0.75,0.75,1.5,0.75,0.0,True
0.75,-0.45731192417320954,observational_loss,-0.75,0.75,1.5,0.75,0.0,True
0.75,0.9656692799074889,observational_loss,-0.75,0.75,1.5,0.75,0.0,True
0.75,0.7956682782658702,observational_loss,-0.75,0.75,1.5,0.75,0.0,True
0.75,-0.870113418836362,observational_loss,-0.75,0.75,1.5,0.75,0.0,True
0.75,0.6471733576066463,observational_loss,-0.75,0.75,1.5,0.75,0.0,True
0.75,-0.12258281205750432,observational_loss,-0.75,0.75,1.5,0.75,0.0,True
0.75,-0.7924659681337014,observational_loss,-0.75,0.75,1.5,0.75,0.0,True
0.75,-0.9614538437044982,observational_loss,-0.75,0.75,1.5,0.75,0.0,True
0.75,0.31204629970955255,observational_loss,-0.75,0.75,1.5,0.75,0.0,True
0.75,-0.14035420870731552,observational_loss,-0.75,0.75,1.5,0.75,0.0,True
0.75,-0.03808592435085645,observational_loss,-0.75,0.75,1.5,0.75,0.0,True
0.75,-0.031001603913969555,observational_loss,-0.75,0.75,1.5,0.75,0.0,True
0.75,-0.8829243891653982,observational_loss,-0.75,0.75,1.5,0.75,0.0,True
0.75,0.28145074654754487,observational_loss,-0.75,0.75,1.5,0.75,0.0,True
0.75,0.17575530208529533,observational_loss,-0.75,0.75,1.5,0.75,0.0,True
0.75,0.5869151184415577,observational_loss,-0.75,0.75,1.5,0.75,0.0,True
0.75,-0.5263150616207499,observational_loss,-0.75,0.75,1.5,0.75,0.0,True
0.75,0.12658518870624014,observational_loss,-0.75,0.75,1.5,0.75,0.0,True
0.75,-0.05105663381821013,observational_loss,-0.75,0.75,1.5,0.75,0.0,True
0.75,-0.8536492355351997,observational_loss,-0.75,0.75,1.5,0.75,0.0,True
0.75,0.5910251531573292,observational_loss,-0.75,0.75,1.5,0.75,0.0,True
0.75,0.7152698353286933,observational_loss,-0.75,0.75,1.5,0.75,0.0,True
0.75,-0.15599102732261771,observational_loss,-0.75,0.75,1.5,0.75,0.0,True
0.75,-0.8452088463348866,observational_loss,-0.75,0.75,1.5,0.75,0.0,True
0.75,-0.214495034172401,observational_loss,-0.75,0.75,1.5,0.75,0.0,True
0.75,0.4127483393911855,observational_loss,-0.75,0.75,1.5,0.75,0.0,True
0.75,-0.4137604310991858,observational_loss,-0.75,0.75,1.5,0.75,0.0,True
0.75,0.04633768978265618,observational_loss,-0.75,0.75,1.5,0.75,0.0,True
0.75,-0.9049904282084853,observational_loss,-0.75,0.75,1.5,0.75,0.0,True
0.75,-0.9468006466011301,observational_loss,-0.75,0.75,1.5,0.75,0.0,True
0.75,0.2865572848647602,observational_loss,-0.75,0.75,1.5,0.75,0.0,True
0.75,-0.49246765247474134,observational_loss,-0.75,0.75,1.5,0.75,0.0,True
0.75,0.8039372838760315,observational_loss,-0.75,0.75,1.5,0.75,0.0,True
0.75,0.23854233913248857,observational_loss,-0.75,0.75,1.5,0.75,0.0,True
0.75,-0.22877562371946514,observational_loss,-0.75,0.75,1.5,0.75,0.0,True
0.75,-0.4592651872471767,observational_loss,-0.75,0.75,1.5,0.75,0.0,True
0.75,-0.7334459835031455,observational_loss,-0.75,0.75,1.5,0.75,0.0,True
0.75,0.7849792272104572,observational_loss,-0.75,0.75,1.5,0.75,0.0,True
0.75,0.9963682238696876,observational_loss,-0.75,0.75,1.5,0.75,0.0,True
0.75,0.5255374282782288,observational_loss,-0.75,0.75,1.5,0.75,0.0,True
0.75,0.6189325177054181,observational_loss,-0.75,0.75,1.5,0.75,0.0,True
0.75,0.2784174392851164,observational_loss,-0.75,0.75,1.5,0.75,0.0,True
0.75,-0.5449187503356108,observational_loss,-0.75,0.75,1.5,0.75,0.0,True
0.75,0.5821306509718223,observational_loss,-0.75,0.75,1.5,0.75,0.0,True
0.75,0.8169298964431191,observational_loss,-0.75,0.75,1.5,0.75,0.0,True
0.75,0.6344540015152722,observational_loss,-0.75,0.75,1.5,0.75,0.0,True
0.75,-0.0679971724109083,observational_loss,-0.75,0.75,1.5,0.75,0.0,True
0.75,0.4797205691252253,observational_loss,-0.75,0.75,1.5,0.75,0.0,True
0.75,0.7458717976560796,observational_loss,-0.75,0.75,1.5,0.75,0.0,True
0.75,0.8928117786822543,observational_loss,-0.75,0.75,1.5,0.75,0.0,True
0.75,-0.605839376454282,observational_loss,-0.75,0.75,1.5,0.75,0.0,True
0.75,0.35641051629417264,observational_loss,-0.75,0.75,1.5,0.75,0.0,True
0.75,-0.07828174675552124,observational_loss,-0.75,0.75,1.5,0.75,0.0,True
0.75,0.04802168304651522,observational_loss,-0.75,0.75,1.5,0.75,0.0,True
0.75,-0.08759571965009272,observational_loss,-0.75,0.75,1.5,0.75,0.0,True
0.75,-0.4592879410994537,observational_loss,-0.75,0.75,1.5,0.75,0.0,True
0.75,-0.4791975823807606,observational_loss,-0.75,0.75,1.5,0.75,0.0,True
0.75,-0.46088016473893445,observational_loss,-0.75,0.75,1.5,0.75,0.0,True
0.75,0.13025123921138504,observational_loss,-0.75,0.75,1.5,0.75,0.0,True
0.75,0.9357666605760042,observational_loss,-0.75,0.75,1.5,0.75,0.0,True
0.75,0.7992196548412991,observational_loss,-0.75,0.75,1.5,0.75,0.0,True
0.75,0.48812365962949245,observational_loss,-0.75,0.75,1.5,0.75,0.0,True
0.75,0.5577525197458773,observational_loss,-0.75,0.75,1.5,0.75,0.0,True
0.75,-0.6607378978230116,observational_loss,-0.75,0.75,1.5,0.75,0.0,True
0.75,0.47164107896492813,observational_loss,-0.75,0.75,1.5,0.75,0.0,True
0.75,-0.30950064143013334,observational_loss,-0.75,0.75,1.5,0.75,0.0,True
0.75,0.006150742417380561,observational_loss,-0.75,0.75,1.5,0.75,0.0,True
0.75,-0.4043130656082028,observational_loss,-0.75,0.75,1.5,0.75,0.0,True
0.75,-0.9888145923654321,observational_loss,-0.75,0.75,1.5,0.75,0.0,True
0.75,0.5865227529641686,observational_loss,-0.75,0.75,1.5,0.75,0.0,True
0.75,0.9014214844330504,observational_loss,-0.75,0.75,1.5,0.75,0.0,True
0.75,-0.9072770127610534,observational_loss,-0.75,0.75,1.5,0.75,0.0,True
0.75,-0.22743319749475832,observational_loss,-0.75,0.75,1.5,0.75,0.0,True
0.75,0.04912431712130805,observational_loss,-0.75,0.75,1.5,0.75,0.0,True
0.75,0.8282574348692169,observational_loss,-0.75,0.75,1.5,0.75,0.0,True
0.75,-0.00839759326178946,observational_loss,-0.75,0.75,1.5,0.75,0.0,True
0.75,-0.4534342640622766,observational_loss,-0.75,0.75,1.5,0.75,0.0,True
0.75,0.15866354285373863,observational_loss,-0.75,0.75,1.5,0.75,0.0,True
0.75,0.8471249917027401,observational_loss,-0.75,0.75,1.5,0.75,0.0,True
0.75,0.4341712990684854,observational_loss,-0.75,0.75,1.5,0.75,0.0,True
0.75,-0.5579245254168461,observational_loss,-0.75,0.75,1.5,0.75,0.0,True
0.75,0.8874979969348114,observational_loss,-0.75,0.75,1.5,0.75,0.0,True
0.75,0.45878462494768923,observational_loss,-0.75,0.75,1.5,0.75,0.0,True
0.75,-0.22918533573857847,observational_loss,-0.75,0.75,1.5,0.75,0.0,True
0.75,0.7060350861125313,observational_loss,-0.75,0.75,1.5,0.75,0.0,True
0.75,0.013691044061096669,observational_loss,-0.75,0.75,1.5,0.75,0.0,True
0.75,-0.6679307363934819,observational_loss,-0.75,0.75,1.5,0.75,0.0,True
0.75,0.47627692737809557,observational_loss,-0.75,0.75,1.5,0.75,0.0,True
0.75,-0.8132460696686934,observational_loss,-0.75,0.75,1.5,0.75,0.0,True
0.75,-0.4630246056374723,observational_loss,-0.75,0.75,1.5,0.75,0.0,True
0.75,0.13159075331795367,observational_loss,-0.75,0.75,1.5,0.75,0.0,True
0.75,0.628041926397312,observational_loss,-0.75,0.75,1.5,0.75,0.0,True
0.75,0.3175909861569175,observational_loss,-0.75,0.75,1.5,0.75,0.0,True
0.75,-0.6452120471825318,observational_loss,-0.75,0.75,1.5,0.75,0.0,True
0.75,0.7997939791519331,observational_loss,-0.75,0.75,1.5,0.75,0.0,True
0.75,-0.399954880488093,observational_loss,-0.75,0.75,1.5,0.75,0.0,True
0.75,-0.6150584205536416,observational_loss,-0.75,0.75,1.5,0.75,0.0,True
0.75,0.7551450057242699,observational_loss,-0.75,0.75,1.5,0.75,0.0,True
0.75,0.34391080908622573,observational_loss,-0.75,0.75,1.5,0.75,0.0,True
0.75,-0.07539281140034193,observational_loss,-0.75,0.75,1.5,0.75,0.0,True
0.75,0.3337412174692349,observational_loss,-0.75,0.75,1.5,0.75,0.0,True
0.75,-0.11317642222437074,observational_loss,-0.75,0.75,1.5,0.75,0.0,True
0.75,-0.17109794556340163,observational_loss,-0.75,0.75,1.5,0.75,0.0,True
0.75,0.5085950572324311,observational_loss,-0.75,0.75,1.5,0.75,0.0,True
0.75,-0.861384204995375,observational_loss,-0.75,0.75,1.5,0.75,0.0,True
0.75,0.3811822324470917,observational_loss,-0.75,0.75,1.5,0.75,0.0,True
0.75,-0.905392452819151,observational_loss,-0.75,0.75,1.5,0.75,0.0,True
0.75,0.8898059822179134,observational_loss,-0.75,0.75,1.5,0.75,0.0,True
0.75,-0.5763859333395975,observational_loss,-0.75,0.75,1.5,0.75,0.0,True
0.75,-0.964407319465105,observational_loss,-0.75,0.75,1.5,0.75,0.0,True
0.75,0.26058124299304897,observational_loss,-0.75,0.75,1.5,0.75,0.0,True
0.75,-0.64549181166322,observational_loss,-0.75,0.75,1.5,0.75,0.0,True
0.75,-0.2977129604360824,observational_loss,-0.75,0.75,1.5,0.75,0.0,True
0.75,0.6066154207899217,observational_loss,-0.75,0.75,1.5,0.75,0.0,True
0.75,0.9409205436385051,observational_loss,-0.75,0.75,1.5,0.75,0.0,True
0.75,0.6764918378562408,observational_loss,-0.75,0.75,1.5,0.75,0.0,True
0.75,-0.4894497934337676,observational_loss,-0.75,0.75,1.5,0.75,0.0,True
0.75,-0.218689766073624,observational_loss,-0.75,0.75,1.5,0.75,0.0,True
0.75,0.9103464518063316,observational_loss,-0.75,0.75,1.5,0.75,0.0,True
0.75,0.7634253391195944,observational_loss,-0.75,0.75,1.5,0.75,0.0,True
0.75,-0.6469552796028921,observational_loss,-0.75,0.75,1.5,0.75,0.0,True
0.75,0.3471389638919997,observational_loss,-0.75,0.75,1.5,0.75,0.0,True
0.75,-0.1905422132180956,observational_loss,-0.75,0.75,1.5,0.75,0.0,True
0.75,0.9280162454270979,observational_loss,-0.75,0.75,1.5,0.75,0.0,True
0.75,0.21049316865814816,observational_loss,-0.75,0.75,1.5,0.75,0.0,True
0.75,0.588180909994884,observational_loss,-0.75,0.75,1.5,0.75,0.0,True
0.75,0.8884597191285108,observational_loss,-0.75,0.75,1.5,0.75,0.0,True
0.75,-0.7217947798934423,observational_loss,-0.75,0.75,1.5,0.75,0.0,True
0.75,0.3866736219255136,observational_loss,-0.75,0.75,1.5,0.75,0.0,True
0.75,-0.8417916323476329,observational_loss,-0.75,0.75,1.5,0.75,0.0,True
0.75,0.04359429669335335,observational_loss,-0.75,0.75,1.5,0.75,0.0,True
0.75,0.6804354125476306,observational_loss,-0.75,0.75,1.5,0.75,0.0,True
0.75,-0.7769751930153768,observational_loss,-0.75,0.75,1.5,0.75,0.0,True
0.75,0.09688425474414486,observational_loss,-0.75,0.75,1.5,0.75,0.0,True
0.75,0.4429915850273789,observational_loss,-0.75,0.75,1.5,0.75,0.0,True
0.75,0.22557220497124408,observational_loss,-0.75,0.75,1.5,0.75,0.0,True
0.75,-0.8755892952698585,observational_loss,-0.75,0.75,1.5,0.75,0.0,True
0.75,0.23036258171248747,observational_loss,-0.75,0.75,1.5,0.75,0.0,True
0.75,0.366564605909824,observational_loss,-0.75,0.75,1.5,0.75,0.0,True
0.75,0.6575705868014277,observational_loss,-0.75,0.75,1.5,0.75,0.0,True
0.75,-0.25114894519639175,observational_loss,-0.75,0.75,1.5,0.75,0.0,True
0.75,0.44486449900321423,observational_loss,-0.75,0.75,1.5,0.75,0.0,True
0.75,0.3562118114481079,observational_loss,-0.75,0.75,1.5,0.75,0.0,True
0.75,-0.7738593471613402,observational_loss,-0.75,0.75,1.5,0.75,0.0,True
0.75,-0.23774158185681382,observational_loss,-0.75,0.75,1.5,0.75,0.0,True
0.75,-0.6244029760163261,observational_loss,-0.75,0.75,1.5,0.75,0.0,True
0.75,0.12817241266453872,observational_loss,-0.75,0.75,1.5,0.75,0.0,True
0.75,0.63694827377485,observational_loss,-0.75,0.75,1.5,0.75,0.0,True
0.75,0.850989642710668,observational_loss,-0.75,0.75,1.5,0.75,0.0,True
0.75,-0.42520433839566185,observational_loss,-0.75,0.75,1.5,0.75,0.0,True
0.75,0.42059323090714007,observational_loss,-0.75,0.75,1.5,0.75,0.0,True
0.75,-0.7704036097936089,observational_loss,-0.75,0.75,1.5,0.75,0.0,True
0.75,0.08334815590326605,observational_loss,-0.75,0.75,1.5,0.75,0.0,True
0.75,-0.7997120578711134,observational_loss,-0.75,0.75,1.5,0.75,0.0,True
0.75,0.852233204579931,observational_loss,-0.75,0.75,1.5,0.75,0.0,True
0.75,-0.08098571903154661,observational_loss,-0.75,0.75,1.5,0.75,0.0,True
0.75,0.0313234654596255,observational_loss,-0.75,0.75,1.5,0.75,0.0,True
0.75,-0.7673848403253414,observational_loss,-0.75,0.75,1.5,0.75,0.0,True
0.75,0.8095800026625144,observational_loss,-0.75,0.75,1.5,0.75,0.0,True
0.75,0.8924407449849374,observational_loss,-0.75,0.75,1.5,0.75,0.0,True
0.75,0.41731625073671164,observational_loss,-0.75,0.75,1.5,0.75,0.0,True
0.75,0.9671058225924811,observational_loss,-0.75,0.75,1.5,0.75,0.0,True
0.75,0.49924912547425393,observational_loss,-0.75,0.75,1.5,0.75,0.0,True
0.75,-0.4081600594637209,observational_loss,-0.75,0.75,1.5,0.75,0.0,True
0.75,0.12733306640424824,observational_loss,-0.75,0.75,1.5,0.75,0.0,True
0.75,-0.6994847909970212,observational_loss,-0.75,0.75,1.5,0.75,0.0,True
0.75,0.7453874988261173,observational_loss,-0.75,0.75,1.5,0.75,0.0,True
0.75,-0.39934225455299255,observational_loss,-0.75,0.75,1.5,0.75,0.0,True
0.75,-0.37106524114965,observational_loss,-0.75,0.75,1.5,0.75,0.0,True
0.75,-0.3571446153375304,observational_loss,-0.75,0.75,1.5,0.75,0.0,True
0.75,-0.4875327977896633,observational_loss,-0.75,0.75,1.5,0.75,0.0,True
0.75,-0.32273704677186443,observational_loss,-0.75,0.75,1.5,0.75,0.0,True
0.75,-0.7362649934033727,observational_loss,-0.75,0.75,1.5,0.75,0.0,True
0.75,-0.9412894956554045,observational_loss,-0.75,0.75,1.5,0.75,0.0,True
0.75,0.949399966465097,observational_loss,-0.75,0.75,1.5,0.75,0.0,True
0.75,-0.2733239512178338,observational_loss,-0.75,0.75,1.5,0.75,0.0,True
0.75,0.9832286287329699,observational_loss,-0.75,0.75,1.5,0.75,0.0,True
0.75,0.3754439151517126,observational_loss,-0.75,0.75,1.5,0.75,0.0,True
0.75,0.6312802355192311,observational_loss,-0.75,0.75,1.5,0.75,0.0,True
0.75,-0.7603765281526325,observational_loss,-0.75,0.75,1.5,0.75,0.0,True
0.75,-0.05535833868556783,observational_loss,-0.75,0.75,1.5,0.75,0.0,True
0.75,-0.6925309283603391,observational_loss,-0.75,0.75,1.5,0.75,0.0,True
0.75,-0.17411408655593763,observational_loss,-0.75,0.75,1.5,0.75,0.0,True
0.75,-0.7958049962626723,observational_loss,-0.75,0.75,1.5,0.75,0.0,True
0.75,0.04765784277307872,observational_loss,-0.75,0.75,1.5,0.75,0.0,True
0.75,0.6191924548505301,observational_loss,-0.75,0.75,1.5,0.75,0.0,True
0.75,0.7977561645815587,observational_loss,-0.75,0.75,1.5,0.75,0.0,True
0.75,0.7928248796583686,observational_loss,-0.75,0.75,1.5,0.75,0.0,True
0.75,0.6112099965971571,observational_loss,-0.75,0.75,1.5,0.75,0.0,True
0.75,0.38201691095848567,observational_loss,-0.75,0.75,1.5,0.75,0.0,True
0.75,-0.35291483651274436,observational_loss,-0.75,0.75,1.5,0.75,0.0,True
0.75,-0.7636674087551842,observational_loss,-0.75,0.75,1.5,0.75,0.0,True
0.75,0.2052439862300759,observational_loss,-0.75,0.75,1.5,0.75,0.0,True
0.75,-0.6789095345535539,observational_loss,-0.75,0.75,1.5,0.75,0.0,True
0.75,0.3760127744590034,observational_loss,-0.75,0.75,1.5,0.75,0.0,True
0.75,-0.929645204974815,observational_loss,-0.75,0.75,1.5,0.75,0.0,True
0.75,0.9764288325282982,observational_loss,-0.75,0.75,1.5,0.75,0.0,True
0.75,0.4630115882449697,observational_loss,-0.75,0.75,1.5,0.75,0.0,True
0.75,-0.6449326440940126,observational_loss,-0.75,0.75,1.5,0.75,0.0,True
0.75,-0.6625333869505821,observational_loss,-0.75,0.75,1.5,0.75,0.0,True
0.75,-0.9561146194240329,observational_loss,-0.75,0.75,1.5,0.75,0.0,True
0.75,-0.8786167140913206,observational_loss,-0.75,0.75,1.5,0.75,0.0,True
0.75,0.26025557277455635,observational_loss,-0.75,0.75,1.5,0.75,0.0,True
0.75,0.8875272581262805,observational_loss,-0.75,0.75,1.5,0.75,0.0,True
0.75,0.8357910311198082,observational_loss,-0.75,0.75,1.5,0.75,0.0,True
0.75,0.8716453143174834,observational_loss,-0.75,0.75,1.5,0.75,0.0,True
0.75,-0.9421740852283209,observational_loss,-0.75,0.75,1.5,0.75,0.0,True
0.75,0.4992893000910221,observational_loss,-0.75,0.75,1.5,0.75,0.0,True
0.75,0.056483498876022775,observational_loss,-0.75,0.75,1.5,0.75,0.0,True
0.75,-0.5542594545316981,observational_loss,-0.75,0.75,1.5,0.75,0.0,True
0.75,0.4527163386220667,observational_loss,-0.75,0.75,1.5,0.75,0.0,True
0.75,-0.09124005371828181,observational_loss,-0.75,0.75,1.5,0.75,0.0,True
0.75,-0.9723280882765233,observational_loss,-0.75,0.75,1.5,0.75,0.0,True
0.75,-0.9595965600016509,observational_loss,-0.75,0.75,1.5,0.75,0.0,True
0.75,0.6811286228637581,observational_loss,-0.75,0.75,1.5,0.75,0.0,True
0.75,-0.6305426582080407,observational_loss,-0.75,0.75,1.5,0.75,0.0,True
0.75,0.27751928673165605,observational_loss,-0.75,0.75,1.5,0.75,0.0,True
0.75,-0.43799329170498935,observational_loss,-0.75,0.75,1.5,0.75,0.0,True
0.75,0.7407965863974528,observational_loss,-0.75,0.75,1.5,0.75,0.0,True
0.75,-0.5050683075077049,observational_loss,-0.75,0.75,1.5,0.75,0.0,True
0.75,0.17518316972415682,observational_loss,-0.75,0.75,1.5,0.75,0.0,True
0.75,0.15634082984207964,observational_loss,-0.75,0.75,1.5,0.75,0.0,True
0.75,-0.3313452221469564,observational_loss,-0.75,0.75,1.5,0.75,0.0,True
0.75,-0.060836377829430965,observational_loss,-0.75,0.75,1.5,0.75,0.0,True
0.75,0.6149836815194409,observational_loss,-0.75,0.75,1.5,0.75,0.0,True
0.75,-0.3799394874654398,observational_loss,-0.75,0.75,1.5,0.75,0.0,True
0.75,-0.5998178362496549,observational_loss,-0.75,0.75,1.5,0.75,0.0,True
0.75,-0.05388956507324738,observational_loss,-0.75,0.75,1.5,0.75,0.0,True
0.75,-0.4296790841221696,observational_loss,-0.75,0.75,1.5,0.75,0.0,True
0.75,0.8689320215151528,observational_loss,-0.75,0.75,1.5,0.75,0.0,True
0.75,0.4015159674383897,observational_loss,-0.75,0.75,1.5,0.75,0.0,True
0.75,0.47968333099846316,observational_loss,-0.75,0.75,1.5,0.75,0.0,True
0.75,-0.9584047822053783,observational_loss,-0.75,0.75,1.5,0.75,0.0,True
0.75,-0.9252374598718902,observational_loss,-0.75,0.75,1.5,0.75,0.0,True
0.75,-0.989298996773726,observational_loss,-0.75,0.75,1.5,0.75,0.0,True
0.75,0.6023595526594803,observational_loss,-0.75,0.75,1.5,0.75,0.0,True
0.75,0.50112674891195,observational_loss,-0.75,0.75,1.5,0.75,0.0,True
0.75,-0.34301449230510705,observational_loss,-0.75,0.75,1.5,0.75,0.0,True
0.75,-0.9678456411950984,observational_loss,-0.75,0.75,1.5,0.75,0.0,True
0.75,0.013842838957736303,observational_loss,-0.75,0.75,1.5,0.75,0.0,True
0.75,-0.5756454273521052,observational_loss,-0.75,0.75,1.5,0.75,0.0,True
0.75,-0.36061337417963935,observational_loss,-0.75,0.75,1.5,0.75,0.0,True
0.75,-0.5041963236166997,observational_loss,-0.75,0.75,1.5,0.75,0.0,True
0.75,0.48285046000332743,observational_loss,-0.75,0.75,1.5,0.75,0.0,True
0.75,0.7464557795245894,observational_loss,-0.75,0.75,1.5,0.75,0.0,True
0.75,0.30620170540079217,observational_loss,-0.75,0.75,1.5,0.75,0.0,True
0.75,0.3039364571559997,observational_loss,-0.75,0.75,1.5,0.75,0.0,True
0.75,0.09259095037883447,observational_loss,-0.75,0.75,1.5,0.75,0.0,True
0.75,0.23558652599215324,observational_loss,-0.75,0.75,1.5,0.75,0.0,True
0.75,-0.862069360652139,observational_loss,-0.75,0.75,1.5,0.75,0.0,True
0.75,0.3707328221673134,observational_loss,-0.75,0.75,1.5,0.75,0.0,True
0.75,-0.791727534157705,observational_loss,-0.75,0.75,1.5,0.75,0.0,True
0.75,-0.13735888748983616,observational_loss,-0.75,0.75,1.5,0.75,0.0,True
0.75,0.15485034001520592,observational_loss,-0.75,0.75,1.5,0.75,0.0,True
0.75,0.5012253339975778,observational_loss,-0.75,0.75,1.5,0.75,0.0,True
0.75,0.7739052260105901,observational_loss,-0.75,0.75,1.5,0.75,0.0,True
0.75,0.46236524230627474,observational_loss,-0.75,0.75,1.5,0.75,0.0,True
0.75,0.6155228312052421,observational_loss,-0.75,0.75,1.5,0.75,0.0,True
0.75,0.1484836835988692,observational_loss,-0.75,0.75,1.5,0.75,0.0,True
0.75,-0.7791859424571712,observational_loss,-0.75,0.75,1.5,0.75,0.0,True
0.75,0.9779579986164688,observational_loss,-0.75,0.75,1.5,0.75,0.0,True
0.75,-0.9055581133516195,observational_loss,-0.75,0.75,1.5,0.75,0.0,True
0.75,-0.34501955726892186,observational_loss,-0.75,0.75,1.5,0.75,0.0,True
0.75,0.33429119879228564,observational_loss,-0.75,0.75,1.5,0.75,0.0,True
0.75,0.1822361587399839,observational_loss,-0.75,0.75,1.5,0.75,0.0,True
0.75,0.38814373102906474,observational_loss,-0.75,0.75,1.5,0.75,0.0,True
0.75,-0.04383334144119866,observational_loss,-0.75,0.75,1.5,0.75,0.0,True
0.75,0.4489084697508863,observational_loss,-0.75,0.75,1.5,0.75,0.0,True
0.75,0.20867536968170053,observational_loss,-0.75,0.75,1.5,0.75,0.0,True
0.75,0.9570180071418772,observational_loss,-0.75,0.75,1.5,0.75,0.0,True
0.75,-0.6593357511484534,observational_loss,-0.75,0.75,1.5,0.75,0.0,True
0.75,-0.4882448635448178,observational_loss,-0.75,0.75,1.5,0.75,0.0,True
0.75,-0.9376303373764001,observational_loss,-0.75,0.75,1.5,0.75,0.0,True
0.75,-0.12881517729272995,observational_loss,-0.75,0.75,1.5,0.75,0.0,True
0.75,-0.6510700574819994,observational_loss,-0.75,0.75,1.5,0.75,0.0,True
0.75,-0.10251441744672807,observational_loss,-0.75,0.75,1.5,0.75,0.0,True
0.75,0.959825575249114,observational_loss,-0.75,0.75,1.5,0.75,0.0,True
0.75,0.07418140961152409,observational_loss,-0.75,0.75,1.5,0.75,0.0,True
0.75,0.5291365758836162,observational_loss,-0.75,0.75,1.5,0.75,0.0,True
0.75,0.961965348254235,observational_loss,-0.75,0.75,1.5,0.75,0.0,True
0.75,0.9373125880619537,observational_loss,-0.75,0.75,1.5,0.75,0.0,True
0.75,0.9329693660055711,observational_loss,-0.75,0.75,1.5,0.75,0.0,True
0.75,-0.3604623549487125,observational_loss,-0.75,0.75,1.5,0.75,0.0,True
0.75,0.4553969551137096,observational_loss,-0.75,0.75,1.5,0.75,0.0,True
0.75,0.4023614249712628,observational_loss,-0.75,0.75,1.5,0.75,0.0,True
0.75,-0.6245530065190772,observational_loss,-0.75,0.75,1.5,0.75,0.0,True
0.75,-0.8830529746459226,observational_loss,-0.75,0.75,1.5,0.75,0.0,True
0.75,-0.94595268765798,observational_loss,-0.75,0.75,1.5,0.75,0.0,True
0.75,0.024679492901452216,observational_loss,-0.75,0.75,1.5,0.75,0.0,True
0.75,-0.088359890069025,observational_loss,-0.75,0.75,1.5,0.75,0.0,True
0.75,-0.7905920353695408,observational_loss,-0.75,0.75,1.5,0.75,0.0,True
0.75,0.023639382588547697,observational_loss,-0.75,0.75,1.5,0.75,0.0,True
0.75,0.982166459196181,observational_loss,-0.75,0.75,1.5,0.75,0.0,True
0.75,-0.1794978071694724,observational_loss,-0.75,0.75,1.5,0.75,0.0,True
0.75,0.05138513163268077,observational_loss,-0.75,0.75,1.5,0.75,0.0,True
0.75,0.21650207918539022,observational_loss,-0.75,0.75,1.5,0.75,0.0,True
0.75,0.1643578273965367,observational_loss,-0.75,0.75,1.5,0.75,0.0,True
0.75,-0.02975693595070772,observational_loss,-0.75,0.75,1.5,0.75,0.0,True
0.75,-0.5179147945713967,observational_loss,-0.75,0.75,1.5,0.75,0.0,True
0.75,-0.4659572306168702,observational_loss,-0.75,0.75,1.5,0.75,0.0,True
0.75,-0.8353093229547945,observational_loss,-0.75,0.75,1.5,0.75,0.0,True
0.75,-0.9904402568805826,observational_loss,-0.75,0.75,1.5,0.75,0.0,True
0.75,-0.7214013813439157,observational_loss,-0.75,0.75,1.5,0.75,0.0,True
0.75,0.7158877279811191,observational_loss,-0.75,0.75,1.5,0.75,0.0,True
0.75,-0.5825335143095172,observational_loss,-0.75,0.75,1.5,0.75,0.0,True
0.75,-0.9122989114063498,observational_loss,-0.75,0.75,1.5,0.75,0.0,True
0.75,0.7826675562158611,observational_loss,-0.75,0.75,1.5,0.75,0.0,True
0.75,-0.8799352982242197,observational_loss,-0.75,0.75,1.5,0.75,0.0,True
0.75,-0.4590472113813513,observational_loss,-0.75,0.75,1.5,0.75,0.0,True
0.75,-0.3935274643408879,observational_loss,-0.75,0.75,1.5,0.75,0.0,True
0.75,-0.3050644130638338,observational_loss,-0.75,0.75,1.5,0.75,0.0,True
0.75,0.9756345000384372,observational_loss,-0.75,0.75,1.5,0.75,0.0,True
0.75,-0.4841436773691148,observational_loss,-0.75,0.75,1.5,0.75,0.0,True
0.75,0.6109333377560109,observational_loss,-0.75,0.75,1.5,0.75,0.0,True
0.75,-0.36112120211154464,observational_loss,-0.75,0.75,1.5,0.75,0.0,True
0.75,-0.9195593529954582,observational_loss,-0.75,0.75,1.5,0.75,0.0,True
0.75,-0.033591703755498026,observational_loss,-0.75,0.75,1.5,0.75,0.0,True
0.75,-0.7134608131887408,observational_loss,-0.75,0.75,1.5,0.75,0.0,True
0.75,0.5045738714096033,observational_loss,-0.75,0.75,1.5,0.75,0.0,True
0.75,-0.013195024974247183,observational_loss,-0.75,0.75,1.5,0.75,0.0,True
0.75,0.7467292662982177,observational_loss,-0.75,0.75,1.5,0.75,0.0,True
0.75,-0.9938471002681235,observational_loss,-0.75,0.75,1.5,0.75,0.0,True
0.75,-0.4537991983560139,observational_loss,-0.75,0.75,1.5,0.75,0.0,True
0.75,-0.20361823692398828,observational_loss,-0.75,0.75,1.5,0.75,0.0,True
0.75,0.6174436848319538,observational_loss,-0.75,0.75,1.5,0.75,0.0,True
0.75,0.6535812108539447,observational_loss,-0.75,0.75,1.5,0.75,0.0,True
0.75,0.7134506408033354,observational_loss,-0.75,0.75,1.5,0.75,0.0,True
0.75,0.6001290967526867,observational_loss,-0.75,0.75,1.5,0.75,0.0,True
0.75,-0.49025711800940064,observational_loss,-0.75,0.75,1.5,0.75,0.0,True
0.75,0.7559692744334419,observational_loss,-0.75,0.75,1.5,0.75,0.0,True
0.75,-0.8647693131039396,observational_loss,-0.75,0.75,1.5,0.75,0.0,True
0.75,-0.8782127225733025,observational_loss,-0.75,0.75,1.5,0.75,0.0,True
0.75,-0.74220958377971,observational_loss,-0.75,0.75,1.5,0.75,0.0,True
0.75,0.5546801620039938,observational_loss,-0.75,0.75,1.5,0.75,0.0,True
0.75,-0.13226387804147488,observational_loss,-0.75,0.75,1.5,0.75,0.0,True
0.75,-0.054637333139272215,observational_loss,-0.75,0.75,1.5,0.75,0.0,True
0.75,-0.8471425585027148,observational_loss,-0.75,0.75,1.5,0.75,0.0,True
0.75,-0.41417475019221817,observational_loss,-0.75,0.75,1.5,0.75,0.0,True
0.75,-0.8159955098194414,observational_loss,-0.75,0.75,1.5,0.75,0.0,True
0.75,-0.25532141547635634,observational_loss,-0.75,0.75,1.5,0.75,0.0,True
0.75,-0.9314839282301115,observational_loss,-0.75,0.75,1.5,0.75,0.0,True
0.75,0.5803536740897037,observational_loss,-0.75,0.75,1.5,0.75,0.0,True
0.75,0.16057808325633105,observational_loss,-0.75,0.75,1.5,0.75,0.0,True
0.75,0.8085196289216001,observational_loss,-0.75,0.75,1.5,0.75,0.0,True
0.75,-0.5195919303586216,observational_loss,-0.75,0.75,1.5,0.75,0.0,True
0.75,0.614769128149063,observational_loss,-0.75,0.75,1.5,0.75,0.0,True
0.75,0.3467240960619664,observational_loss,-0.75,0.75,1.5,0.75,0.0,True
0.75,-0.8738694721656846,observational_loss,-0.75,0.75,1.5,0.75,0.0,True
0.75,-0.8768980984371233,observational_loss,-0.75,0.75,1.5,0.75,0.0,True
0.75,-0.9426190194911324,observational_loss,-0.75,0.75,1.5,0.75,0.0,True
0.75,-0.11762990382534722,observational_loss,-0.75,0.75,1.5,0.75,0.0,True
0.75,0.03590730176805246,observational_loss,-0.75,0.75,1.5,0.75,0.0,True
0.75,0.5292639486415975,observational_loss,-0.75,0.75,1.5,0.75,0.0,True
0.75,-0.03456627661583922,observational_loss,-0.75,0.75,1.5,0.75,0.0,True
0.75,0.33123964606971623,observational_loss,-0.75,0.75,1.5,0.75,0.0,True
0.75,0.9462100436622727,observational_loss,-0.75,0.75,1.5,0.75,0.0,True
0.75,-0.883919432009695,observational_loss,-0.75,0.75,1.5,0.75,0.0,True
0.75,0.206602639749909,observational_loss,-0.75,0.75,1.5,0.75,0.0,True
0.75,0.7004356166108925,observational_loss,-0.75,0.75,1.5,0.75,0.0,True
0.75,0.2987045559516097,observational_loss,-0.75,0.75,1.5,0.75,0.0,True
0.75,0.8723432550569736,observational_loss,-0.75,0.75,1.5,0.75,0.0,True
0.75,0.04872954790486239,observational_loss,-0.75,0.75,1.5,0.75,0.0,True
0.75,-0.4183664237889042,observational_loss,-0.75,0.75,1.5,0.75,0.0,True
0.75,-0.04330574634974571,observational_loss,-0.75,0.75,1.5,0.75,0.0,True
0.75,0.2277508176649099,observational_loss,-0.75,0.75,1.5,0.75,0.0,True
0.75,0.20316868026963708,observational_loss,-0.75,0.75,1.5,0.75,0.0,True
0.75,-0.5370325830982052,observational_loss,-0.75,0.75,1.5,0.75,0.0,True
0.75,0.7809305990709567,observational_loss,-0.75,0.75,1.5,0.75,0.0,True
0.75,0.586432210198709,observational_loss,-0.75,0.75,1.5,0.75,0.0,True
0.75,-0.5250904950416022,observational_loss,-0.75,0.75,1.5,0.75,0.0,True
0.75,-0.4953333563000242,observational_loss,-0.75,0.75,1.5,0.75,0.0,True
0.75,0.6286607263860395,observational_loss,-0.75,0.75,1.5,0.75,0.0,True
0.75,-0.4262885984918767,observational_loss,-0.75,0.75,1.5,0.75,0.0,True
0.75,-0.9630091196168555,observational_loss,-0.75,0.75,1.5,0.75,0.0,True
0.75,-0.3472563717483239,observational_loss,-0.75,0.75,1.5,0.75,0.0,True
0.75,-0.12097876525694007,observational_loss,-0.75,0.75,1.5,0.75,0.0,True
0.75,-0.3797544670221964,observational_loss,-0.75,0.75,1.5,0.75,0.0,True
0.75,-0.8092690605049111,observational_loss,-0.75,0.75,1.5,0.75,0.0,True
0.75,-0.514989824020978,observational_loss,-0.75,0.75,1.5,0.75,0.0,True
0.75,0.03563477429771034,observational_loss,-0.75,0.75,1.5,0.75,0.0,True
0.75,0.06790706752885267,observational_loss,-0.75,0.75,1.5,0.75,0.0,True
0.75,0.11399133373762682,observational_loss,-0.75,0.75,1.5,0.75,0.0,True
0.75,0.9034141116908814,observational_loss,-0.75,0.75,1.5,0.75,0.0,True
0.75,0.03693266424853525,observational_loss,-0.75,0.75,1.5,0.75,0.0,True
0.75,0.8023900279333802,observational_loss,-0.75,0.75,1.5,0.75,0.0,True
0.75,0.30332077058887075,observational_loss,-0.75,0.75,1.5,0.75,0.0,True
0.75,-0.65565811811642,observational_loss,-0.75,0.75,1.5,0.75,0.0,True
0.75,0.44551241129406716,observational_loss,-0.75,0.75,1.5,0.75,0.0,True
0.75,0.18630459900989127,observational_loss,-0.75,0.75,1.5,0.75,0.0,True
0.75,0.8545851709413168,observational_loss,-0.75,0.75,1.5,0.75,0.0,True
0.75,0.8704090045858732,observational_loss,-0.75,0.75,1.5,0.75,0.0,True
0.75,0.8842770298225675,observational_loss,-0.75,0.75,1.5,0.75,0.0,True
0.75,-0.37084973350439254,observational_loss,-0.75,0.75,1.5,0.75,0.0,True
0.75,0.301070576940242,observational_loss,-0.75,0.75,1.5,0.75,0.0,True
0.75,0.3768921766266313,observational_loss,-0.75,0.75,1.5,0.75,0.0,True
0.75,0.6600142485340506,observational_loss,-0.75,0.75,1.5,0.75,0.0,True
0.75,0.6612689553188362,observational_loss,-0.75,0.75,1.5,0.75,0.0,True
0.75,-0.8293240255494574,observational_loss,-0.75,0.75,1.5,0.75,0.0,True
0.75,0.2449057967075028,observational_loss,-0.75,0.75,1.5,0.75,0.0,True
0.75,-0.7745749305068252,observational_loss,-0.75,0.75,1.5,0.75,0.0,True
0.75,-0.4619195149725499,observational_loss,-0.75,0.75,1.5,0.75,0.0,True
0.75,0.6565658815214626,observational_loss,-0.75,0.75,1.5,0.75,0.0,True
0.75,-0.8430084594333682,observational_loss,-0.75,0.75,1.5,0.75,0.0,True
0.75,-0.3351958301963558,observational_loss,-0.75,0.75,1.5,0.75,0.0,True
0.75,0.32887026483899384,observational_loss,-0.75,0.75,1.5,0.75,0.0,True
0.75,-0.830543583804974,observational_loss,-0.75,0.75,1.5,0.75,0.0,True
0.75,-0.6302570442964723,observational_loss,-0.75,0.75,1.5,0.75,0.0,True
0.75,0.7784696488506186,observational_loss,-0.75,0.75,1.5,0.75,0.0,True
0.75,-0.4279548184801911,observational_loss,-0.75,0.75,1.5,0.75,0.0,True
0.75,0.9120793438807098,observational_loss,-0.75,0.75,1.5,0.75,0.0,True
0.75,-0.07583080840905687,observational_loss,-0.75,0.75,1.5,0.75,0.0,True
0.75,-0.6550116994131285,observational_loss,-0.75,0.75,1.5,0.75,0.0,True
0.75,-0.13219114935368648,observational_loss,-0.75,0.75,1.5,0.75,0.0,True
0.75,-0.8972825827465538,observational_loss,-0.75,0.75,1.5,0.75,0.0,True
0.75,-0.2896797115832579,observational_loss,-0.75,0.75,1.5,0.75,0.0,True
0.75,0.4099059260200266,observational_loss,-0.75,0.75,1.5,0.75,0.0,True
0.75,-0.17836041025844174,observational_loss,-0.75,0.75,1.5,0.75,0.0,True
0.75,0.25612427607838995,observational_loss,-0.75,0.75,1.5,0.75,0.0,True
0.75,-0.4121547920740345,observational_loss,-0.75,0.75,1.5,0.75,0.0,True
0.75,0.6969316347102041,observational_loss,-0.75,0.75,1.5,0.75,0.0,True
0.75,-0.6618327826471604,observational_loss,-0.75,0.75,1.5,0.75,0.0,True
0.75,-0.5935810306368945,observational_loss,-0.75,0.75,1.5,0.75,0.0,True
0.75,-0.107613280944308,observational_loss,-0.75,0.75,1.5,0.75,0.0,True
0.75,-0.3709318872037015,observational_loss,-0.75,0.75,1.5,0.75,0.0,True
0.75,-0.4162961281524351,observational_loss,-0.75,0.75,1.5,0.75,0.0,True
0.75,0.7819777882107342,observational_loss,-0.75,0.75,1.5,0.75,0.0,True
0.75,0.7553200969203957,observational_loss,-0.75,0.75,1.5,0.75,0.0,True
0.75,0.08323407740455457,observational_loss,-0.75,0.75,1.5,0.75,0.0,True
0.75,0.6064435820788143,observational_loss,-0.75,0.75,1.5,0.75,0.0,True
0.75,-0.48612357931526695,observational_loss,-0.75,0.75,1.5,0.75,0.0,True
0.75,0.284729981605103,observational_loss,-0.75,0.75,1.5,0.75,0.0,True
0.75,0.3058778108174631,observational_loss,-0.75,0.75,1.5,0.75,0.0,True
0.75,0.8678178717640825,observational_loss,-0.75,0.75,1.5,0.75,0.0,True
0.75,-0.01848727101563763,observational_loss,-0.75,0.75,1.5,0.75,0.0,True
0.75,-0.2276537482813017,observational_loss,-0.75,0.75,1.5,0.75,0.0,True
0.75,-0.8052048965516636,observational_loss,-0.75,0.75,1.5,0.75,0.0,True
0.75,-0.3119805227243675,observational_loss,-0.75,0.75,1.5,0.75,0.0,True
0.75,0.5565122423765823,observational_loss,-0.75,0.75,1.5,0.75,0.0,True
0.75,-0.6923098378931098,observational_loss,-0.75,0.75,1.5,0.75,0.0,True
0.75,-0.046267127149039355,observational_loss,-0.75,0.75,1.5,0.75,0.0,True
0.75,0.9434739060646882,observational_loss,-0.75,0.75,1.5,0.75,0.0,True
0.75,-0.22580205066451797,observational_loss,-0.75,0.75,1.5,0.75,0.0,True
0.75,0.5631620328276021,observational_loss,-0.75,0.75,1.5,0.75,0.0,True
0.75,-0.39505446160689317,observational_loss,-0.75,0.75,1.5,0.75,0.0,True
0.75,-0.5552558292672138,observational_loss,-0.75,0.75,1.5,0.75,0.0,True
0.75,0.40620545282353104,observational_loss,-0.75,0.75,1.5,0.75,0.0,True
0.75,0.40441464633524693,observational_loss,-0.75,0.75,1.5,0.75,0.0,True
0.75,-0.5382343899971982,observational_loss,-0.75,0.75,1.5,0.75,0.0,True
0.75,-0.6115790685108822,observational_loss,-0.75,0.75,1.5,0.75,0.0,True
0.75,0.6776846008471311,observational_loss,-0.75,0.75,1.5,0.75,0.0,True
0.75,0.8182435444764,observational_loss,-0.75,0.75,1.5,0.75,0.0,True
0.75,-0.6435235607786318,observational_loss,-0.75,0.75,1.5,0.75,0.0,True
0.75,0.1627938536119744,observational_loss,-0.75,0.75,1.5,0.75,0.0,True
0.75,0.7961019877456432,observational_loss,-0.75,0.75,1.5,0.75,0.0,True
0.75,0.34613121665971436,observational_loss,-0.75,0.75,1.5,0.75,0.0,True
0.75,0.0477400764146827,observational_loss,-0.75,0.75,1.5,0.75,0.0,True
0.75,-0.3631160167695553,observational_loss,-0.75,0.75,1.5,0.75,0.0,True
0.75,-0.58863204247367,observational_loss,-0.75,0.75,1.5,0.75,0.0,True
0.75,-0.40008712849565065,observational_loss,-0.75,0.75,1.5,0.75,0.0,True
0.75,0.19559149824914335,observational_loss,-0.75,0.75,1.5,0.75,0.0,True
0.75,-0.9893605537964882,observational_loss,-0.75,0.75,1.5,0.75,0.0,True
0.75,-0.977908487846685,observational_loss,-0.75,0.75,1.5,0.75,0.0,True
0.75,0.9723573385014295,observational_loss,-0.75,0.75,1.5,0.75,0.0,True
0.75,0.1391384004195173,observational_loss,-0.75,0.75,1.5,0.75,0.0,True
0.75,-0.4887582780537536,observational_loss,-0.75,0.75,1.5,0.75,0.0,True
0.75,-0.6770123231190006,observational_loss,-0.75,0.75,1.5,0.75,0.0,True
0.75,-0.2865175537241236,observational_loss,-0.75,0.75,1.5,0.75,0.0,True
0.75,0.983998848406159,observational_loss,-0.75,0.75,1.5,0.75,0.0,True
0.75,-0.9351387260434085,observational_loss,-0.75,0.75,1.5,0.75,0.0,True
0.75,-0.16034104875501876,observational_loss,-0.75,0.75,1.5,0.75,0.0,True
0.75,-0.07216292192203322,observational_loss,-0.75,0.75,1.5,0.75,0.0,True
0.75,-0.7371418121535225,observational_loss,-0.75,0.75,1.5,0.75,0.0,True
0.75,0.31049579472307687,representational_loss,-0.75,0.75,1.5,0.75,0.0,True
0.75,-0.0544783025156117,representational_loss,-0.75,0.75,1.5,0.75,0.0,True
0.75,-0.12781138912279855,representational_loss,-0.75,0.75,1.5,0.75,0.0,True
0.75,0.5299350613134177,representational_loss,-0.75,0.75,1.5,0.75,0.0,True
0.75,0.38682739000250366,representational_loss,-0.75,0.75,1.5,0.75,0.0,True
0.75,-0.19045053559397296,representational_loss,-0.75,0.75,1.5,0.75,0.0,True
0.75,0.70823724353804,representational_loss,-0.75,0.75,1.5,0.75,0.0,True
0.75,0.8590777916043291,representational_loss,-0.75,0.75,1.5,0.75,0.0,True
0.75,-0.16224522718974566,representational_loss,-0.75,0.75,1.5,0.75,0.0,True
0.75,0.8311837747437014,representational_loss,-0.75,0.75,1.5,0.75,0.0,True
0.75,-0.8310538229127051,representational_loss,-0.75,0.75,1.5,0.75,0.0,True
0.75,0.6116406539533468,representational_loss,-0.75,0.75,1.5,0.75,0.0,True
0.75,-0.41945563763473737,representational_loss,-0.75,0.75,1.5,0.75,0.0,True
0.75,0.6204050729196233,representational_loss,-0.75,0.75,1.5,0.75,0.0,True
0.75,-0.7189943149675428,representational_loss,-0.75,0.75,1.5,0.75,0.0,True
0.75,-0.33178555171797397,representational_loss,-0.75,0.75,1.5,0.75,0.0,True
0.75,0.9051423788519595,representational_loss,-0.75,0.75,1.5,0.75,0.0,True
0.75,0.056915519521514746,representational_loss,-0.75,0.75,1.5,0.75,0.0,True
0.75,0.649876102332339,representational_loss,-0.75,0.75,1.5,0.75,0.0,True
0.75,-0.3622554796800377,representational_loss,-0.75,0.75,1.5,0.75,0.0,True
0.75,-0.02757930366150152,representational_loss,-0.75,0.75,1.5,0.75,0.0,True
0.75,0.9062959550759366,representational_loss,-0.75,0.75,1.5,0.75,0.0,True
0.75,0.08979263473561305,representational_loss,-0.75,0.75,1.5,0.75,0.0,True
0.75,0.5810436969343922,representational_loss,-0.75,0.75,1.5,0.75,0.0,True
0.75,0.33351277528201106,representational_loss,-0.75,0.75,1.5,0.75,0.0,True
0.75,0.50021045803603,representational_loss,-0.75,0.75,1.5,0.75,0.0,True
0.75,0.647829676283949,representational_loss,-0.75,0.75,1.5,0.75,0.0,True
0.75,0.2532301034366604,representational_loss,-0.75,0.75,1.5,0.75,0.0,True
0.75,-0.45731192417320954,representational_loss,-0.75,0.75,1.5,0.75,0.0,True
0.75,0.9656692799074889,representational_loss,-0.75,0.75,1.5,0.75,0.0,True
0.75,0.7956682782658702,representational_loss,-0.75,0.75,1.5,0.75,0.0,True
0.75,-0.870113418836362,representational_loss,-0.75,0.75,1.5,0.75,0.0,True
0.75,0.6471733576066463,representational_loss,-0.75,0.75,1.5,0.75,0.0,True
0.75,-0.12258281205750432,representational_loss,-0.75,0.75,1.5,0.75,0.0,True
0.75,-0.7924659681337014,representational_loss,-0.75,0.75,1.5,0.75,0.0,True
0.75,-0.9614538437044982,representational_loss,-0.75,0.75,1.5,0.75,0.0,True
0.75,0.31204629970955255,representational_loss,-0.75,0.75,1.5,0.75,0.0,True
0.75,-0.14035420870731552,representational_loss,-0.75,0.75,1.5,0.75,0.0,True
0.75,-0.03808592435085645,representational_loss,-0.75,0.75,1.5,0.75,0.0,True
0.75,-0.031001603913969555,representational_loss,-0.75,0.75,1.5,0.75,0.0,True
0.75,-0.8829243891653982,representational_loss,-0.75,0.75,1.5,0.75,0.0,True
0.75,0.28145074654754487,representational_loss,-0.75,0.75,1.5,0.75,0.0,True
0.75,0.17575530208529533,representational_loss,-0.75,0.75,1.5,0.75,0.0,True
0.75,0.5869151184415577,representational_loss,-0.75,0.75,1.5,0.75,0.0,True
0.75,-0.5263150616207499,representational_loss,-0.75,0.75,1.5,0.75,0.0,True
0.75,0.12658518870624014,representational_loss,-0.75,0.75,1.5,0.75,0.0,True
0.75,-0.05105663381821013,representational_loss,-0.75,0.75,1.5,0.75,0.0,True
0.75,-0.8536492355351997,representational_loss,-0.75,0.75,1.5,0.75,0.0,True
0.75,0.5910251531573292,representational_loss,-0.75,0.75,1.5,0.75,0.0,True
0.75,0.7152698353286933,representational_loss,-0.75,0.75,1.5,0.75,0.0,True
0.75,-0.15599102732261771,representational_loss,-0.75,0.75,1.5,0.75,0.0,True
0.75,-0.8452088463348866,representational_loss,-0.75,0.75,1.5,0.75,0.0,True
0.75,-0.214495034172401,representational_loss,-0.75,0.75,1.5,0.75,0.0,True
0.75,0.4127483393911855,representational_loss,-0.75,0.75,1.5,0.75,0.0,True
0.75,-0.4137604310991858,representational_loss,-0.75,0.75,1.5,0.75,0.0,True
0.75,0.04633768978265618,representational_loss,-0.75,0.75,1.5,0.75,0.0,True
0.75,-0.9049904282084853,representational_loss,-0.75,0.75,1.5,0.75,0.0,True
0.75,-0.9468006466011301,representational_loss,-0.75,0.75,1.5,0.75,0.0,True
0.75,0.2865572848647602,representational_loss,-0.75,0.75,1.5,0.75,0.0,True
0.75,-0.49246765247474134,representational_loss,-0.75,0.75,1.5,0.75,0.0,True
0.75,0.8039372838760315,representational_loss,-0.75,0.75,1.5,0.75,0.0,True
0.75,0.23854233913248857,representational_loss,-0.75,0.75,1.5,0.75,0.0,True
0.75,-0.22877562371946514,representational_loss,-0.75,0.75,1.5,0.75,0.0,True
0.75,-0.4592651872471767,representational_loss,-0.75,0.75,1.5,0.75,0.0,True
0.75,-0.7334459835031455,representational_loss,-0.75,0.75,1.5,0.75,0.0,True
0.75,0.7849792272104572,representational_loss,-0.75,0.75,1.5,0.75,0.0,True
0.75,0.9963682238696876,representational_loss,-0.75,0.75,1.5,0.75,0.0,True
0.75,0.5255374282782288,representational_loss,-0.75,0.75,1.5,0.75,0.0,True
0.75,0.6189325177054181,representational_loss,-0.75,0.75,1.5,0.75,0.0,True
0.75,0.2784174392851164,representational_loss,-0.75,0.75,1.5,0.75,0.0,True
0.75,-0.5449187503356108,representational_loss,-0.75,0.75,1.5,0.75,0.0,True
0.75,0.5821306509718223,representational_loss,-0.75,0.75,1.5,0.75,0.0,True
0.75,0.8169298964431191,representational_loss,-0.75,0.75,1.5,0.75,0.0,True
0.75,0.6344540015152722,representational_loss,-0.75,0.75,1.5,0.75,0.0,True
0.75,-0.0679971724109083,representational_loss,-0.75,0.75,1.5,0.75,0.0,True
0.75,0.4797205691252253,representational_loss,-0.75,0.75,1.5,0.75,0.0,True
0.75,0.7458717976560796,representational_loss,-0.75,0.75,1.5,0.75,0.0,True
0.75,0.8928117786822543,representational_loss,-0.75,0.75,1.5,0.75,0.0,True
0.75,-0.605839376454282,representational_loss,-0.75,0.75,1.5,0.75,0.0,True
0.75,0.35641051629417264,representational_loss,-0.75,0.75,1.5,0.75,0.0,True
0.75,-0.07828174675552124,representational_loss,-0.75,0.75,1.5,0.75,0.0,True
0.75,0.04802168304651522,representational_loss,-0.75,0.75,1.5,0.75,0.0,True
0.75,-0.08759571965009272,representational_loss,-0.75,0.75,1.5,0.75,0.0,True
0.75,-0.4592879410994537,representational_loss,-0.75,0.75,1.5,0.75,0.0,True
0.75,-0.4791975823807606,representational_loss,-0.75,0.75,1.5,0.75,0.0,True
0.75,-0.46088016473893445,representational_loss,-0.75,0.75,1.5,0.75,0.0,True
0.75,0.13025123921138504,representational_loss,-0.75,0.75,1.5,0.75,0.0,True
0.75,0.9357666605760042,representational_loss,-0.75,0.75,1.5,0.75,0.0,True
0.75,0.7992196548412991,representational_loss,-0.75,0.75,1.5,0.75,0.0,True
0.75,0.48812365962949245,representational_loss,-0.75,0.75,1.5,0.75,0.0,True
0.75,0.5577525197458773,representational_loss,-0.75,0.75,1.5,0.75,0.0,True
0.75,-0.6607378978230116,representational_loss,-0.75,0.75,1.5,0.75,0.0,True
0.75,0.47164107896492813,representational_loss,-0.75,0.75,1.5,0.75,0.0,True
0.75,-0.30950064143013334,representational_loss,-0.75,0.75,1.5,0.75,0.0,True
0.75,0.006150742417380561,representational_loss,-0.75,0.75,1.5,0.75,0.0,True
0.75,-0.4043130656082028,representational_loss,-0.75,0.75,1.5,0.75,0.0,True
0.75,-0.9888145923654321,representational_loss,-0.75,0.75,1.5,0.75,0.0,True
0.75,0.5865227529641686,representational_loss,-0.75,0.75,1.5,0.75,0.0,True
0.75,0.9014214844330504,representational_loss,-0.75,0.75,1.5,0.75,0.0,True
0.75,-0.9072770127610534,representational_loss,-0.75,0.75,1.5,0.75,0.0,True
0.75,-0.22743319749475832,representational_loss,-0.75,0.75,1.5,0.75,0.0,True
0.75,0.04912431712130805,representational_loss,-0.75,0.75,1.5,0.75,0.0,True
0.75,0.8282574348692169,representational_loss,-0.75,0.75,1.5,0.75,0.0,True
0.75,-0.00839759326178946,representational_loss,-0.75,0.75,1.5,0.75,0.0,True
0.75,-0.4534342640622766,representational_loss,-0.75,0.75,1.5,0.75,0.0,True
0.75,0.15866354285373863,representational_loss,-0.75,0.75,1.5,0.75,0.0,True
0.75,0.8471249917027401,representational_loss,-0.75,0.75,1.5,0.75,0.0,True
0.75,0.4341712990684854,representational_loss,-0.75,0.75,1.5,0.75,0.0,True
0.75,-0.5579245254168461,representational_loss,-0.75,0.75,1.5,0.75,0.0,True
0.75,0.8874979969348114,representational_loss,-0.75,0.75,1.5,0.75,0.0,True
0.75,0.45878462494768923,representational_loss,-0.75,0.75,1.5,0.75,0.0,True
0.75,-0.22918533573857847,representational_loss,-0.75,0.75,1.5,0.75,0.0,True
0.75,0.7060350861125313,representational_loss,-0.75,0.75,1.5,0.75,0.0,True
0.75,0.013691044061096669,representational_loss,-0.75,0.75,1.5,0.75,0.0,True
0.75,-0.6679307363934819,representational_loss,-0.75,0.75,1.5,0.75,0.0,True
0.75,0.47627692737809557,representational_loss,-0.75,0.75,1.5,0.75,0.0,True
0.75,-0.8132460696686934,representational_loss,-0.75,0.75,1.5,0.75,0.0,True
0.75,-0.4630246056374723,representational_loss,-0.75,0.75,1.5,0.75,0.0,True
0.75,0.13159075331795367,representational_loss,-0.75,0.75,1.5,0.75,0.0,True
0.75,0.628041926397312,representational_loss,-0.75,0.75,1.5,0.75,0.0,True
0.75,0.3175909861569175,representational_loss,-0.75,0.75,1.5,0.75,0.0,True
0.75,-0.6452120471825318,representational_loss,-0.75,0.75,1.5,0.75,0.0,True
0.75,0.7997939791519331,representational_loss,-0.75,0.75,1.5,0.75,0.0,True
0.75,-0.399954880488093,representational_loss,-0.75,0.75,1.5,0.75,0.0,True
0.75,-0.6150584205536416,representational_loss,-0.75,0.75,1.5,0.75,0.0,True
0.75,0.7551450057242699,representational_loss,-0.75,0.75,1.5,0.75,0.0,True
0.75,0.34391080908622573,representational_loss,-0.75,0.75,1.5,0.75,0.0,True
0.75,-0.07539281140034193,representational_loss,-0.75,0.75,1.5,0.75,0.0,True
0.75,0.3337412174692349,representational_loss,-0.75,0.75,1.5,0.75,0.0,True
0.75,-0.11317642222437074,representational_loss,-0.75,0.75,1.5,0.75,0.0,True
0.75,-0.17109794556340163,representational_loss,-0.75,0.75,1.5,0.75,0.0,True
0.75,0.5085950572324311,representational_loss,-0.75,0.75,1.5,0.75,0.0,True
0.75,-0.861384204995375,representational_loss,-0.75,0.75,1.5,0.75,0.0,True
0.75,0.3811822324470917,representational_loss,-0.75,0.75,1.5,0.75,0.0,True
0.75,-0.905392452819151,representational_loss,-0.75,0.75,1.5,0.75,0.0,True
0.75,0.8898059822179134,representational_loss,-0.75,0.75,1.5,0.75,0.0,True
0.75,-0.5763859333395975,representational_loss,-0.75,0.75,1.5,0.75,0.0,True
0.75,-0.964407319465105,representational_loss,-0.75,0.75,1.5,0.75,0.0,True
0.75,0.26058124299304897,representational_loss,-0.75,0.75,1.5,0.75,0.0,True
0.75,-0.64549181166322,representational_loss,-0.75,0.75,1.5,0.75,0.0,True
0.75,-0.2977129604360824,representational_loss,-0.75,0.75,1.5,0.75,0.0,True
0.75,0.6066154207899217,representational_loss,-0.75,0.75,1.5,0.75,0.0,True
0.75,0.9409205436385051,representational_loss,-0.75,0.75,1.5,0.75,0.0,True
0.75,0.6764918378562408,representational_loss,-0.75,0.75,1.5,0.75,0.0,True
0.75,-0.4894497934337676,representational_loss,-0.75,0.75,1.5,0.75,0.0,True
0.75,-0.218689766073624,representational_loss,-0.75,0.75,1.5,0.75,0.0,True
0.75,0.9103464518063316,representational_loss,-0.75,0.75,1.5,0.75,0.0,True
0.75,0.7634253391195944,representational_loss,-0.75,0.75,1.5,0.75,0.0,True
0.75,-0.6469552796028921,representational_loss,-0.75,0.75,1.5,0.75,0.0,True
0.75,0.3471389638919997,representational_loss,-0.75,0.75,1.5,0.75,0.0,True
0.75,-0.1905422132180956,representational_loss,-0.75,0.75,1.5,0.75,0.0,True
0.75,0.9280162454270979,representational_loss,-0.75,0.75,1.5,0.75,0.0,True
0.75,0.21049316865814816,representational_loss,-0.75,0.75,1.5,0.75,0.0,True
0.75,0.588180909994884,representational_loss,-0.75,0.75,1.5,0.75,0.0,True
0.75,0.8884597191285108,representational_loss,-0.75,0.75,1.5,0.75,0.0,True
0.75,-0.7217947798934423,representational_loss,-0.75,0.75,1.5,0.75,0.0,True
0.75,0.3866736219255136,representational_loss,-0.75,0.75,1.5,0.75,0.0,True
0.75,-0.8417916323476329,representational_loss,-0.75,0.75,1.5,0.75,0.0,True
0.75,0.04359429669335335,representational_loss,-0.75,0.75,1.5,0.75,0.0,True
0.75,0.6804354125476306,representational_loss,-0.75,0.75,1.5,0.75,0.0,True
0.75,-0.7769751930153768,representational_loss,-0.75,0.75,1.5,0.75,0.0,True
0.75,0.09688425474414486,representational_loss,-0.75,0.75,1.5,0.75,0.0,True
0.75,0.4429915850273789,representational_loss,-0.75,0.75,1.5,0.75,0.0,True
0.75,0.22557220497124408,representational_loss,-0.75,0.75,1.5,0.75,0.0,True
0.75,-0.8755892952698585,representational_loss,-0.75,0.75,1.5,0.75,0.0,True
0.75,0.23036258171248747,representational_loss,-0.75,0.75,1.5,0.75,0.0,True
0.75,0.366564605909824,representational_loss,-0.75,0.75,1.5,0.75,0.0,True
0.75,0.6575705868014277,representational_loss,-0.75,0.75,1.5,0.75,0.0,True
0.75,-0.25114894519639175,representational_loss,-0.75,0.75,1.5,0.75,0.0,True
0.75,0.44486449900321423,representational_loss,-0.75,0.75,1.5,0.75,0.0,True
0.75,0.3562118114481079,representational_loss,-0.75,0.75,1.5,0.75,0.0,True
0.75,-0.7738593471613402,representational_loss,-0.75,0.75,1.5,0.75,0.0,True
0.75,-0.23774158185681382,representational_loss,-0.75,0.75,1.5,0.75,0.0,True
0.75,-0.6244029760163261,representational_loss,-0.75,0.75,1.5,0.75,0.0,True
0.75,0.12817241266453872,representational_loss,-0.75,0.75,1.5,0.75,0.0,True
0.75,0.63694827377485,representational_loss,-0.75,0.75,1.5,0.75,0.0,True
0.75,0.850989642710668,representational_loss,-0.75,0.75,1.5,0.75,0.0,True
0.75,-0.42520433839566185,representational_loss,-0.75,0.75,1.5,0.75,0.0,True
0.75,0.42059323090714007,representational_loss,-0.75,0.75,1.5,0.75,0.0,True
0.75,-0.7704036097936089,representational_loss,-0.75,0.75,1.5,0.75,0.0,True
0.75,0.08334815590326605,representational_loss,-0.75,0.75,1.5,0.75,0.0,True
0.75,-0.7997120578711134,representational_loss,-0.75,0.75,1.5,0.75,0.0,True
0.75,0.852233204579931,representational_loss,-0.75,0.75,1.5,0.75,0.0,True
0.75,-0.08098571903154661,representational_loss,-0.75,0.75,1.5,0.75,0.0,True
0.75,0.0313234654596255,representational_loss,-0.75,0.75,1.5,0.75,0.0,True
0.75,-0.7673848403253414,representational_loss,-0.75,0.75,1.5,0.75,0.0,True
0.75,0.8095800026625144,representational_loss,-0.75,0.75,1.5,0.75,0.0,True
0.75,0.8924407449849374,representational_loss,-0.75,0.75,1.5,0.75,0.0,True
0.75,0.41731625073671164,representational_loss,-0.75,0.75,1.5,0.75,0.0,True
0.75,0.9671058225924811,representational_loss,-0.75,0.75,1.5,0.75,0.0,True
0.75,0.49924912547425393,representational_loss,-0.75,0.75,1.5,0.75,0.0,True
0.75,-0.4081600594637209,representational_loss,-0.75,0.75,1.5,0.75,0.0,True
0.75,0.12733306640424824,representational_loss,-0.75,0.75,1.5,0.75,0.0,True
0.75,-0.6994847909970212,representational_loss,-0.75,0.75,1.5,0.75,0.0,True
0.75,0.7453874988261173,representational_loss,-0.75,0.75,1.5,0.75,0.0,True
0.75,-0.39934225455299255,representational_loss,-0.75,0.75,1.5,0.75,0.0,True
0.75,-0.37106524114965,representational_loss,-0.75,0.75,1.5,0.75,0.0,True
0.75,-0.3571446153375304,representational_loss,-0.75,0.75,1.5,0.75,0.0,True
0.75,-0.4875327977896633,representational_loss,-0.75,0.75,1.5,0.75,0.0,True
0.75,-0.32273704677186443,representational_loss,-0.75,0.75,1.5,0.75,0.0,True
0.75,-0.7362649934033727,representational_loss,-0.75,0.75,1.5,0.75,0.0,True
0.75,-0.9412894956554045,representational_loss,-0.75,0.75,1.5,0.75,0.0,True
0.75,0.949399966465097,representational_loss,-0.75,0.75,1.5,0.75,0.0,True
0.75,-0.2733239512178338,representational_loss,-0.75,0.75,1.5,0.75,0.0,True
0.75,0.9832286287329699,representational_loss,-0.75,0.75,1.5,0.75,0.0,True
0.75,0.3754439151517126,representational_loss,-0.75,0.75,1.5,0.75,0.0,True
0.75,0.6312802355192311,representational_loss,-0.75,0.75,1.5,0.75,0.0,True
0.75,-0.7603765281526325,representational_loss,-0.75,0.75,1.5,0.75,0.0,True
0.75,-0.05535833868556783,representational_loss,-0.75,0.75,1.5,0.75,0.0,True
0.75,-0.6925309283603391,representational_loss,-0.75,0.75,1.5,0.75,0.0,True
0.75,-0.17411408655593763,representational_loss,-0.75,0.75,1.5,0.75,0.0,True
0.75,-0.7958049962626723,representational_loss,-0.75,0.75,1.5,0.75,0.0,True
0.75,0.04765784277307872,representational_loss,-0.75,0.75,1.5,0.75,0.0,True
0.75,0.6191924548505301,representational_loss,-0.75,0.75,1.5,0.75,0.0,True
0.75,0.7977561645815587,representational_loss,-0.75,0.75,1.5,0.75,0.0,True
0.75,0.7928248796583686,representational_loss,-0.75,0.75,1.5,0.75,0.0,True
0.75,0.6112099965971571,representational_loss,-0.75,0.75,1.5,0.75,0.0,True
0.75,0.38201691095848567,representational_loss,-0.75,0.75,1.5,0.75,0.0,True
0.75,-0.35291483651274436,representational_loss,-0.75,0.75,1.5,0.75,0.0,True
0.75,-0.7636674087551842,representational_loss,-0.75,0.75,1.5,0.75,0.0,True
0.75,0.2052439862300759,representational_loss,-0.75,0.75,1.5,0.75,0.0,True
0.75,-0.6789095345535539,representational_loss,-0.75,0.75,1.5,0.75,0.0,True
0.75,0.3760127744590034,representational_loss,-0.75,0.75,1.5,0.75,0.0,True
0.75,-0.929645204974815,representational_loss,-0.75,0.75,1.5,0.75,0.0,True
0.75,0.9764288325282982,representational_loss,-0.75,0.75,1.5,0.75,0.0,True
0.75,0.4630115882449697,representational_loss,-0.75,0.75,1.5,0.75,0.0,True
0.75,-0.6449326440940126,representational_loss,-0.75,0.75,1.5,0.75,0.0,True
0.75,-0.6625333869505821,representational_loss,-0.75,0.75,1.5,0.75,0.0,True
0.75,-0.9561146194240329,representational_loss,-0.75,0.75,1.5,0.75,0.0,True
0.75,-0.8786167140913206,representational_loss,-0.75,0.75,1.5,0.75,0.0,True
0.75,0.26025557277455635,representational_loss,-0.75,0.75,1.5,0.75,0.0,True
0.75,0.8875272581262805,representational_loss,-0.75,0.75,1.5,0.75,0.0,True
0.75,0.8357910311198082,representational_loss,-0.75,0.75,1.5,0.75,0.0,True
0.75,0.8716453143174834,representational_loss,-0.75,0.75,1.5,0.75,0.0,True
0.75,-0.9421740852283209,representational_loss,-0.75,0.75,1.5,0.75,0.0,True
0.75,0.4992893000910221,representational_loss,-0.75,0.75,1.5,0.75,0.0,True
0.75,0.056483498876022775,representational_loss,-0.75,0.75,1.5,0.75,0.0,True
0.75,-0.5542594545316981,representational_loss,-0.75,0.75,1.5,0.75,0.0,True
0.75,0.4527163386220667,representational_loss,-0.75,0.75,1.5,0.75,0.0,True
0.75,-0.09124005371828181,representational_loss,-0.75,0.75,1.5,0.75,0.0,True
0.75,-0.9723280882765233,representational_loss,-0.75,0.75,1.5,0.75,0.0,True
0.75,-0.9595965600016509,representational_loss,-0.75,0.75,1.5,0.75,0.0,True
0.75,0.6811286228637581,representational_loss,-0.75,0.75,1.5,0.75,0.0,True
0.75,-0.6305426582080407,representational_loss,-0.75,0.75,1.5,0.75,0.0,True
0.75,0.27751928673165605,representational_loss,-0.75,0.75,1.5,0.75,0.0,True
0.75,-0.43799329170498935,representational_loss,-0.75,0.75,1.5,0.75,0.0,True
0.75,0.7407965863974528,representational_loss,-0.75,0.75,1.5,0.75,0.0,True
0.75,-0.5050683075077049,representational_loss,-0.75,0.75,1.5,0.75,0.0,True
0.75,0.17518316972415682,representational_loss,-0.75,0.75,1.5,0.75,0.0,True
0.75,0.15634082984207964,representational_loss,-0.75,0.75,1.5,0.75,0.0,True
0.75,-0.3313452221469564,representational_loss,-0.75,0.75,1.5,0.75,0.0,True
0.75,-0.060836377829430965,representational_loss,-0.75,0.75,1.5,0.75,0.0,True
0.75,0.6149836815194409,representational_loss,-0.75,0.75,1.5,0.75,0.0,True
0.75,-0.3799394874654398,representational_loss,-0.75,0.75,1.5,0.75,0.0,True
0.75,-0.5998178362496549,representational_loss,-0.75,0.75,1.5,0.75,0.0,True
0.75,-0.05388956507324738,representational_loss,-0.75,0.75,1.5,0.75,0.0,True
0.75,-0.4296790841221696,representational_loss,-0.75,0.75,1.5,0.75,0.0,True
0.75,0.8689320215151528,representational_loss,-0.75,0.75,1.5,0.75,0.0,True
0.75,0.4015159674383897,representational_loss,-0.75,0.75,1.5,0.75,0.0,True
0.75,0.47968333099846316,representational_loss,-0.75,0.75,1.5,0.75,0.0,True
0.75,-0.9584047822053783,representational_loss,-0.75,0.75,1.5,0.75,0.0,True
0.75,-0.9252374598718902,representational_loss,-0.75,0.75,1.5,0.75,0.0,True
0.75,-0.989298996773726,representational_loss,-0.75,0.75,1.5,0.75,0.0,True
0.75,0.6023595526594803,representational_loss,-0.75,0.75,1.5,0.75,0.0,True
0.75,0.50112674891195,representational_loss,-0.75,0.75,1.5,0.75,0.0,True
0.75,-0.34301449230510705,representational_loss,-0.75,0.75,1.5,0.75,0.0,True
0.75,-0.9678456411950984,representational_loss,-0.75,0.75,1.5,0.75,0.0,True
0.75,0.013842838957736303,representational_loss,-0.75,0.75,1.5,0.75,0.0,True
0.75,-0.5756454273521052,representational_loss,-0.75,0.75,1.5,0.75,0.0,True
0.75,-0.36061337417963935,representational_loss,-0.75,0.75,1.5,0.75,0.0,True
0.75,-0.5041963236166997,representational_loss,-0.75,0.75,1.5,0.75,0.0,True
0.75,0.48285046000332743,representational_loss,-0.75,0.75,1.5,0.75,0.0,True
0.75,0.7464557795245894,representational_loss,-0.75,0.75,1.5,0.75,0.0,True
0.75,0.30620170540079217,representational_loss,-0.75,0.75,1.5,0.75,0.0,True
0.75,0.3039364571559997,representational_loss,-0.75,0.75,1.5,0.75,0.0,True
0.75,0.09259095037883447,representational_loss,-0.75,0.75,1.5,0.75,0.0,True
0.75,0.23558652599215324,representational_loss,-0.75,0.75,1.5,0.75,0.0,True
0.75,-0.862069360652139,representational_loss,-0.75,0.75,1.5,0.75,0.0,True
0.75,0.3707328221673134,representational_loss,-0.75,0.75,1.5,0.75,0.0,True
0.75,-0.791727534157705,representational_loss,-0.75,0.75,1.5,0.75,0.0,True
0.75,-0.13735888748983616,representational_loss,-0.75,0.75,1.5,0.75,0.0,True
0.75,0.15485034001520592,representational_loss,-0.75,0.75,1.5,0.75,0.0,True
0.75,0.5012253339975778,representational_loss,-0.75,0.75,1.5,0.75,0.0,True
0.75,0.7739052260105901,representational_loss,-0.75,0.75,1.5,0.75,0.0,True
0.75,0.46236524230627474,representational_loss,-0.75,0.75,1.5,0.75,0.0,True
0.75,0.6155228312052421,representational_loss,-0.75,0.75,1.5,0.75,0.0,True
0.75,0.1484836835988692,representational_loss,-0.75,0.75,1.5,0.75,0.0,True
0.75,-0.7791859424571712,representational_loss,-0.75,0.75,1.5,0.75,0.0,True
0.75,0.9779579986164688,representational_loss,-0.75,0.75,1.5,0.75,0.0,True
0.75,-0.9055581133516195,representational_loss,-0.75,0.75,1.5,0.75,0.0,True
0.75,-0.34501955726892186,representational_loss,-0.75,0.75,1.5,0.75,0.0,True
0.75,0.33429119879228564,representational_loss,-0.75,0.75,1.5,0.75,0.0,True
0.75,0.1822361587399839,representational_loss,-0.75,0.75,1.5,0.75,0.0,True
0.75,0.38814373102906474,representational_loss,-0.75,0.75,1.5,0.75,0.0,True
0.75,-0.04383334144119866,representational_loss,-0.75,0.75,1.5,0.75,0.0,True
0.75,0.4489084697508863,representational_loss,-0.75,0.75,1.5,0.75,0.0,True
0.75,0.20867536968170053,representational_loss,-0.75,0.75,1.5,0.75,0.0,True
0.75,0.9570180071418772,representational_loss,-0.75,0.75,1.5,0.75,0.0,True
0.75,-0.6593357511484534,representational_loss,-0.75,0.75,1.5,0.75,0.0,True
0.75,-0.4882448635448178,representational_loss,-0.75,0.75,1.5,0.75,0.0,True
0.75,-0.9376303373764001,representational_loss,-0.75,0.75,1.5,0.75,0.0,True
0.75,-0.12881517729272995,representational_loss,-0.75,0.75,1.5,0.75,0.0,True
0.75,-0.6510700574819994,representational_loss,-0.75,0.75,1.5,0.75,0.0,True
0.75,-0.10251441744672807,representational_loss,-0.75,0.75,1.5,0.75,0.0,True
0.75,0.959825575249114,representational_loss,-0.75,0.75,1.5,0.75,0.0,True
0.75,0.07418140961152409,representational_loss,-0.75,0.75,1.5,0.75,0.0,True
0.75,0.5291365758836162,representational_loss,-0.75,0.75,1.5,0.75,0.0,True
0.75,0.961965348254235,representational_loss,-0.75,0.75,1.5,0.75,0.0,True
0.75,0.9373125880619537,representational_loss,-0.75,0.75,1.5,0.75,0.0,True
0.75,0.9329693660055711,representational_loss,-0.75,0.75,1.5,0.75,0.0,True
0.75,-0.3604623549487125,representational_loss,-0.75,0.75,1.5,0.75,0.0,True
0.75,0.4553969551137096,representational_loss,-0.75,0.75,1.5,0.75,0.0,True
0.75,0.4023614249712628,representational_loss,-0.75,0.75,1.5,0.75,0.0,True
0.75,-0.6245530065190772,representational_loss,-0.75,0.75,1.5,0.75,0.0,True
0.75,-0.8830529746459226,representational_loss,-0.75,0.75,1.5,0.75,0.0,True
0.75,-0.94595268765798,representational_loss,-0.75,0.75,1.5,0.75,0.0,True
0.75,0.024679492901452216,representational_loss,-0.75,0.75,1.5,0.75,0.0,True
0.75,-0.088359890069025,representational_loss,-0.75,0.75,1.5,0.75,0.0,True
0.75,-0.7905920353695408,representational_loss,-0.75,0.75,1.5,0.75,0.0,True
0.75,0.023639382588547697,representational_loss,-0.75,0.75,1.5,0.75,0.0,True
0.75,0.982166459196181,representational_loss,-0.75,0.75,1.5,0.75,0.0,True
0.75,-0.1794978071694724,representational_loss,-0.75,0.75,1.5,0.75,0.0,True
0.75,0.05138513163268077,representational_loss,-0.75,0.75,1.5,0.75,0.0,True
0.75,0.21650207918539022,representational_loss,-0.75,0.75,1.5,0.75,0.0,True
0.75,0.1643578273965367,representational_loss,-0.75,0.75,1.5,0.75,0.0,True
0.75,-0.02975693595070772,representational_loss,-0.75,0.75,1.5,0.75,0.0,True
0.75,-0.5179147945713967,representational_loss,-0.75,0.75,1.5,0.75,0.0,True
0.75,-0.4659572306168702,representational_loss,-0.75,0.75,1.5,0.75,0.0,True
0.75,-0.8353093229547945,representational_loss,-0.75,0.75,1.5,0.75,0.0,True
0.75,-0.9904402568805826,representational_loss,-0.75,0.75,1.5,0.75,0.0,True
0.75,-0.7214013813439157,representational_loss,-0.75,0.75,1.5,0.75,0.0,True
0.75,0.7158877279811191,representational_loss,-0.75,0.75,1.5,0.75,0.0,True
0.75,-0.5825335143095172,representational_loss,-0.75,0.75,1.5,0.75,0.0,True
0.75,-0.9122989114063498,representational_loss,-0.75,0.75,1.5,0.75,0.0,True
0.75,0.7826675562158611,representational_loss,-0.75,0.75,1.5,0.75,0.0,True
0.75,-0.8799352982242197,representational_loss,-0.75,0.75,1.5,0.75,0.0,True
0.75,-0.4590472113813513,representational_loss,-0.75,0.75,1.5,0.75,0.0,True
0.75,-0.3935274643408879,representational_loss,-0.75,0.75,1.5,0.75,0.0,True
0.75,-0.3050644130638338,representational_loss,-0.75,0.75,1.5,0.75,0.0,True
0.75,0.9756345000384372,representational_loss,-0.75,0.75,1.5,0.75,0.0,True
0.75,-0.4841436773691148,representational_loss,-0.75,0.75,1.5,0.75,0.0,True
0.75,0.6109333377560109,representational_loss,-0.75,0.75,1.5,0.75,0.0,True
0.75,-0.36112120211154464,representational_loss,-0.75,0.75,1.5,0.75,0.0,True
0.75,-0.9195593529954582,representational_loss,-0.75,0.75,1.5,0.75,0.0,True
0.75,-0.033591703755498026,representational_loss,-0.75,0.75,1.5,0.75,0.0,True
0.75,-0.7134608131887408,representational_loss,-0.75,0.75,1.5,0.75,0.0,True
0.75,0.5045738714096033,representational_loss,-0.75,0.75,1.5,0.75,0.0,True
0.75,-0.013195024974247183,representational_loss,-0.75,0.75,1.5,0.75,0.0,True
0.75,0.7467292662982177,representational_loss,-0.75,0.75,1.5,0.75,0.0,True
0.75,-0.9938471002681235,representational_loss,-0.75,0.75,1.5,0.75,0.0,True
0.75,-0.4537991983560139,representational_loss,-0.75,0.75,1.5,0.75,0.0,True
0.75,-0.20361823692398828,representational_loss,-0.75,0.75,1.5,0.75,0.0,True
0.75,0.6174436848319538,representational_loss,-0.75,0.75,1.5,0.75,0.0,True
0.75,0.6535812108539447,representational_loss,-0.75,0.75,1.5,0.75,0.0,True
0.75,0.7134506408033354,representational_loss,-0.75,0.75,1.5,0.75,0.0,True
0.75,0.6001290967526867,representational_loss,-0.75,0.75,1.5,0.75,0.0,True
0.75,-0.49025711800940064,representational_loss,-0.75,0.75,1.5,0.75,0.0,True
0.75,0.7559692744334419,representational_loss,-0.75,0.75,1.5,0.75,0.0,True
0.75,-0.8647693131039396,representational_loss,-0.75,0.75,1.5,0.75,0.0,True
0.75,-0.8782127225733025,representational_loss,-0.75,0.75,1.5,0.75,0.0,True
0.75,-0.74220958377971,representational_loss,-0.75,0.75,1.5,0.75,0.0,True
0.75,0.5546801620039938,representational_loss,-0.75,0.75,1.5,0.75,0.0,True
0.75,-0.13226387804147488,representational_loss,-0.75,0.75,1.5,0.75,0.0,True
0.75,-0.054637333139272215,representational_loss,-0.75,0.75,1.5,0.75,0.0,True
0.75,-0.8471425585027148,representational_loss,-0.75,0.75,1.5,0.75,0.0,True
0.75,-0.41417475019221817,representational_loss,-0.75,0.75,1.5,0.75,0.0,True
0.75,-0.8159955098194414,representational_loss,-0.75,0.75,1.5,0.75,0.0,True
0.75,-0.25532141547635634,representational_loss,-0.75,0.75,1.5,0.75,0.0,True
0.75,-0.9314839282301115,representational_loss,-0.75,0.75,1.5,0.75,0.0,True
0.75,0.5803536740897037,representational_loss,-0.75,0.75,1.5,0.75,0.0,True
0.75,0.16057808325633105,representational_loss,-0.75,0.75,1.5,0.75,0.0,True
0.75,0.8085196289216001,representational_loss,-0.75,0.75,1.5,0.75,0.0,True
0.75,-0.5195919303586216,representational_loss,-0.75,0.75,1.5,0.75,0.0,True
0.75,0.614769128149063,representational_loss,-0.75,0.75,1.5,0.75,0.0,True
0.75,0.3467240960619664,representational_loss,-0.75,0.75,1.5,0.75,0.0,True
0.75,-0.8738694721656846,representational_loss,-0.75,0.75,1.5,0.75,0.0,True
0.75,-0.8768980984371233,representational_loss,-0.75,0.75,1.5,0.75,0.0,True
0.75,-0.9426190194911324,representational_loss,-0.75,0.75,1.5,0.75,0.0,True
0.75,-0.11762990382534722,representational_loss,-0.75,0.75,1.5,0.75,0.0,True
0.75,0.03590730176805246,representational_loss,-0.75,0.75,1.5,0.75,0.0,True
0.75,0.5292639486415975,representational_loss,-0.75,0.75,1.5,0.75,0.0,True
0.75,-0.03456627661583922,representational_loss,-0.75,0.75,1.5,0.75,0.0,True
0.75,0.33123964606971623,representational_loss,-0.75,0.75,1.5,0.75,0.0,True
0.75,0.9462100436622727,representational_loss,-0.75,0.75,1.5,0.75,0.0,True
0.75,-0.883919432009695,representational_loss,-0.75,0.75,1.5,0.75,0.0,True
0.75,0.206602639749909,representational_loss,-0.75,0.75,1.5,0.75,0.0,True
0.75,0.7004356166108925,representational_loss,-0.75,0.75,1.5,0.75,0.0,True
0.75,0.2987045559516097,representational_loss,-0.75,0.75,1.5,0.75,0.0,True
0.75,0.8723432550569736,representational_loss,-0.75,0.75,1.5,0.75,0.0,True
0.75,0.04872954790486239,representational_loss,-0.75,0.75,1.5,0.75,0.0,True
0.75,-0.4183664237889042,representational_loss,-0.75,0.75,1.5,0.75,0.0,True
0.75,-0.04330574634974571,representational_loss,-0.75,0.75,1.5,0.75,0.0,True
0.75,0.2277508176649099,representational_loss,-0.75,0.75,1.5,0.75,0.0,True
0.75,0.20316868026963708,representational_loss,-0.75,0.75,1.5,0.75,0.0,True
0.75,-0.5370325830982052,representational_loss,-0.75,0.75,1.5,0.75,0.0,True
0.75,0.7809305990709567,representational_loss,-0.75,0.75,1.5,0.75,0.0,True
0.75,0.586432210198709,representational_loss,-0.75,0.75,1.5,0.75,0.0,True
0.75,-0.5250904950416022,representational_loss,-0.75,0.75,1.5,0.75,0.0,True
0.75,-0.4953333563000242,representational_loss,-0.75,0.75,1.5,0.75,0.0,True
0.75,0.6286607263860395,representational_loss,-0.75,0.75,1.5,0.75,0.0,True
0.75,-0.4262885984918767,representational_loss,-0.75,0.75,1.5,0.75,0.0,True
0.75,-0.9630091196168555,representational_loss,-0.75,0.75,1.5,0.75,0.0,True
0.75,-0.3472563717483239,representational_loss,-0.75,0.75,1.5,0.75,0.0,True
0.75,-0.12097876525694007,representational_loss,-0.75,0.75,1.5,0.75,0.0,True
0.75,-0.3797544670221964,representational_loss,-0.75,0.75,1.5,0.75,0.0,True
0.75,-0.8092690605049111,representational_loss,-0.75,0.75,1.5,0.75,0.0,True
0.75,-0.514989824020978,representational_loss,-0.75,0.75,1.5,0.75,0.0,True
0.75,0.03563477429771034,representational_loss,-0.75,0.75,1.5,0.75,0.0,True
0.75,0.06790706752885267,representational_loss,-0.75,0.75,1.5,0.75,0.0,True
0.75,0.11399133373762682,representational_loss,-0.75,0.75,1.5,0.75,0.0,True
0.75,0.9034141116908814,representational_loss,-0.75,0.75,1.5,0.75,0.0,True
0.75,0.03693266424853525,representational_loss,-0.75,0.75,1.5,0.75,0.0,True
0.75,0.8023900279333802,representational_loss,-0.75,0.75,1.5,0.75,0.0,True
0.75,0.30332077058887075,representational_loss,-0.75,0.75,1.5,0.75,0.0,True
0.75,-0.65565811811642,representational_loss,-0.75,0.75,1.5,0.75,0.0,True
0.75,0.44551241129406716,representational_loss,-0.75,0.75,1.5,0.75,0.0,True
0.75,0.18630459900989127,representational_loss,-0.75,0.75,1.5,0.75,0.0,True
0.75,0.8545851709413168,representational_loss,-0.75,0.75,1.5,0.75,0.0,True
0.75,0.8704090045858732,representational_loss,-0.75,0.75,1.5,0.75,0.0,True
0.75,0.8842770298225675,representational_loss,-0.75,0.75,1.5,0.75,0.0,True
0.75,-0.37084973350439254,representational_loss,-0.75,0.75,1.5,0.75,0.0,True
0.75,0.301070576940242,representational_loss,-0.75,0.75,1.5,0.75,0.0,True
0.75,0.3768921766266313,representational_loss,-0.75,0.75,1.5,0.75,0.0,True
0.75,0.6600142485340506,representational_loss,-0.75,0.75,1.5,0.75,0.0,True
0.75,0.6612689553188362,representational_loss,-0.75,0.75,1.5,0.75,0.0,True
0.75,-0.8293240255494574,representational_loss,-0.75,0.75,1.5,0.75,0.0,True
0.75,0.2449057967075028,representational_loss,-0.75,0.75,1.5,0.75,0.0,True
0.75,-0.7745749305068252,representational_loss,-0.75,0.75,1.5,0.75,0.0,True
0.75,-0.4619195149725499,representational_loss,-0.75,0.75,1.5,0.75,0.0,True
0.75,0.6565658815214626,representational_loss,-0.75,0.75,1.5,0.75,0.0,True
0.75,-0.8430084594333682,representational_loss,-0.75,0.75,1.5,0.75,0.0,True
0.75,-0.3351958301963558,representational_loss,-0.75,0.75,1.5,0.75,0.0,True
0.75,0.32887026483899384,representational_loss,-0.75,0.75,1.5,0.75,0.0,True
0.75,-0.830543583804974,representational_loss,-0.75,0.75,1.5,0.75,0.0,True
0.75,-0.6302570442964723,representational_loss,-0.75,0.75,1.5,0.75,0.0,True
0.75,0.7784696488506186,representational_loss,-0.75,0.75,1.5,0.75,0.0,True
0.75,-0.4279548184801911,representational_loss,-0.75,0.75,1.5,0.75,0.0,True
0.75,0.9120793438807098,representational_loss,-0.75,0.75,1.5,0.75,0.0,True
0.75,-0.07583080840905687,representational_loss,-0.75,0.75,1.5,0.75,0.0,True
0.75,-0.6550116994131285,representational_loss,-0.75,0.75,1.5,0.75,0.0,True
0.75,-0.13219114935368648,representational_loss,-0.75,0.75,1.5,0.75,0.0,True
0.75,-0.8972825827465538,representational_loss,-0.75,0.75,1.5,0.75,0.0,True
0.75,-0.2896797115832579,representational_loss,-0.75,0.75,1.5,0.75,0.0,True
0.75,0.4099059260200266,representational_loss,-0.75,0.75,1.5,0.75,0.0,True
0.75,-0.17836041025844174,representational_loss,-0.75,0.75,1.5,0.75,0.0,True
0.75,0.25612427607838995,representational_loss,-0.75,0.75,1.5,0.75,0.0,True
0.75,-0.4121547920740345,representational_loss,-0.75,0.75,1.5,0.75,0.0,True
0.75,0.6969316347102041,representational_loss,-0.75,0.75,1.5,0.75,0.0,True
0.75,-0.6618327826471604,representational_loss,-0.75,0.75,1.5,0.75,0.0,True
0.75,-0.5935810306368945,representational_loss,-0.75,0.75,1.5,0.75,0.0,True
0.75,-0.107613280944308,representational_loss,-0.75,0.75,1.5,0.75,0.0,True
0.75,-0.3709318872037015,representational_loss,-0.75,0.75,1.5,0.75,0.0,True
0.75,-0.4162961281524351,representational_loss,-0.75,0.75,1.5,0.75,0.0,True
0.75,0.7819777882107342,representational_loss,-0.75,0.75,1.5,0.75,0.0,True
0.75,0.7553200969203957,representational_loss,-0.75,0.75,1.5,0.75,0.0,True
0.75,0.08323407740455457,representational_loss,-0.75,0.75,1.5,0.75,0.0,True
0.75,0.6064435820788143,representational_loss,-0.75,0.75,1.5,0.75,0.0,True
0.75,-0.48612357931526695,representational_loss,-0.75,0.75,1.5,0.75,0.0,True
0.75,0.284729981605103,representational_loss,-0.75,0.75,1.5,0.75,0.0,True
0.75,0.3058778108174631,representational_loss,-0.75,0.75,1.5,0.75,0.0,True
0.75,0.8678178717640825,representational_loss,-0.75,0.75,1.5,0.75,0.0,True
0.75,-0.01848727101563763,representational_loss,-0.75,0.75,1.5,0.75,0.0,True
0.75,-0.2276537482813017,representational_loss,-0.75,0.75,1.5,0.75,0.0,True
0.75,-0.8052048965516636,representational_loss,-0.75,0.75,1.5,0.75,0.0,True
0.75,-0.3119805227243675,representational_loss,-0.75,0.75,1.5,0.75,0.0,True
0.75,0.5565122423765823,representational_loss,-0.75,0.75,1.5,0.75,0.0,True
0.75,-0.6923098378931098,representational_loss,-0.75,0.75,1.5,0.75,0.0,True
0.75,-0.046267127149039355,representational_loss,-0.75,0.75,1.5,0.75,0.0,True
0.75,0.9434739060646882,representational_loss,-0.75,0.75,1.5,0.75,0.0,True
0.75,-0.22580205066451797,representational_loss,-0.75,0.75,1.5,0.75,0.0,True
0.75,0.5631620328276021,representational_loss,-0.75,0.75,1.5,0.75,0.0,True
0.75,-0.39505446160689317,representational_loss,-0.75,0.75,1.5,0.75,0.0,True
0.75,-0.5552558292672138,representational_loss,-0.75,0.75,1.5,0.75,0.0,True
0.75,0.40620545282353104,representational_loss,-0.75,0.75,1.5,0.75,0.0,True
0.75,0.40441464633524693,representational_loss,-0.75,0.75,1.5,0.75,0.0,True
0.75,-0.5382343899971982,representational_loss,-0.75,0.75,1.5,0.75,0.0,True
0.75,-0.6115790685108822,representational_loss,-0.75,0.75,1.5,0.75,0.0,True
0.75,0.6776846008471311,representational_loss,-0.75,0.75,1.5,0.75,0.0,True
0.75,0.8182435444764,representational_loss,-0.75,0.75,1.5,0.75,0.0,True
0.75,-0.6435235607786318,representational_loss,-0.75,0.75,1.5,0.75,0.0,True
0.75,0.1627938536119744,representational_loss,-0.75,0.75,1.5,0.75,0.0,True
0.75,0.7961019877456432,representational_loss,-0.75,0.75,1.5,0.75,0.0,True
0.75,0.34613121665971436,representational_loss,-0.75,0.75,1.5,0.75,0.0,True
0.75,0.0477400764146827,representational_loss,-0.75,0.75,1.5,0.75,0.0,True
0.75,-0.3631160167695553,representational_loss,-0.75,0.75,1.5,0.75,0.0,True
0.75,-0.58863204247367,representational_loss,-0.75,0.75,1.5,0.75,0.0,True
0.75,-0.40008712849565065,representational_loss,-0.75,0.75,1.5,0.75,0.0,True
0.75,0.19559149824914335,representational_loss,-0.75,0.75,1.5,0.75,0.0,True
0.75,-0.9893605537964882,representational_loss,-0.75,0.75,1.5,0.75,0.0,True
0.75,-0.977908487846685,representational_loss,-0.75,0.75,1.5,0.75,0.0,True
0.75,0.9723573385014295,representational_loss,-0.75,0.75,1.5,0.75,0.0,True
0.75,0.1391384004195173,representational_loss,-0.75,0.75,1.5,0.75,0.0,True
0.75,-0.4887582780537536,representational_loss,-0.75,0.75,1.5,0.75,0.0,True
0.75,-0.6770123231190006,representational_loss,-0.75,0.75,1.5,0.75,0.0,True
0.75,-0.2865175537241236,representational_loss,-0.75,0.75,1.5,0.75,0.0,True
0.75,0.983998848406159,representational_loss,-0.75,0.75,1.5,0.75,0.0,True
0.75,-0.9351387260434085,representational_loss,-0.75,0.75,1.5,0.75,0.0,True
0.75,-0.16034104875501876,representational_loss,-0.75,0.75,1.5,0.75,0.0,True
0.75,-0.07216292192203322,representational_loss,-0.75,0.75,1.5,0.75,0.0,True
0.75,-0.7371418121535225,representational_loss,-0.75,0.75,1.5,0.75,0.0,True
1.0,0.31049579472307687,preserved,-1.0,1.0,2.0,1.0,2.0,False
1.0,-0.0544783025156117,preserved,-1.0,1.0,2.0,1.0,2.0,False
1.0,-0.12781138912279855,preserved,-1.0,1.0,2.0,1.0,2.0,False
1.0,0.5299350613134177,preserved,-1.0,1.0,2.0,1.0,2.0,False
1.0,0.38682739000250366,preserved,-1.0,1.0,2.0,1.0,2.0,False
1.0,-0.19045053559397296,preserved,-1.0,1.0,2.0,1.0,2.0,False
1.0,0.70823724353804,preserved,-1.0,1.0,2.0,1.0,2.0,False
1.0,0.8590777916043291,preserved,-1.0,1.0,2.0,1.0,2.0,False
1.0,-0.16224522718974566,preserved,-1.0,1.0,2.0,1.0,2.0,False
1.0,0.8311837747437014,preserved,-1.0,1.0,2.0,1.0,2.0,False
1.0,-0.8310538229127051,preserved,-1.0,1.0,2.0,1.0,2.0,False
1.0,0.6116406539533468,preserved,-1.0,1.0,2.0,1.0,2.0,False
1.0,-0.41945563763473737,preserved,-1.0,1.0,2.0,1.0,2.0,False
1.0,0.6204050729196233,preserved,-1.0,1.0,2.0,1.0,2.0,False
1.0,-0.7189943149675428,preserved,-1.0,1.0,2.0,1.0,2.0,False
1.0,-0.33178555171797397,preserved,-1.0,1.0,2.0,1.0,2.0,False
1.0,0.9051423788519595,preserved,-1.0,1.0,2.0,1.0,2.0,False
1.0,0.056915519521514746,preserved,-1.0,1.0,2.0,1.0,2.0,False
1.0,0.649876102332339,preserved,-1.0,1.0,2.0,1.0,2.0,False
1.0,-0.3622554796800377,preserved,-1.0,1.0,2.0,1.0,2.0,False
1.0,-0.02757930366150152,preserved,-1.0,1.0,2.0,1.0,2.0,False
1.0,0.9062959550759366,preserved,-1.0,1.0,2.0,1.0,2.0,False
1.0,0.08979263473561305,preserved,-1.0,1.0,2.0,1.0,2.0,False
1.0,0.5810436969343922,preserved,-1.0,1.0,2.0,1.0,2.0,False
1.0,0.33351277528201106,preserved,-1.0,1.0,2.0,1.0,2.0,False
1.0,0.50021045803603,preserved,-1.0,1.0,2.0,1.0,2.0,False
1.0,0.647829676283949,preserved,-1.0,1.0,2.0,1.0,2.0,False
1.0,0.2532301034366604,preserved,-1.0,1.0,2.0,1.0,2.0,False
1.0,-0.45731192417320954,preserved,-1.0,1.0,2.0,1.0,2.0,False
1.0,0.9656692799074889,preserved,-1.0,1.0,2.0,1.0,2.0,False
1.0,0.7956682782658702,preserved,-1.0,1.0,2.0,1.0,2.0,False
1.0,-0.870113418836362,preserved,-1.0,1.0,2.0,1.0,2.0,False
1.0,0.6471733576066463,preserved,-1.0,1.0,2.0,1.0,2.0,False
1.0,-0.12258281205750432,preserved,-1.0,1.0,2.0,1.0,2.0,False
1.0,-0.7924659681337014,preserved,-1.0,1.0,2.0,1.0,2.0,False
1.0,-0.9614538437044982,preserved,-1.0,1.0,2.0,1.0,2.0,False
1.0,0.31204629970955255,preserved,-1.0,1.0,2.0,1.0,2.0,False
1.0,-0.14035420870731552,preserved,-1.0,1.0,2.0,1.0,2.0,False
1.0,-0.03808592435085645,preserved,-1.0,1.0,2.0,1.0,2.0,False
1.0,-0.031001603913969555,preserved,-1.0,1.0,2.0,1.0,2.0,False
1.0,-0.8829243891653982,preserved,-1.0,1.0,2.0,1.0,2.0,False
1.0,0.28145074654754487,preserved,-1.0,1.0,2.0,1.0,2.0,False
1.0,0.17575530208529533,preserved,-1.0,1.0,2.0,1.0,2.0,False
1.0,0.5869151184415577,preserved,-1.0,1.0,2.0,1.0,2.0,False
1.0,-0.5263150616207499,preserved,-1.0,1.0,2.0,1.0,2.0,False
1.0,0.12658518870624014,preserved,-1.0,1.0,2.0,1.0,2.0,False
1.0,-0.05105663381821013,preserved,-1.0,1.0,2.0,1.0,2.0,False
1.0,-0.8536492355351997,preserved,-1.0,1.0,2.0,1.0,2.0,False
1.0,0.5910251531573292,preserved,-1.0,1.0,2.0,1.0,2.0,False
1.0,0.7152698353286933,preserved,-1.0,1.0,2.0,1.0,2.0,False
1.0,-0.15599102732261771,preserved,-1.0,1.0,2.0,1.0,2.0,False
1.0,-0.8452088463348866,preserved,-1.0,1.0,2.0,1.0,2.0,False
1.0,-0.214495034172401,preserved,-1.0,1.0,2.0,1.0,2.0,False
1.0,0.4127483393911855,preserved,-1.0,1.0,2.0,1.0,2.0,False
1.0,-0.4137604310991858,preserved,-1.0,1.0,2.0,1.0,2.0,False
1.0,0.04633768978265618,preserved,-1.0,1.0,2.0,1.0,2.0,False
1.0,-0.9049904282084853,preserved,-1.0,1.0,2.0,1.0,2.0,False
1.0,-0.9468006466011301,preserved,-1.0,1.0,2.0,1.0,2.0,False
1.0,0.2865572848647602,preserved,-1.0,1.0,2.0,1.0,2.0,False
1.0,-0.49246765247474134,preserved,-1.0,1.0,2.0,1.0,2.0,False
1.0,0.8039372838760315,preserved,-1.0,1.0,2.0,1.0,2.0,False
1.0,0.23854233913248857,preserved,-1.0,1.0,2.0,1.0,2.0,False
1.0,-0.22877562371946514,preserved,-1.0,1.0,2.0,1.0,2.0,False
1.0,-0.4592651872471767,preserved,-1.0,1.0,2.0,1.0,2.0,False
1.0,-0.7334459835031455,preserved,-1.0,1.0,2.0,1.0,2.0,False
1.0,0.7849792272104572,preserved,-1.0,1.0,2.0,1.0,2.0,False
1.0,0.9963682238696876,preserved,-1.0,1.0,2.0,1.0,2.0,False
1.0,0.5255374282782288,preserved,-1.0,1.0,2.0,1.0,2.0,False
1.0,0.6189325177054181,preserved,-1.0,1.0,2.0,1.0,2.0,False
1.0,0.2784174392851164,preserved,-1.0,1.0,2.0,1.0,2.0,False
1.0,-0.5449187503356108,preserved,-1.0,1.0,2.0,1.0,2.0,False
1.0,0.5821306509718223,preserved,-1.0,1.0,2.0,1.0,2.0,False
1.0,0.8169298964431191,preserved,-1.0,1.0,2.0,1.0,2.0,False
1.0,0.6344540015152722,preserved,-1.0,1.0,2.0,1.0,2.0,False
1.0,-0.0679971724109083,preserved,-1.0,1.0,2.0,1.0,2.0,False
1.0,0.4797205691252253,preserved,-1.0,1.0,2.0,1.0,2.0,False
1.0,0.7458717976560796,preserved,-1.0,1.0,2.0,1.0,2.0,False
1.0,0.8928117786822543,preserved,-1.0,1.0,2.0,1.0,2.0,False
1.0,-0.605839376454282,preserved,-1.0,1.0,2.0,1.0,2.0,False
1.0,0.35641051629417264,preserved,-1.0,1.0,2.0,1.0,2.0,False
1.0,-0.07828174675552124,preserved,-1.0,1.0,2.0,1.0,2.0,False
1.0,0.04802168304651522,preserved,-1.0,1.0,2.0,1.0,2.0,False
1.0,-0.08759571965009272,preserved,-1.0,1.0,2.0,1.0,2.0,False
1.0,-0.4592879410994537,preserved,-1.0,1.0,2.0,1.0,2.0,False
1.0,-0.4791975823807606,preserved,-1.0,1.0,2.0,1.0,2.0,False
1.0,-0.46088016473893445,preserved,-1.0,1.0,2.0,1.0,2.0,False
1.0,0.13025123921138504,preserved,-1.0,1.0,2.0,1.0,2.0,False
1.0,0.9357666605760042,preserved,-1.0,1.0,2.0,1.0,2.0,False
1.0,0.7992196548412991,preserved,-1.0,1.0,2.0,1.0,2.0,False
1.0,0.48812365962949245,preserved,-1.0,1.0,2.0,1.0,2.0,False
1.0,0.5577525197458773,preserved,-1.0,1.0,2.0,1.0,2.0,False
1.0,-0.6607378978230116,preserved,-1.0,1.0,2.0,1.0,2.0,False
1.0,0.47164107896492813,preserved,-1.0,1.0,2.0,1.0,2.0,False
1.0,-0.30950064143013334,preserved,-1.0,1.0,2.0,1.0,2.0,False
1.0,0.006150742417380561,preserved,-1.0,1.0,2.0,1.0,2.0,False
1.0,-0.4043130656082028,preserved,-1.0,1.0,2.0,1.0,2.0,False
1.0,-0.9888145923654321,preserved,-1.0,1.0,2.0,1.0,2.0,False
1.0,0.5865227529641686,preserved,-1.0,1.0,2.0,1.0,2.0,False
1.0,0.9014214844330504,preserved,-1.0,1.0,2.0,1.0,2.0,False
1.0,-0.9072770127610534,preserved,-1.0,1.0,2.0,1.0,2.0,False
1.0,-0.22743319749475832,preserved,-1.0,1.0,2.0,1.0,2.0,False
1.0,0.04912431712130805,preserved,-1.0,1.0,2.0,1.0,2.0,False
1.0,0.8282574348692169,preserved,-1.0,1.0,2.0,1.0,2.0,False
1.0,-0.00839759326178946,preserved,-1.0,1.0,2.0,1.0,2.0,False
1.0,-0.4534342640622766,preserved,-1.0,1.0,2.0,1.0,2.0,False
1.0,0.15866354285373863,preserved,-1.0,1.0,2.0,1.0,2.0,False
1.0,0.8471249917027401,preserved,-1.0,1.0,2.0,1.0,2.0,False
1.0,0.4341712990684854,preserved,-1.0,1.0,2.0,1.0,2.0,False
1.0,-0.5579245254168461,preserved,-1.0,1.0,2.0,1.0,2.0,False
1.0,0.8874979969348114,preserved,-1.0,1.0,2.0,1.0,2.0,False
1.0,0.45878462494768923,preserved,-1.0,1.0,2.0,1.0,2.0,False
1.0,-0.22918533573857847,preserved,-1.0,1.0,2.0,1.0,2.0,False
1.0,0.7060350861125313,preserved,-1.0,1.0,2.0,1.0,2.0,False
1.0,0.013691044061096669,preserved,-1.0,1.0,2.0,1.0,2.0,False
1.0,-0.6679307363934819,preserved,-1.0,1.0,2.0,1.0,2.0,False
1.0,0.47627692737809557,preserved,-1.0,1.0,2.0,1.0,2.0,False
1.0,-0.8132460696686934,preserved,-1.0,1.0,2.0,1.0,2.0,False
1.0,-0.4630246056374723,preserved,-1.0,1.0,2.0,1.0,2.0,False
1.0,0.13159075331795367,preserved,-1.0,1.0,2.0,1.0,2.0,False
1.0,0.628041926397312,preserved,-1.0,1.0,2.0,1.0,2.0,False
1.0,0.3175909861569175,preserved,-1.0,1.0,2.0,1.0,2.0,False
1.0,-0.6452120471825318,preserved,-1.0,1.0,2.0,1.0,2.0,False
1.0,0.7997939791519331,preserved,-1.0,1.0,2.0,1.0,2.0,False
1.0,-0.399954880488093,preserved,-1.0,1.0,2.0,1.0,2.0,False
1.0,-0.6150584205536416,preserved,-1.0,1.0,2.0,1.0,2.0,False
1.0,0.7551450057242699,preserved,-1.0,1.0,2.0,1.0,2.0,False
1.0,0.34391080908622573,preserved,-1.0,1.0,2.0,1.0,2.0,False
1.0,-0.07539281140034193,preserved,-1.0,1.0,2.0,1.0,2.0,False
1.0,0.3337412174692349,preserved,-1.0,1.0,2.0,1.0,2.0,False
1.0,-0.11317642222437074,preserved,-1.0,1.0,2.0,1.0,2.0,False
1.0,-0.17109794556340163,preserved,-1.0,1.0,2.0,1.0,2.0,False
1.0,0.5085950572324311,preserved,-1.0,1.0,2.0,1.0,2.0,False
1.0,-0.861384204995375,preserved,-1.0,1.0,2.0,1.0,2.0,False
1.0,0.3811822324470917,preserved,-1.0,1.0,2.0,1.0,2.0,False
1.0,-0.905392452819151,preserved,-1.0,1.0,2.0,1.0,2.0,False
1.0,0.8898059822179134,preserved,-1.0,1.0,2.0,1.0,2.0,False
1.0,-0.5763859333395975,preserved,-1.0,1.0,2.0,1.0,2.0,False
1.0,-0.964407319465105,preserved,-1.0,1.0,2.0,1.0,2.0,False
1.0,0.26058124299304897,preserved,-1.0,1.0,2.0,1.0,2.0,False
1.0,-0.64549181166322,preserved,-1.0,1.0,2.0,1.0,2.0,False
1.0,-0.2977129604360824,preserved,-1.0,1.0,2.0,1.0,2.0,False
1.0,0.6066154207899217,preserved,-1.0,1.0,2.0,1.0,2.0,False
1.0,0.9409205436385051,preserved,-1.0,1.0,2.0,1.0,2.0,False
1.0,0.6764918378562408,preserved,-1.0,1.0,2.0,1.0,2.0,False
1.0,-0.4894497934337676,preserved,-1.0,1.0,2.0,1.0,2.0,False
1.0,-0.218689766073624,preserved,-1.0,1.0,2.0,1.0,2.0,False
1.0,0.9103464518063316,preserved,-1.0,1.0,2.0,1.0,2.0,False
1.0,0.7634253391195944,preserved,-1.0,1.0,2.0,1.0,2.0,False
1.0,-0.6469552796028921,preserved,-1.0,1.0,2.0,1.0,2.0,False
1.0,0.3471389638919997,preserved,-1.0,1.0,2.0,1.0,2.0,False
1.0,-0.1905422132180956,preserved,-1.0,1.0,2.0,1.0,2.0,False
1.0,0.9280162454270979,preserved,-1.0,1.0,2.0,1.0,2.0,False
1.0,0.21049316865814816,preserved,-1.0,1.0,2.0,1.0,2.0,False
1.0,0.588180909994884,preserved,-1.0,1.0,2.0,1.0,2.0,False
1.0,0.8884597191285108,preserved,-1.0,1.0,2.0,1.0,2.0,False
1.0,-0.7217947798934423,preserved,-1.0,1.0,2.0,1.0,2.0,False
1.0,0.3866736219255136,preserved,-1.0,1.0,2.0,1.0,2.0,False
1.0,-0.8417916323476329,preserved,-1.0,1.0,2.0,1.0,2.0,False
1.0,0.04359429669335335,preserved,-1.0,1.0,2.0,1.0,2.0,False
1.0,0.6804354125476306,preserved,-1.0,1.0,2.0,1.0,2.0,False
1.0,-0.7769751930153768,preserved,-1.0,1.0,2.0,1.0,2.0,False
1.0,0.09688425474414486,preserved,-1.0,1.0,2.0,1.0,2.0,False
1.0,0.4429915850273789,preserved,-1.0,1.0,2.0,1.0,2.0,False
1.0,0.22557220497124408,preserved,-1.0,1.0,2.0,1.0,2.0,False
1.0,-0.8755892952698585,preserved,-1.0,1.0,2.0,1.0,2.0,False
1.0,0.23036258171248747,preserved,-1.0,1.0,2.0,1.0,2.0,False
1.0,0.366564605909824,preserved,-1.0,1.0,2.0,1.0,2.0,False
1.0,0.6575705868014277,preserved,-1.0,1.0,2.0,1.0,2.0,False
1.0,-0.25114894519639175,preserved,-1.0,1.0,2.0,1.0,2.0,False
1.0,0.44486449900321423,preserved,-1.0,1.0,2.0,1.0,2.0,False
1.0,0.3562118114481079,preserved,-1.0,1.0,2.0,1.0,2.0,False
1.0,-0.7738593471613402,preserved,-1.0,1.0,2.0,1.0,2.0,False
1.0,-0.23774158185681382,preserved,-1.0,1.0,2.0,1.0,2.0,False
1.0,-0.6244029760163261,preserved,-1.0,1.0,2.0,1.0,2.0,False
1.0,0.12817241266453872,preserved,-1.0,1.0,2.0,1.0,2.0,False
1.0,0.63694827377485,preserved,-1.0,1.0,2.0,1.0,2.0,False
1.0,0.850989642710668,preserved,-1.0,1.0,2.0,1.0,2.0,False
1.0,-0.42520433839566185,preserved,-1.0,1.0,2.0,1.0,2.0,False
1.0,0.42059323090714007,preserved,-1.0,1.0,2.0,1.0,2.0,False
1.0,-0.7704036097936089,preserved,-1.0,1.0,2.0,1.0,2.0,False
1.0,0.08334815590326605,preserved,-1.0,1.0,2.0,1.0,2.0,False
1.0,-0.7997120578711134,preserved,-1.0,1.0,2.0,1.0,2.0,False
1.0,0.852233204579931,preserved,-1.0,1.0,2.0,1.0,2.0,False
1.0,-0.08098571903154661,preserved,-1.0,1.0,2.0,1.0,2.0,False
1.0,0.0313234654596255,preserved,-1.0,1.0,2.0,1.0,2.0,False
1.0,-0.7673848403253414,preserved,-1.0,1.0,2.0,1.0,2.0,False
1.0,0.8095800026625144,preserved,-1.0,1.0,2.0,1.0,2.0,False
1.0,0.8924407449849374,preserved,-1.0,1.0,2.0,1.0,2.0,False
1.0,0.41731625073671164,preserved,-1.0,1.0,2.0,1.0,2.0,False
1.0,0.9671058225924811,preserved,-1.0,1.0,2.0,1.0,2.0,False
1.0,0.49924912547425393,preserved,-1.0,1.0,2.0,1.0,2.0,False
1.0,-0.4081600594637209,preserved,-1.0,1.0,2.0,1.0,2.0,False
1.0,0.12733306640424824,preserved,-1.0,1.0,2.0,1.0,2.0,False
1.0,-0.6994847909970212,preserved,-1.0,1.0,2.0,1.0,2.0,False
1.0,0.7453874988261173,preserved,-1.0,1.0,2.0,1.0,2.0,False
1.0,-0.39934225455299255,preserved,-1.0,1.0,2.0,1.0,2.0,False
1.0,-0.37106524114965,preserved,-1.0,1.0,2.0,1.0,2.0,False
1.0,-0.3571446153375304,preserved,-1.0,1.0,2.0,1.0,2.0,False
1.0,-0.4875327977896633,preserved,-1.0,1.0,2.0,1.0,2.0,False
1.0,-0.32273704677186443,preserved,-1.0,1.0,2.0,1.0,2.0,False
1.0,-0.7362649934033727,preserved,-1.0,1.0,2.0,1.0,2.0,False
1.0,-0.9412894956554045,preserved,-1.0,1.0,2.0,1.0,2.0,False
1.0,0.949399966465097,preserved,-1.0,1.0,2.0,1.0,2.0,False
1.0,-0.2733239512178338,preserved,-1.0,1.0,2.0,1.0,2.0,False
1.0,0.9832286287329699,preserved,-1.0,1.0,2.0,1.0,2.0,False
1.0,0.3754439151517126,preserved,-1.0,1.0,2.0,1.0,2.0,False
1.0,0.6312802355192311,preserved,-1.0,1.0,2.0,1.0,2.0,False
1.0,-0.7603765281526325,preserved,-1.0,1.0,2.0,1.0,2.0,False
1.0,-0.05535833868556783,preserved,-1.0,1.0,2.0,1.0,2.0,False
1.0,-0.6925309283603391,preserved,-1.0,1.0,2.0,1.0,2.0,False
1.0,-0.17411408655593763,preserved,-1.0,1.0,2.0,1.0,2.0,False
1.0,-0.7958049962626723,preserved,-1.0,1.0,2.0,1.0,2.0,False
1.0,0.04765784277307872,preserved,-1.0,1.0,2.0,1.0,2.0,False
1.0,0.6191924548505301,preserved,-1.0,1.0,2.0,1.0,2.0,False
1.0,0.7977561645815587,preserved,-1.0,1.0,2.0,1.0,2.0,False
1.0,0.7928248796583686,preserved,-1.0,1.0,2.0,1.0,2.0,False
1.0,0.6112099965971571,preserved,-1.0,1.0,2.0,1.0,2.0,False
1.0,0.38201691095848567,preserved,-1.0,1.0,2.0,1.0,2.0,False
1.0,-0.35291483651274436,preserved,-1.0,1.0,2.0,1.0,2.0,False
1.0,-0.7636674087551842,preserved,-1.0,1.0,2.0,1.0,2.0,False
1.0,0.2052439862300759,preserved,-1.0,1.0,2.0,1.0,2.0,False
1.0,-0.6789095345535539,preserved,-1.0,1.0,2.0,1.0,2.0,False
1.0,0.3760127744590034,preserved,-1.0,1.0,2.0,1.0,2.0,False
1.0,-0.929645204974815,preserved,-1.0,1.0,2.0,1.0,2.0,False
1.0,0.9764288325282982,preserved,-1.0,1.0,2.0,1.0,2.0,False
1.0,0.4630115882449697,preserved,-1.0,1.0,2.0,1.0,2.0,False
1.0,-0.6449326440940126,preserved,-1.0,1.0,2.0,1.0,2.0,False
1.0,-0.6625333869505821,preserved,-1.0,1.0,2.0,1.0,2.0,False
1.0,-0.9561146194240329,preserved,-1.0,1.0,2.0,1.0,2.0,False
1.0,-0.8786167140913206,preserved,-1.0,1.0,2.0,1.0,2.0,False
1.0,0.26025557277455635,preserved,-1.0,1.0,2.0,1.0,2.0,False
1.0,0.8875272581262805,preserved,-1.0,1.0,2.0,1.0,2.0,False
1.0,0.8357910311198082,preserved,-1.0,1.0,2.0,1.0,2.0,False
1.0,0.8716453143174834,preserved,-1.0,1.0,2.0,1.0,2.0,False
1.0,-0.9421740852283209,preserved,-1.0,1.0,2.0,1.0,2.0,False
1.0,0.4992893000910221,preserved,-1.0,1.0,2.0,1.0,2.0,False
1.0,0.056483498876022775,preserved,-1.0,1.0,2.0,1.0,2.0,False
1.0,-0.5542594545316981,preserved,-1.0,1.0,2.0,1.0,2.0,False
1.0,0.4527163386220667,preserved,-1.0,1.0,2.0,1.0,2.0,False
1.0,-0.09124005371828181,preserved,-1.0,1.0,2.0,1.0,2.0,False
1.0,-0.9723280882765233,preserved,-1.0,1.0,2.0,1.0,2.0,False
1.0,-0.9595965600016509,preserved,-1.0,1.0,2.0,1.0,2.0,False
1.0,0.6811286228637581,preserved,-1.0,1.0,2.0,1.0,2.0,False
1.0,-0.6305426582080407,preserved,-1.0,1.0,2.0,1.0,2.0,False
1.0,0.27751928673165605,preserved,-1.0,1.0,2.0,1.0,2.0,False
1.0,-0.43799329170498935,preserved,-1.0,1.0,2.0,1.0,2.0,False
1.0,0.7407965863974528,preserved,-1.0,1.0,2.0,1.0,2.0,False
1.0,-0.5050683075077049,preserved,-1.0,1.0,2.0,1.0,2.0,False
1.0,0.17518316972415682,preserved,-1.0,1.0,2.0,1.0,2.0,False
1.0,0.15634082984207964,preserved,-1.0,1.0,2.0,1.0,2.0,False
1.0,-0.3313452221469564,preserved,-1.0,1.0,2.0,1.0,2.0,False
1.0,-0.060836377829430965,preserved,-1.0,1.0,2.0,1.0,2.0,False
1.0,0.6149836815194409,preserved,-1.0,1.0,2.0,1.0,2.0,False
1.0,-0.3799394874654398,preserved,-1.0,1.0,2.0,1.0,2.0,False
1.0,-0.5998178362496549,preserved,-1.0,1.0,2.0,1.0,2.0,False
1.0,-0.05388956507324738,preserved,-1.0,1.0,2.0,1.0,2.0,False
1.0,-0.4296790841221696,preserved,-1.0,1.0,2.0,1.0,2.0,False
1.0,0.8689320215151528,preserved,-1.0,1.0,2.0,1.0,2.0,False
1.0,0.4015159674383897,preserved,-1.0,1.0,2.0,1.0,2.0,False
1.0,0.47968333099846316,preserved,-1.0,1.0,2.0,1.0,2.0,False
1.0,-0.9584047822053783,preserved,-1.0,1.0,2.0,1.0,2.0,False
1.0,-0.9252374598718902,preserved,-1.0,1.0,2.0,1.0,2.0,False
1.0,-0.989298996773726,preserved,-1.0,1.0,2.0,1.0,2.0,False
1.0,0.6023595526594803,preserved,-1.0,1.0,2.0,1.0,2.0,False
1.0,0.50112674891195,preserved,-1.0,1.0,2.0,1.0,2.0,False
1.0,-0.34301449230510705,preserved,-1.0,1.0,2.0,1.0,2.0,False
1.0,-0.9678456411950984,preserved,-1.0,1.0,2.0,1.0,2.0,False
1.0,0.013842838957736303,preserved,-1.0,1.0,2.0,1.0,2.0,False
1.0,-0.5756454273521052,preserved,-1.0,1.0,2.0,1.0,2.0,False
1.0,-0.36061337417963935,preserved,-1.0,1.0,2.0,1.0,2.0,False
1.0,-0.5041963236166997,preserved,-1.0,1.0,2.0,1.0,2.0,False
1.0,0.48285046000332743,preserved,-1.0,1.0,2.0,1.0,2.0,False
1.0,0.7464557795245894,preserved,-1.0,1.0,2.0,1.0,2.0,False
1.0,0.30620170540079217,preserved,-1.0,1.0,2.0,1.0,2.0,False
1.0,0.3039364571559997,preserved,-1.0,1.0,2.0,1.0,2.0,False
1.0,0.09259095037883447,preserved,-1.0,1.0,2.0,1.0,2.0,False
1.0,0.23558652599215324,preserved,-1.0,1.0,2.0,1.0,2.0,False
1.0,-0.862069360652139,preserved,-1.0,1.0,2.0,1.0,2.0,False
1.0,0.3707328221673134,preserved,-1.0,1.0,2.0,1.0,2.0,False
1.0,-0.791727534157705,preserved,-1.0,1.0,2.0,1.0,2.0,False
1.0,-0.13735888748983616,preserved,-1.0,1.0,2.0,1.0,2.0,False
1.0,0.15485034001520592,preserved,-1.0,1.0,2.0,1.0,2.0,False
1.0,0.5012253339975778,preserved,-1.0,1.0,2.0,1.0,2.0,False
1.0,0.7739052260105901,preserved,-1.0,1.0,2.0,1.0,2.0,False
1.0,0.46236524230627474,preserved,-1.0,1.0,2.0,1.0,2.0,False
1.0,0.6155228312052421,preserved,-1.0,1.0,2.0,1.0,2.0,False
1.0,0.1484836835988692,preserved,-1.0,1.0,2.0,1.0,2.0,False
1.0,-0.7791859424571712,preserved,-1.0,1.0,2.0,1.0,2.0,False
1.0,0.9779579986164688,preserved,-1.0,1.0,2.0,1.0,2.0,False
1.0,-0.9055581133516195,preserved,-1.0,1.0,2.0,1.0,2.0,False
1.0,-0.34501955726892186,preserved,-1.0,1.0,2.0,1.0,2.0,False
1.0,0.33429119879228564,preserved,-1.0,1.0,2.0,1.0,2.0,False
1.0,0.1822361587399839,preserved,-1.0,1.0,2.0,1.0,2.0,False
1.0,0.38814373102906474,preserved,-1.0,1.0,2.0,1.0,2.0,False
1.0,-0.04383334144119866,preserved,-1.0,1.0,2.0,1.0,2.0,False
1.0,0.4489084697508863,preserved,-1.0,1.0,2.0,1.0,2.0,False
1.0,0.20867536968170053,preserved,-1.0,1.0,2.0,1.0,2.0,False
1.0,0.9570180071418772,preserved,-1.0,1.0,2.0,1.0,2.0,False
1.0,-0.6593357511484534,preserved,-1.0,1.0,2.0,1.0,2.0,False
1.0,-0.4882448635448178,preserved,-1.0,1.0,2.0,1.0,2.0,False
1.0,-0.9376303373764001,preserved,-1.0,1.0,2.0,1.0,2.0,False
1.0,-0.12881517729272995,preserved,-1.0,1.0,2.0,1.0,2.0,False
1.0,-0.6510700574819994,preserved,-1.0,1.0,2.0,1.0,2.0,False
1.0,-0.10251441744672807,preserved,-1.0,1.0,2.0,1.0,2.0,False
1.0,0.959825575249114,preserved,-1.0,1.0,2.0,1.0,2.0,False
1.0,0.07418140961152409,preserved,-1.0,1.0,2.0,1.0,2.0,False
1.0,0.5291365758836162,preserved,-1.0,1.0,2.0,1.0,2.0,False
1.0,0.961965348254235,preserved,-1.0,1.0,2.0,1.0,2.0,False
1.0,0.9373125880619537,preserved,-1.0,1.0,2.0,1.0,2.0,False
1.0,0.9329693660055711,preserved,-1.0,1.0,2.0,1.0,2.0,False
1.0,-0.3604623549487125,preserved,-1.0,1.0,2.0,1.0,2.0,False
1.0,0.4553969551137096,preserved,-1.0,1.0,2.0,1.0,2.0,False
1.0,0.4023614249712628,preserved,-1.0,1.0,2.0,1.0,2.0,False
1.0,-0.6245530065190772,preserved,-1.0,1.0,2.0,1.0,2.0,False
1.0,-0.8830529746459226,preserved,-1.0,1.0,2.0,1.0,2.0,False
1.0,-0.94595268765798,preserved,-1.0,1.0,2.0,1.0,2.0,False
1.0,0.024679492901452216,preserved,-1.0,1.0,2.0,1.0,2.0,False
1.0,-0.088359890069025,preserved,-1.0,1.0,2.0,1.0,2.0,False
1.0,-0.7905920353695408,preserved,-1.0,1.0,2.0,1.0,2.0,False
1.0,0.023639382588547697,preserved,-1.0,1.0,2.0,1.0,2.0,False
1.0,0.982166459196181,preserved,-1.0,1.0,2.0,1.0,2.0,False
1.0,-0.1794978071694724,preserved,-1.0,1.0,2.0,1.0,2.0,False
1.0,0.05138513163268077,preserved,-1.0,1.0,2.0,1.0,2.0,False
1.0,0.21650207918539022,preserved,-1.0,1.0,2.0,1.0,2.0,False
1.0,0.1643578273965367,preserved,-1.0,1.0,2.0,1.0,2.0,False
1.0,-0.02975693595070772,preserved,-1.0,1.0,2.0,1.0,2.0,False
1.0,-0.5179147945713967,preserved,-1.0,1.0,2.0,1.0,2.0,False
1.0,-0.4659572306168702,preserved,-1.0,1.0,2.0,1.0,2.0,False
1.0,-0.8353093229547945,preserved,-1.0,1.0,2.0,1.0,2.0,False
1.0,-0.9904402568805826,preserved,-1.0,1.0,2.0,1.0,2.0,False
1.0,-0.7214013813439157,preserved,-1.0,1.0,2.0,1.0,2.0,False
1.0,0.7158877279811191,preserved,-1.0,1.0,2.0,1.0,2.0,False
1.0,-0.5825335143095172,preserved,-1.0,1.0,2.0,1.0,2.0,False
1.0,-0.9122989114063498,preserved,-1.0,1.0,2.0,1.0,2.0,False
1.0,0.7826675562158611,preserved,-1.0,1.0,2.0,1.0,2.0,False
1.0,-0.8799352982242197,preserved,-1.0,1.0,2.0,1.0,2.0,False
1.0,-0.4590472113813513,preserved,-1.0,1.0,2.0,1.0,2.0,False
1.0,-0.3935274643408879,preserved,-1.0,1.0,2.0,1.0,2.0,False
1.0,-0.3050644130638338,preserved,-1.0,1.0,2.0,1.0,2.0,False
1.0,0.9756345000384372,preserved,-1.0,1.0,2.0,1.0,2.0,False
1.0,-0.4841436773691148,preserved,-1.0,1.0,2.0,1.0,2.0,False
1.0,0.6109333377560109,preserved,-1.0,1.0,2.0,1.0,2.0,False
1.0,-0.36112120211154464,preserved,-1.0,1.0,2.0,1.0,2.0,False
1.0,-0.9195593529954582,preserved,-1.0,1.0,2.0,1.0,2.0,False
1.0,-0.033591703755498026,preserved,-1.0,1.0,2.0,1.0,2.0,False
1.0,-0.7134608131887408,preserved,-1.0,1.0,2.0,1.0,2.0,False
1.0,0.5045738714096033,preserved,-1.0,1.0,2.0,1.0,2.0,False
1.0,-0.013195024974247183,preserved,-1.0,1.0,2.0,1.0,2.0,False
1.0,0.7467292662982177,preserved,-1.0,1.0,2.0,1.0,2.0,False
1.0,-0.9938471002681235,preserved,-1.0,1.0,2.0,1.0,2.0,False
1.0,-0.4537991983560139,preserved,-1.0,1.0,2.0,1.0,2.0,False
1.0,-0.20361823692398828,preserved,-1.0,1.0,2.0,1.0,2.0,False
1.0,0.6174436848319538,preserved,-1.0,1.0,2.0,1.0,2.0,False
1.0,0.6535812108539447,preserved,-1.0,1.0,2.0,1.0,2.0,False
1.0,0.7134506408033354,preserved,-1.0,1.0,2.0,1.0,2.0,False
1.0,0.6001290967526867,preserved,-1.0,1.0,2.0,1.0,2.0,False
1.0,-0.49025711800940064,preserved,-1.0,1.0,2.0,1.0,2.0,False
1.0,0.7559692744334419,preserved,-1.0,1.0,2.0,1.0,2.0,False
1.0,-0.8647693131039396,preserved,-1.0,1.0,2.0,1.0,2.0,False
1.0,-0.8782127225733025,preserved,-1.0,1.0,2.0,1.0,2.0,False
1.0,-0.74220958377971,preserved,-1.0,1.0,2.0,1.0,2.0,False
1.0,0.5546801620039938,preserved,-1.0,1.0,2.0,1.0,2.0,False
1.0,-0.13226387804147488,preserved,-1.0,1.0,2.0,1.0,2.0,False
1.0,-0.054637333139272215,preserved,-1.0,1.0,2.0,1.0,2.0,False
1.0,-0.8471425585027148,preserved,-1.0,1.0,2.0,1.0,2.0,False
1.0,-0.41417475019221817,preserved,-1.0,1.0,2.0,1.0,2.0,False
1.0,-0.8159955098194414,preserved,-1.0,1.0,2.0,1.0,2.0,False
1.0,-0.25532141547635634,preserved,-1.0,1.0,2.0,1.0,2.0,False
1.0,-0.9314839282301115,preserved,-1.0,1.0,2.0,1.0,2.0,False
1.0,0.5803536740897037,preserved,-1.0,1.0,2.0,1.0,2.0,False
1.0,0.16057808325633105,preserved,-1.0,1.0,2.0,1.0,2.0,False
1.0,0.8085196289216001,preserved,-1.0,1.0,2.0,1.0,2.0,False
1.0,-0.5195919303586216,preserved,-1.0,1.0,2.0,1.0,2.0,False
1.0,0.614769128149063,preserved,-1.0,1.0,2.0,1.0,2.0,False
1.0,0.3467240960619664,preserved,-1.0,1.0,2.0,1.0,2.0,False
1.0,-0.8738694721656846,preserved,-1.0,1.0,2.0,1.0,2.0,False
1.0,-0.8768980984371233,preserved,-1.0,1.0,2.0,1.0,2.0,False
1.0,-0.9426190194911324,preserved,-1.0,1.0,2.0,1.0,2.0,False
1.0,-0.11762990382534722,preserved,-1.0,1.0,2.0,1.0,2.0,False
1.0,0.03590730176805246,preserved,-1.0,1.0,2.0,1.0,2.0,False
1.0,0.5292639486415975,preserved,-1.0,1.0,2.0,1.0,2.0,False
1.0,-0.03456627661583922,preserved,-1.0,1.0,2.0,1.0,2.0,False
1.0,0.33123964606971623,preserved,-1.0,1.0,2.0,1.0,2.0,False
1.0,0.9462100436622727,preserved,-1.0,1.0,2.0,1.0,2.0,False
1.0,-0.883919432009695,preserved,-1.0,1.0,2.0,1.0,2.0,False
1.0,0.206602639749909,preserved,-1.0,1.0,2.0,1.0,2.0,False
1.0,0.7004356166108925,preserved,-1.0,1.0,2.0,1.0,2.0,False
1.0,0.2987045559516097,preserved,-1.0,1.0,2.0,1.0,2.0,False
1.0,0.8723432550569736,preserved,-1.0,1.0,2.0,1.0,2.0,False
1.0,0.04872954790486239,preserved,-1.0,1.0,2.0,1.0,2.0,False
1.0,-0.4183664237889042,preserved,-1.0,1.0,2.0,1.0,2.0,False
1.0,-0.04330574634974571,preserved,-1.0,1.0,2.0,1.0,2.0,False
1.0,0.2277508176649099,preserved,-1.0,1.0,2.0,1.0,2.0,False
1.0,0.20316868026963708,preserved,-1.0,1.0,2.0,1.0,2.0,False
1.0,-0.5370325830982052,preserved,-1.0,1.0,2.0,1.0,2.0,False
1.0,0.7809305990709567,preserved,-1.0,1.0,2.0,1.0,2.0,False
1.0,0.586432210198709,preserved,-1.0,1.0,2.0,1.0,2.0,False
1.0,-0.5250904950416022,preserved,-1.0,1.0,2.0,1.0,2.0,False
1.0,-0.4953333563000242,preserved,-1.0,1.0,2.0,1.0,2.0,False
1.0,0.6286607263860395,preserved,-1.0,1.0,2.0,1.0,2.0,False
1.0,-0.4262885984918767,preserved,-1.0,1.0,2.0,1.0,2.0,False
1.0,-0.9630091196168555,preserved,-1.0,1.0,2.0,1.0,2.0,False
1.0,-0.3472563717483239,preserved,-1.0,1.0,2.0,1.0,2.0,False
1.0,-0.12097876525694007,preserved,-1.0,1.0,2.0,1.0,2.0,False
1.0,-0.3797544670221964,preserved,-1.0,1.0,2.0,1.0,2.0,False
1.0,-0.8092690605049111,preserved,-1.0,1.0,2.0,1.0,2.0,False
1.0,-0.514989824020978,preserved,-1.0,1.0,2.0,1.0,2.0,False
1.0,0.03563477429771034,preserved,-1.0,1.0,2.0,1.0,2.0,False
1.0,0.06790706752885267,preserved,-1.0,1.0,2.0,1.0,2.0,False
1.0,0.11399133373762682,preserved,-1.0,1.0,2.0,1.0,2.0,False
1.0,0.9034141116908814,preserved,-1.0,1.0,2.0,1.0,2.0,False
1.0,0.03693266424853525,preserved,-1.0,1.0,2.0,1.0,2.0,False
1.0,0.8023900279333802,preserved,-1.0,1.0,2.0,1.0,2.0,False
1.0,0.30332077058887075,preserved,-1.0,1.0,2.0,1.0,2.0,False
1.0,-0.65565811811642,preserved,-1.0,1.0,2.0,1.0,2.0,False
1.0,0.44551241129406716,preserved,-1.0,1.0,2.0,1.0,2.0,False
1.0,0.18630459900989127,preserved,-1.0,1.0,2.0,1.0,2.0,False
1.0,0.8545851709413168,preserved,-1.0,1.0,2.0,1.0,2.0,False
1.0,0.8704090045858732,preserved,-1.0,1.0,2.0,1.0,2.0,False
1.0,0.8842770298225675,preserved,-1.0,1.0,2.0,1.0,2.0,False
1.0,-0.37084973350439254,preserved,-1.0,1.0,2.0,1.0,2.0,False
1.0,0.301070576940242,preserved,-1.0,1.0,2.0,1.0,2.0,False
1.0,0.3768921766266313,preserved,-1.0,1.0,2.0,1.0,2.0,False
1.0,0.6600142485340506,preserved,-1.0,1.0,2.0,1.0,2.0,False
1.0,0.6612689553188362,preserved,-1.0,1.0,2.0,1.0,2.0,False
1.0,-0.8293240255494574,preserved,-1.0,1.0,2.0,1.0,2.0,False
1.0,0.2449057967075028,preserved,-1.0,1.0,2.0,1.0,2.0,False
1.0,-0.7745749305068252,preserved,-1.0,1.0,2.0,1.0,2.0,False
1.0,-0.4619195149725499,preserved,-1.0,1.0,2.0,1.0,2.0,False
1.0,0.6565658815214626,preserved,-1.0,1.0,2.0,1.0,2.0,False
1.0,-0.8430084594333682,preserved,-1.0,1.0,2.0,1.0,2.0,False
1.0,-0.3351958301963558,preserved,-1.0,1.0,2.0,1.0,2.0,False
1.0,0.32887026483899384,preserved,-1.0,1.0,2.0,1.0,2.0,False
1.0,-0.830543583804974,preserved,-1.0,1.0,2.0,1.0,2.0,False
1.0,-0.6302570442964723,preserved,-1.0,1.0,2.0,1.0,2.0,False
1.0,0.7784696488506186,preserved,-1.0,1.0,2.0,1.0,2.0,False
1.0,-0.4279548184801911,preserved,-1.0,1.0,2.0,1.0,2.0,False
1.0,0.9120793438807098,preserved,-1.0,1.0,2.0,1.0,2.0,False
1.0,-0.07583080840905687,preserved,-1.0,1.0,2.0,1.0,2.0,False
1.0,-0.6550116994131285,preserved,-1.0,1.0,2.0,1.0,2.0,False
1.0,-0.13219114935368648,preserved,-1.0,1.0,2.0,1.0,2.0,False
1.0,-0.8972825827465538,preserved,-1.0,1.0,2.0,1.0,2.0,False
1.0,-0.2896797115832579,preserved,-1.0,1.0,2.0,1.0,2.0,False
1.0,0.4099059260200266,preserved,-1.0,1.0,2.0,1.0,2.0,False
1.0,-0.17836041025844174,preserved,-1.0,1.0,2.0,1.0,2.0,False
1.0,0.25612427607838995,preserved,-1.0,1.0,2.0,1.0,2.0,False
1.0,-0.4121547920740345,preserved,-1.0,1.0,2.0,1.0,2.0,False
1.0,0.6969316347102041,preserved,-1.0,1.0,2.0,1.0,2.0,False
1.0,-0.6618327826471604,preserved,-1.0,1.0,2.0,1.0,2.0,False
1.0,-0.5935810306368945,preserved,-1.0,1.0,2.0,1.0,2.0,False
1.0,-0.107613280944308,preserved,-1.0,1.0,2.0,1.0,2.0,False
1.0,-0.3709318872037015,preserved,-1.0,1.0,2.0,1.0,2.0,False
1.0,-0.4162961281524351,preserved,-1.0,1.0,2.0,1.0,2.0,False
1.0,0.7819777882107342,preserved,-1.0,1.0,2.0,1.0,2.0,False
1.0,0.7553200969203957,preserved,-1.0,1.0,2.0,1.0,2.0,False
1.0,0.08323407740455457,preserved,-1.0,1.0,2.0,1.0,2.0,False
1.0,0.6064435820788143,preserved,-1.0,1.0,2.0,1.0,2.0,False
1.0,-0.48612357931526695,preserved,-1.0,1.0,2.0,1.0,2.0,False
1.0,0.284729981605103,preserved,-1.0,1.0,2.0,1.0,2.0,False
1.0,0.3058778108174631,preserved,-1.0,1.0,2.0,1.0,2.0,False
1.0,0.8678178717640825,preserved,-1.0,1.0,2.0,1.0,2.0,False
1.0,-0.01848727101563763,preserved,-1.0,1.0,2.0,1.0,2.0,False
1.0,-0.2276537482813017,preserved,-1.0,1.0,2.0,1.0,2.0,False
1.0,-0.8052048965516636,preserved,-1.0,1.0,2.0,1.0,2.0,False
1.0,-0.3119805227243675,preserved,-1.0,1.0,2.0,1.0,2.0,False
1.0,0.5565122423765823,preserved,-1.0,1.0,2.0,1.0,2.0,False
1.0,-0.6923098378931098,preserved,-1.0,1.0,2.0,1.0,2.0,False
1.0,-0.046267127149039355,preserved,-1.0,1.0,2.0,1.0,2.0,False
1.0,0.9434739060646882,preserved,-1.0,1.0,2.0,1.0,2.0,False
1.0,-0.22580205066451797,preserved,-1.0,1.0,2.0,1.0,2.0,False
1.0,0.5631620328276021,preserved,-1.0,1.0,2.0,1.0,2.0,False
1.0,-0.39505446160689317,preserved,-1.0,1.0,2.0,1.0,2.0,False
1.0,-0.5552558292672138,preserved,-1.0,1.0,2.0,1.0,2.0,False
1.0,0.40620545282353104,preserved,-1.0,1.0,2.0,1.0,2.0,False
1.0,0.40441464633524693,preserved,-1.0,1.0,2.0,1.0,2.0,False
1.0,-0.5382343899971982,preserved,-1.0,1.0,2.0,1.0,2.0,False
1.0,-0.6115790685108822,preserved,-1.0,1.0,2.0,1.0,2.0,False
1.0,0.6776846008471311,preserved,-1.0,1.0,2.0,1.0,2.0,False
1.0,0.8182435444764,preserved,-1.0,1.0,2.0,1.0,2.0,False
1.0,-0.6435235607786318,preserved,-1.0,1.0,2.0,1.0,2.0,False
1.0,0.1627938536119744,preserved,-1.0,1.0,2.0,1.0,2.0,False
1.0,0.7961019877456432,preserved,-1.0,1.0,2.0,1.0,2.0,False
1.0,0.34613121665971436,preserved,-1.0,1.0,2.0,1.0,2.0,False
1.0,0.0477400764146827,preserved,-1.0,1.0,2.0,1.0,2.0,False
1.0,-0.3631160167695553,preserved,-1.0,1.0,2.0,1.0,2.0,False
1.0,-0.58863204247367,preserved,-1.0,1.0,2.0,1.0,2.0,False
1.0,-0.40008712849565065,preserved,-1.0,1.0,2.0,1.0,2.0,False
1.0,0.19559149824914335,preserved,-1.0,1.0,2.0,1.0,2.0,False
1.0,-0.9893605537964882,preserved,-1.0,1.0,2.0,1.0,2.0,False
1.0,-0.977908487846685,preserved,-1.0,1.0,2.0,1.0,2.0,False
1.0,0.9723573385014295,preserved,-1.0,1.0,2.0,1.0,2.0,False
1.0,0.1391384004195173,preserved,-1.0,1.0,2.0,1.0,2.0,False
1.0,-0.4887582780537536,preserved,-1.0,1.0,2.0,1.0,2.0,False
1.0,-0.6770123231190006,preserved,-1.0,1.0,2.0,1.0,2.0,False
1.0,-0.2865175537241236,preserved,-1.0,1.0,2.0,1.0,2.0,False
1.0,0.983998848406159,preserved,-1.0,1.0,2.0,1.0,2.0,False
1.0,-0.9351387260434085,preserved,-1.0,1.0,2.0,1.0,2.0,False
1.0,-0.16034104875501876,preserved,-1.0,1.0,2.0,1.0,2.0,False
1.0,-0.07216292192203322,preserved,-1.0,1.0,2.0,1.0,2.0,False
1.0,-0.7371418121535225,preserved,-1.0,1.0,2.0,1.0,2.0,False
1.0,0.31049579472307687,observational_loss,-1.0,1.0,2.0,1.0,0.0,True
1.0,-0.0544783025156117,observational_loss,-1.0,1.0,2.0,1.0,0.0,True
1.0,-0.12781138912279855,observational_loss,-1.0,1.0,2.0,1.0,0.0,True
1.0,0.5299350613134177,observational_loss,-1.0,1.0,2.0,1.0,0.0,True
1.0,0.38682739000250366,observational_loss,-1.0,1.0,2.0,1.0,0.0,True
1.0,-0.19045053559397296,observational_loss,-1.0,1.0,2.0,1.0,0.0,True
1.0,0.70823724353804,observational_loss,-1.0,1.0,2.0,1.0,0.0,True
1.0,0.8590777916043291,observational_loss,-1.0,1.0,2.0,1.0,0.0,True
1.0,-0.16224522718974566,observational_loss,-1.0,1.0,2.0,1.0,0.0,True
1.0,0.8311837747437014,observational_loss,-1.0,1.0,2.0,1.0,0.0,True
1.0,-0.8310538229127051,observational_loss,-1.0,1.0,2.0,1.0,0.0,True
1.0,0.6116406539533468,observational_loss,-1.0,1.0,2.0,1.0,0.0,True
1.0,-0.41945563763473737,observational_loss,-1.0,1.0,2.0,1.0,0.0,True
1.0,0.6204050729196233,observational_loss,-1.0,1.0,2.0,1.0,0.0,True
1.0,-0.7189943149675428,observational_loss,-1.0,1.0,2.0,1.0,0.0,True
1.0,-0.33178555171797397,observational_loss,-1.0,1.0,2.0,1.0,0.0,True
1.0,0.9051423788519595,observational_loss,-1.0,1.0,2.0,1.0,0.0,True
1.0,0.056915519521514746,observational_loss,-1.0,1.0,2.0,1.0,0.0,True
1.0,0.649876102332339,observational_loss,-1.0,1.0,2.0,1.0,0.0,True
1.0,-0.3622554796800377,observational_loss,-1.0,1.0,2.0,1.0,0.0,True
1.0,-0.02757930366150152,observational_loss,-1.0,1.0,2.0,1.0,0.0,True
1.0,0.9062959550759366,observational_loss,-1.0,1.0,2.0,1.0,0.0,True
1.0,0.08979263473561305,observational_loss,-1.0,1.0,2.0,1.0,0.0,True
1.0,0.5810436969343922,observational_loss,-1.0,1.0,2.0,1.0,0.0,True
1.0,0.33351277528201106,observational_loss,-1.0,1.0,2.0,1.0,0.0,True
1.0,0.50021045803603,observational_loss,-1.0,1.0,2.0,1.0,0.0,True
1.0,0.647829676283949,observational_loss,-1.0,1.0,2.0,1.0,0.0,True
1.0,0.2532301034366604,observational_loss,-1.0,1.0,2.0,1.0,0.0,True
1.0,-0.45731192417320954,observational_loss,-1.0,1.0,2.0,1.0,0.0,True
1.0,0.9656692799074889,observational_loss,-1.0,1.0,2.0,1.0,0.0,True
1.0,0.7956682782658702,observational_loss,-1.0,1.0,2.0,1.0,0.0,True
1.0,-0.870113418836362,observational_loss,-1.0,1.0,2.0,1.0,0.0,True
1.0,0.6471733576066463,observational_loss,-1.0,1.0,2.0,1.0,0.0,True
1.0,-0.12258281205750432,observational_loss,-1.0,1.0,2.0,1.0,0.0,True
1.0,-0.7924659681337014,observational_loss,-1.0,1.0,2.0,1.0,0.0,True
1.0,-0.9614538437044982,observational_loss,-1.0,1.0,2.0,1.0,0.0,True
1.0,0.31204629970955255,observational_loss,-1.0,1.0,2.0,1.0,0.0,True
1.0,-0.14035420870731552,observational_loss,-1.0,1.0,2.0,1.0,0.0,True
1.0,-0.03808592435085645,observational_loss,-1.0,1.0,2.0,1.0,0.0,True
1.0,-0.031001603913969555,observational_loss,-1.0,1.0,2.0,1.0,0.0,True
1.0,-0.8829243891653982,observational_loss,-1.0,1.0,2.0,1.0,0.0,True
1.0,0.28145074654754487,observational_loss,-1.0,1.0,2.0,1.0,0.0,True
1.0,0.17575530208529533,observational_loss,-1.0,1.0,2.0,1.0,0.0,True
1.0,0.5869151184415577,observational_loss,-1.0,1.0,2.0,1.0,0.0,True
1.0,-0.5263150616207499,observational_loss,-1.0,1.0,2.0,1.0,0.0,True
1.0,0.12658518870624014,observational_loss,-1.0,1.0,2.0,1.0,0.0,True
1.0,-0.05105663381821013,observational_loss,-1.0,1.0,2.0,1.0,0.0,True
1.0,-0.8536492355351997,observational_loss,-1.0,1.0,2.0,1.0,0.0,True
1.0,0.5910251531573292,observational_loss,-1.0,1.0,2.0,1.0,0.0,True
1.0,0.7152698353286933,observational_loss,-1.0,1.0,2.0,1.0,0.0,True
1.0,-0.15599102732261771,observational_loss,-1.0,1.0,2.0,1.0,0.0,True
1.0,-0.8452088463348866,observational_loss,-1.0,1.0,2.0,1.0,0.0,True
1.0,-0.214495034172401,observational_loss,-1.0,1.0,2.0,1.0,0.0,True
1.0,0.4127483393911855,observational_loss,-1.0,1.0,2.0,1.0,0.0,True
1.0,-0.4137604310991858,observational_loss,-1.0,1.0,2.0,1.0,0.0,True
1.0,0.04633768978265618,observational_loss,-1.0,1.0,2.0,1.0,0.0,True
1.0,-0.9049904282084853,observational_loss,-1.0,1.0,2.0,1.0,0.0,True
1.0,-0.9468006466011301,observational_loss,-1.0,1.0,2.0,1.0,0.0,True
1.0,0.2865572848647602,observational_loss,-1.0,1.0,2.0,1.0,0.0,True
1.0,-0.49246765247474134,observational_loss,-1.0,1.0,2.0,1.0,0.0,True
1.0,0.8039372838760315,observational_loss,-1.0,1.0,2.0,1.0,0.0,True
1.0,0.23854233913248857,observational_loss,-1.0,1.0,2.0,1.0,0.0,True
1.0,-0.22877562371946514,observational_loss,-1.0,1.0,2.0,1.0,0.0,True
1.0,-0.4592651872471767,observational_loss,-1.0,1.0,2.0,1.0,0.0,True
1.0,-0.7334459835031455,observational_loss,-1.0,1.0,2.0,1.0,0.0,True
1.0,0.7849792272104572,observational_loss,-1.0,1.0,2.0,1.0,0.0,True
1.0,0.9963682238696876,observational_loss,-1.0,1.0,2.0,1.0,0.0,True
1.0,0.5255374282782288,observational_loss,-1.0,1.0,2.0,1.0,0.0,True
1.0,0.6189325177054181,observational_loss,-1.0,1.0,2.0,1.0,0.0,True
1.0,0.2784174392851164,observational_loss,-1.0,1.0,2.0,1.0,0.0,True
1.0,-0.5449187503356108,observational_loss,-1.0,1.0,2.0,1.0,0.0,True
1.0,0.5821306509718223,observational_loss,-1.0,1.0,2.0,1.0,0.0,True
1.0,0.8169298964431191,observational_loss,-1.0,1.0,2.0,1.0,0.0,True
1.0,0.6344540015152722,observational_loss,-1.0,1.0,2.0,1.0,0.0,True
1.0,-0.0679971724109083,observational_loss,-1.0,1.0,2.0,1.0,0.0,True
1.0,0.4797205691252253,observational_loss,-1.0,1.0,2.0,1.0,0.0,True
1.0,0.7458717976560796,observational_loss,-1.0,1.0,2.0,1.0,0.0,True
1.0,0.8928117786822543,observational_loss,-1.0,1.0,2.0,1.0,0.0,True
1.0,-0.605839376454282,observational_loss,-1.0,1.0,2.0,1.0,0.0,True
1.0,0.35641051629417264,observational_loss,-1.0,1.0,2.0,1.0,0.0,True
1.0,-0.07828174675552124,observational_loss,-1.0,1.0,2.0,1.0,0.0,True
1.0,0.04802168304651522,observational_loss,-1.0,1.0,2.0,1.0,0.0,True
1.0,-0.08759571965009272,observational_loss,-1.0,1.0,2.0,1.0,0.0,True
1.0,-0.4592879410994537,observational_loss,-1.0,1.0,2.0,1.0,0.0,True
1.0,-0.4791975823807606,observational_loss,-1.0,1.0,2.0,1.0,0.0,True
1.0,-0.46088016473893445,observational_loss,-1.0,1.0,2.0,1.0,0.0,True
1.0,0.13025123921138504,observational_loss,-1.0,1.0,2.0,1.0,0.0,True
1.0,0.9357666605760042,observational_loss,-1.0,1.0,2.0,1.0,0.0,True
1.0,0.7992196548412991,observational_loss,-1.0,1.0,2.0,1.0,0.0,True
1.0,0.48812365962949245,observational_loss,-1.0,1.0,2.0,1.0,0.0,True
1.0,0.5577525197458773,observational_loss,-1.0,1.0,2.0,1.0,0.0,True
1.0,-0.6607378978230116,observational_loss,-1.0,1.0,2.0,1.0,0.0,True
1.0,0.47164107896492813,observational_loss,-1.0,1.0,2.0,1.0,0.0,True
1.0,-0.30950064143013334,observational_loss,-1.0,1.0,2.0,1.0,0.0,True
1.0,0.006150742417380561,observational_loss,-1.0,1.0,2.0,1.0,0.0,True
1.0,-0.4043130656082028,observational_loss,-1.0,1.0,2.0,1.0,0.0,True
1.0,-0.9888145923654321,observational_loss,-1.0,1.0,2.0,1.0,0.0,True
1.0,0.5865227529641686,observational_loss,-1.0,1.0,2.0,1.0,0.0,True
1.0,0.9014214844330504,observational_loss,-1.0,1.0,2.0,1.0,0.0,True
1.0,-0.9072770127610534,observational_loss,-1.0,1.0,2.0,1.0,0.0,True
1.0,-0.22743319749475832,observational_loss,-1.0,1.0,2.0,1.0,0.0,True
1.0,0.04912431712130805,observational_loss,-1.0,1.0,2.0,1.0,0.0,True
1.0,0.8282574348692169,observational_loss,-1.0,1.0,2.0,1.0,0.0,True
1.0,-0.00839759326178946,observational_loss,-1.0,1.0,2.0,1.0,0.0,True
1.0,-0.4534342640622766,observational_loss,-1.0,1.0,2.0,1.0,0.0,True
1.0,0.15866354285373863,observational_loss,-1.0,1.0,2.0,1.0,0.0,True
1.0,0.8471249917027401,observational_loss,-1.0,1.0,2.0,1.0,0.0,True
1.0,0.4341712990684854,observational_loss,-1.0,1.0,2.0,1.0,0.0,True
1.0,-0.5579245254168461,observational_loss,-1.0,1.0,2.0,1.0,0.0,True
1.0,0.8874979969348114,observational_loss,-1.0,1.0,2.0,1.0,0.0,True
1.0,0.45878462494768923,observational_loss,-1.0,1.0,2.0,1.0,0.0,True
1.0,-0.22918533573857847,observational_loss,-1.0,1.0,2.0,1.0,0.0,True
1.0,0.7060350861125313,observational_loss,-1.0,1.0,2.0,1.0,0.0,True
1.0,0.013691044061096669,observational_loss,-1.0,1.0,2.0,1.0,0.0,True
1.0,-0.6679307363934819,observational_loss,-1.0,1.0,2.0,1.0,0.0,True
1.0,0.47627692737809557,observational_loss,-1.0,1.0,2.0,1.0,0.0,True
1.0,-0.8132460696686934,observational_loss,-1.0,1.0,2.0,1.0,0.0,True
1.0,-0.4630246056374723,observational_loss,-1.0,1.0,2.0,1.0,0.0,True
1.0,0.13159075331795367,observational_loss,-1.0,1.0,2.0,1.0,0.0,True
1.0,0.628041926397312,observational_loss,-1.0,1.0,2.0,1.0,0.0,True
1.0,0.3175909861569175,observational_loss,-1.0,1.0,2.0,1.0,0.0,True
1.0,-0.6452120471825318,observational_loss,-1.0,1.0,2.0,1.0,0.0,True
1.0,0.7997939791519331,observational_loss,-1.0,1.0,2.0,1.0,0.0,True
1.0,-0.399954880488093,observational_loss,-1.0,1.0,2.0,1.0,0.0,True
1.0,-0.6150584205536416,observational_loss,-1.0,1.0,2.0,1.0,0.0,True
1.0,0.7551450057242699,observational_loss,-1.0,1.0,2.0,1.0,0.0,True
1.0,0.34391080908622573,observational_loss,-1.0,1.0,2.0,1.0,0.0,True
1.0,-0.07539281140034193,observational_loss,-1.0,1.0,2.0,1.0,0.0,True
1.0,0.3337412174692349,observational_loss,-1.0,1.0,2.0,1.0,0.0,True
1.0,-0.11317642222437074,observational_loss,-1.0,1.0,2.0,1.0,0.0,True
1.0,-0.17109794556340163,observational_loss,-1.0,1.0,2.0,1.0,0.0,True
1.0,0.5085950572324311,observational_loss,-1.0,1.0,2.0,1.0,0.0,True
1.0,-0.861384204995375,observational_loss,-1.0,1.0,2.0,1.0,0.0,True
1.0,0.3811822324470917,observational_loss,-1.0,1.0,2.0,1.0,0.0,True
1.0,-0.905392452819151,observational_loss,-1.0,1.0,2.0,1.0,0.0,True
1.0,0.8898059822179134,observational_loss,-1.0,1.0,2.0,1.0,0.0,True
1.0,-0.5763859333395975,observational_loss,-1.0,1.0,2.0,1.0,0.0,True
1.0,-0.964407319465105,observational_loss,-1.0,1.0,2.0,1.0,0.0,True
1.0,0.26058124299304897,observational_loss,-1.0,1.0,2.0,1.0,0.0,True
1.0,-0.64549181166322,observational_loss,-1.0,1.0,2.0,1.0,0.0,True
1.0,-0.2977129604360824,observational_loss,-1.0,1.0,2.0,1.0,0.0,True
1.0,0.6066154207899217,observational_loss,-1.0,1.0,2.0,1.0,0.0,True
1.0,0.9409205436385051,observational_loss,-1.0,1.0,2.0,1.0,0.0,True
1.0,0.6764918378562408,observational_loss,-1.0,1.0,2.0,1.0,0.0,True
1.0,-0.4894497934337676,observational_loss,-1.0,1.0,2.0,1.0,0.0,True
1.0,-0.218689766073624,observational_loss,-1.0,1.0,2.0,1.0,0.0,True
1.0,0.9103464518063316,observational_loss,-1.0,1.0,2.0,1.0,0.0,True
1.0,0.7634253391195944,observational_loss,-1.0,1.0,2.0,1.0,0.0,True
1.0,-0.6469552796028921,observational_loss,-1.0,1.0,2.0,1.0,0.0,True
1.0,0.3471389638919997,observational_loss,-1.0,1.0,2.0,1.0,0.0,True
1.0,-0.1905422132180956,observational_loss,-1.0,1.0,2.0,1.0,0.0,True
1.0,0.9280162454270979,observational_loss,-1.0,1.0,2.0,1.0,0.0,True
1.0,0.21049316865814816,observational_loss,-1.0,1.0,2.0,1.0,0.0,True
1.0,0.588180909994884,observational_loss,-1.0,1.0,2.0,1.0,0.0,True
1.0,0.8884597191285108,observational_loss,-1.0,1.0,2.0,1.0,0.0,True
1.0,-0.7217947798934423,observational_loss,-1.0,1.0,2.0,1.0,0.0,True
1.0,0.3866736219255136,observational_loss,-1.0,1.0,2.0,1.0,0.0,True
1.0,-0.8417916323476329,observational_loss,-1.0,1.0,2.0,1.0,0.0,True
1.0,0.04359429669335335,observational_loss,-1.0,1.0,2.0,1.0,0.0,True
1.0,0.6804354125476306,observational_loss,-1.0,1.0,2.0,1.0,0.0,True
1.0,-0.7769751930153768,observational_loss,-1.0,1.0,2.0,1.0,0.0,True
1.0,0.09688425474414486,observational_loss,-1.0,1.0,2.0,1.0,0.0,True
1.0,0.4429915850273789,observational_loss,-1.0,1.0,2.0,1.0,0.0,True
1.0,0.22557220497124408,observational_loss,-1.0,1.0,2.0,1.0,0.0,True
1.0,-0.8755892952698585,observational_loss,-1.0,1.0,2.0,1.0,0.0,True
1.0,0.23036258171248747,observational_loss,-1.0,1.0,2.0,1.0,0.0,True
1.0,0.366564605909824,observational_loss,-1.0,1.0,2.0,1.0,0.0,True
1.0,0.6575705868014277,observational_loss,-1.0,1.0,2.0,1.0,0.0,True
1.0,-0.25114894519639175,observational_loss,-1.0,1.0,2.0,1.0,0.0,True
1.0,0.44486449900321423,observational_loss,-1.0,1.0,2.0,1.0,0.0,True
1.0,0.3562118114481079,observational_loss,-1.0,1.0,2.0,1.0,0.0,True
1.0,-0.7738593471613402,observational_loss,-1.0,1.0,2.0,1.0,0.0,True
1.0,-0.23774158185681382,observational_loss,-1.0,1.0,2.0,1.0,0.0,True
1.0,-0.6244029760163261,observational_loss,-1.0,1.0,2.0,1.0,0.0,True
1.0,0.12817241266453872,observational_loss,-1.0,1.0,2.0,1.0,0.0,True
1.0,0.63694827377485,observational_loss,-1.0,1.0,2.0,1.0,0.0,True
1.0,0.850989642710668,observational_loss,-1.0,1.0,2.0,1.0,0.0,True
1.0,-0.42520433839566185,observational_loss,-1.0,1.0,2.0,1.0,0.0,True
1.0,0.42059323090714007,observational_loss,-1.0,1.0,2.0,1.0,0.0,True
1.0,-0.7704036097936089,observational_loss,-1.0,1.0,2.0,1.0,0.0,True
1.0,0.08334815590326605,observational_loss,-1.0,1.0,2.0,1.0,0.0,True
1.0,-0.7997120578711134,observational_loss,-1.0,1.0,2.0,1.0,0.0,True
1.0,0.852233204579931,observational_loss,-1.0,1.0,2.0,1.0,0.0,True
1.0,-0.08098571903154661,observational_loss,-1.0,1.0,2.0,1.0,0.0,True
1.0,0.0313234654596255,observational_loss,-1.0,1.0,2.0,1.0,0.0,True
1.0,-0.7673848403253414,observational_loss,-1.0,1.0,2.0,1.0,0.0,True
1.0,0.8095800026625144,observational_loss,-1.0,1.0,2.0,1.0,0.0,True
1.0,0.8924407449849374,observational_loss,-1.0,1.0,2.0,1.0,0.0,True
1.0,0.41731625073671164,observational_loss,-1.0,1.0,2.0,1.0,0.0,True
1.0,0.9671058225924811,observational_loss,-1.0,1.0,2.0,1.0,0.0,True
1.0,0.49924912547425393,observational_loss,-1.0,1.0,2.0,1.0,0.0,True
1.0,-0.4081600594637209,observational_loss,-1.0,1.0,2.0,1.0,0.0,True
1.0,0.12733306640424824,observational_loss,-1.0,1.0,2.0,1.0,0.0,True
1.0,-0.6994847909970212,observational_loss,-1.0,1.0,2.0,1.0,0.0,True
1.0,0.7453874988261173,observational_loss,-1.0,1.0,2.0,1.0,0.0,True
1.0,-0.39934225455299255,observational_loss,-1.0,1.0,2.0,1.0,0.0,True
1.0,-0.37106524114965,observational_loss,-1.0,1.0,2.0,1.0,0.0,True
1.0,-0.3571446153375304,observational_loss,-1.0,1.0,2.0,1.0,0.0,True
1.0,-0.4875327977896633,observational_loss,-1.0,1.0,2.0,1.0,0.0,True
1.0,-0.32273704677186443,observational_loss,-1.0,1.0,2.0,1.0,0.0,True
1.0,-0.7362649934033727,observational_loss,-1.0,1.0,2.0,1.0,0.0,True
1.0,-0.9412894956554045,observational_loss,-1.0,1.0,2.0,1.0,0.0,True
1.0,0.949399966465097,observational_loss,-1.0,1.0,2.0,1.0,0.0,True
1.0,-0.2733239512178338,observational_loss,-1.0,1.0,2.0,1.0,0.0,True
1.0,0.9832286287329699,observational_loss,-1.0,1.0,2.0,1.0,0.0,True
1.0,0.3754439151517126,observational_loss,-1.0,1.0,2.0,1.0,0.0,True
1.0,0.6312802355192311,observational_loss,-1.0,1.0,2.0,1.0,0.0,True
1.0,-0.7603765281526325,observational_loss,-1.0,1.0,2.0,1.0,0.0,True
1.0,-0.05535833868556783,observational_loss,-1.0,1.0,2.0,1.0,0.0,True
1.0,-0.6925309283603391,observational_loss,-1.0,1.0,2.0,1.0,0.0,True
1.0,-0.17411408655593763,observational_loss,-1.0,1.0,2.0,1.0,0.0,True
1.0,-0.7958049962626723,observational_loss,-1.0,1.0,2.0,1.0,0.0,True
1.0,0.04765784277307872,observational_loss,-1.0,1.0,2.0,1.0,0.0,True
1.0,0.6191924548505301,observational_loss,-1.0,1.0,2.0,1.0,0.0,True
1.0,0.7977561645815587,observational_loss,-1.0,1.0,2.0,1.0,0.0,True
1.0,0.7928248796583686,observational_loss,-1.0,1.0,2.0,1.0,0.0,True
1.0,0.6112099965971571,observational_loss,-1.0,1.0,2.0,1.0,0.0,True
1.0,0.38201691095848567,observational_loss,-1.0,1.0,2.0,1.0,0.0,True
1.0,-0.35291483651274436,observational_loss,-1.0,1.0,2.0,1.0,0.0,True
1.0,-0.7636674087551842,observational_loss,-1.0,1.0,2.0,1.0,0.0,True
1.0,0.2052439862300759,observational_loss,-1.0,1.0,2.0,1.0,0.0,True
1.0,-0.6789095345535539,observational_loss,-1.0,1.0,2.0,1.0,0.0,True
1.0,0.3760127744590034,observational_loss,-1.0,1.0,2.0,1.0,0.0,True
1.0,-0.929645204974815,observational_loss,-1.0,1.0,2.0,1.0,0.0,True
1.0,0.9764288325282982,observational_loss,-1.0,1.0,2.0,1.0,0.0,True
1.0,0.4630115882449697,observational_loss,-1.0,1.0,2.0,1.0,0.0,True
1.0,-0.6449326440940126,observational_loss,-1.0,1.0,2.0,1.0,0.0,True
1.0,-0.6625333869505821,observational_loss,-1.0,1.0,2.0,1.0,0.0,True
1.0,-0.9561146194240329,observational_loss,-1.0,1.0,2.0,1.0,0.0,True
1.0,-0.8786167140913206,observational_loss,-1.0,1.0,2.0,1.0,0.0,True
1.0,0.26025557277455635,observational_loss,-1.0,1.0,2.0,1.0,0.0,True
1.0,0.8875272581262805,observational_loss,-1.0,1.0,2.0,1.0,0.0,True
1.0,0.8357910311198082,observational_loss,-1.0,1.0,2.0,1.0,0.0,True
1.0,0.8716453143174834,observational_loss,-1.0,1.0,2.0,1.0,0.0,True
1.0,-0.9421740852283209,observational_loss,-1.0,1.0,2.0,1.0,0.0,True
1.0,0.4992893000910221,observational_loss,-1.0,1.0,2.0,1.0,0.0,True
1.0,0.056483498876022775,observational_loss,-1.0,1.0,2.0,1.0,0.0,True
1.0,-0.5542594545316981,observational_loss,-1.0,1.0,2.0,1.0,0.0,True
1.0,0.4527163386220667,observational_loss,-1.0,1.0,2.0,1.0,0.0,True
1.0,-0.09124005371828181,observational_loss,-1.0,1.0,2.0,1.0,0.0,True
1.0,-0.9723280882765233,observational_loss,-1.0,1.0,2.0,1.0,0.0,True
1.0,-0.9595965600016509,observational_loss,-1.0,1.0,2.0,1.0,0.0,True
1.0,0.6811286228637581,observational_loss,-1.0,1.0,2.0,1.0,0.0,True
1.0,-0.6305426582080407,observational_loss,-1.0,1.0,2.0,1.0,0.0,True
1.0,0.27751928673165605,observational_loss,-1.0,1.0,2.0,1.0,0.0,True
1.0,-0.43799329170498935,observational_loss,-1.0,1.0,2.0,1.0,0.0,True
1.0,0.7407965863974528,observational_loss,-1.0,1.0,2.0,1.0,0.0,True
1.0,-0.5050683075077049,observational_loss,-1.0,1.0,2.0,1.0,0.0,True
1.0,0.17518316972415682,observational_loss,-1.0,1.0,2.0,1.0,0.0,True
1.0,0.15634082984207964,observational_loss,-1.0,1.0,2.0,1.0,0.0,True
1.0,-0.3313452221469564,observational_loss,-1.0,1.0,2.0,1.0,0.0,True
1.0,-0.060836377829430965,observational_loss,-1.0,1.0,2.0,1.0,0.0,True
1.0,0.6149836815194409,observational_loss,-1.0,1.0,2.0,1.0,0.0,True
1.0,-0.3799394874654398,observational_loss,-1.0,1.0,2.0,1.0,0.0,True
1.0,-0.5998178362496549,observational_loss,-1.0,1.0,2.0,1.0,0.0,True
1.0,-0.05388956507324738,observational_loss,-1.0,1.0,2.0,1.0,0.0,True
1.0,-0.4296790841221696,observational_loss,-1.0,1.0,2.0,1.0,0.0,True
1.0,0.8689320215151528,observational_loss,-1.0,1.0,2.0,1.0,0.0,True
1.0,0.4015159674383897,observational_loss,-1.0,1.0,2.0,1.0,0.0,True
1.0,0.47968333099846316,observational_loss,-1.0,1.0,2.0,1.0,0.0,True
1.0,-0.9584047822053783,observational_loss,-1.0,1.0,2.0,1.0,0.0,True
1.0,-0.9252374598718902,observational_loss,-1.0,1.0,2.0,1.0,0.0,True
1.0,-0.989298996773726,observational_loss,-1.0,1.0,2.0,1.0,0.0,True
1.0,0.6023595526594803,observational_loss,-1.0,1.0,2.0,1.0,0.0,True
1.0,0.50112674891195,observational_loss,-1.0,1.0,2.0,1.0,0.0,True
1.0,-0.34301449230510705,observational_loss,-1.0,1.0,2.0,1.0,0.0,True
1.0,-0.9678456411950984,observational_loss,-1.0,1.0,2.0,1.0,0.0,True
1.0,0.013842838957736303,observational_loss,-1.0,1.0,2.0,1.0,0.0,True
1.0,-0.5756454273521052,observational_loss,-1.0,1.0,2.0,1.0,0.0,True
1.0,-0.36061337417963935,observational_loss,-1.0,1.0,2.0,1.0,0.0,True
1.0,-0.5041963236166997,observational_loss,-1.0,1.0,2.0,1.0,0.0,True
1.0,0.48285046000332743,observational_loss,-1.0,1.0,2.0,1.0,0.0,True
1.0,0.7464557795245894,observational_loss,-1.0,1.0,2.0,1.0,0.0,True
1.0,0.30620170540079217,observational_loss,-1.0,1.0,2.0,1.0,0.0,True
1.0,0.3039364571559997,observational_loss,-1.0,1.0,2.0,1.0,0.0,True
1.0,0.09259095037883447,observational_loss,-1.0,1.0,2.0,1.0,0.0,True
1.0,0.23558652599215324,observational_loss,-1.0,1.0,2.0,1.0,0.0,True
1.0,-0.862069360652139,observational_loss,-1.0,1.0,2.0,1.0,0.0,True
1.0,0.3707328221673134,observational_loss,-1.0,1.0,2.0,1.0,0.0,True
1.0,-0.791727534157705,observational_loss,-1.0,1.0,2.0,1.0,0.0,True
1.0,-0.13735888748983616,observational_loss,-1.0,1.0,2.0,1.0,0.0,True
1.0,0.15485034001520592,observational_loss,-1.0,1.0,2.0,1.0,0.0,True
1.0,0.5012253339975778,observational_loss,-1.0,1.0,2.0,1.0,0.0,True
1.0,0.7739052260105901,observational_loss,-1.0,1.0,2.0,1.0,0.0,True
1.0,0.46236524230627474,observational_loss,-1.0,1.0,2.0,1.0,0.0,True
1.0,0.6155228312052421,observational_loss,-1.0,1.0,2.0,1.0,0.0,True
1.0,0.1484836835988692,observational_loss,-1.0,1.0,2.0,1.0,0.0,True
1.0,-0.7791859424571712,observational_loss,-1.0,1.0,2.0,1.0,0.0,True
1.0,0.9779579986164688,observational_loss,-1.0,1.0,2.0,1.0,0.0,True
1.0,-0.9055581133516195,observational_loss,-1.0,1.0,2.0,1.0,0.0,True
1.0,-0.34501955726892186,observational_loss,-1.0,1.0,2.0,1.0,0.0,True
1.0,0.33429119879228564,observational_loss,-1.0,1.0,2.0,1.0,0.0,True
1.0,0.1822361587399839,observational_loss,-1.0,1.0,2.0,1.0,0.0,True
1.0,0.38814373102906474,observational_loss,-1.0,1.0,2.0,1.0,0.0,True
1.0,-0.04383334144119866,observational_loss,-1.0,1.0,2.0,1.0,0.0,True
1.0,0.4489084697508863,observational_loss,-1.0,1.0,2.0,1.0,0.0,True
1.0,0.20867536968170053,observational_loss,-1.0,1.0,2.0,1.0,0.0,True
1.0,0.9570180071418772,observational_loss,-1.0,1.0,2.0,1.0,0.0,True
1.0,-0.6593357511484534,observational_loss,-1.0,1.0,2.0,1.0,0.0,True
1.0,-0.4882448635448178,observational_loss,-1.0,1.0,2.0,1.0,0.0,True
1.0,-0.9376303373764001,observational_loss,-1.0,1.0,2.0,1.0,0.0,True
1.0,-0.12881517729272995,observational_loss,-1.0,1.0,2.0,1.0,0.0,True
1.0,-0.6510700574819994,observational_loss,-1.0,1.0,2.0,1.0,0.0,True
1.0,-0.10251441744672807,observational_loss,-1.0,1.0,2.0,1.0,0.0,True
1.0,0.959825575249114,observational_loss,-1.0,1.0,2.0,1.0,0.0,True
1.0,0.07418140961152409,observational_loss,-1.0,1.0,2.0,1.0,0.0,True
1.0,0.5291365758836162,observational_loss,-1.0,1.0,2.0,1.0,0.0,True
1.0,0.961965348254235,observational_loss,-1.0,1.0,2.0,1.0,0.0,True
1.0,0.9373125880619537,observational_loss,-1.0,1.0,2.0,1.0,0.0,True
1.0,0.9329693660055711,observational_loss,-1.0,1.0,2.0,1.0,0.0,True
1.0,-0.3604623549487125,observational_loss,-1.0,1.0,2.0,1.0,0.0,True
1.0,0.4553969551137096,observational_loss,-1.0,1.0,2.0,1.0,0.0,True
1.0,0.4023614249712628,observational_loss,-1.0,1.0,2.0,1.0,0.0,True
1.0,-0.6245530065190772,observational_loss,-1.0,1.0,2.0,1.0,0.0,True
1.0,-0.8830529746459226,observational_loss,-1.0,1.0,2.0,1.0,0.0,True
1.0,-0.94595268765798,observational_loss,-1.0,1.0,2.0,1.0,0.0,True
1.0,0.024679492901452216,observational_loss,-1.0,1.0,2.0,1.0,0.0,True
1.0,-0.088359890069025,observational_loss,-1.0,1.0,2.0,1.0,0.0,True
1.0,-0.7905920353695408,observational_loss,-1.0,1.0,2.0,1.0,0.0,True
1.0,0.023639382588547697,observational_loss,-1.0,1.0,2.0,1.0,0.0,True
1.0,0.982166459196181,observational_loss,-1.0,1.0,2.0,1.0,0.0,True
1.0,-0.1794978071694724,observational_loss,-1.0,1.0,2.0,1.0,0.0,True
1.0,0.05138513163268077,observational_loss,-1.0,1.0,2.0,1.0,0.0,True
1.0,0.21650207918539022,observational_loss,-1.0,1.0,2.0,1.0,0.0,True
1.0,0.1643578273965367,observational_loss,-1.0,1.0,2.0,1.0,0.0,True
1.0,-0.02975693595070772,observational_loss,-1.0,1.0,2.0,1.0,0.0,True
1.0,-0.5179147945713967,observational_loss,-1.0,1.0,2.0,1.0,0.0,True
1.0,-0.4659572306168702,observational_loss,-1.0,1.0,2.0,1.0,0.0,True
1.0,-0.8353093229547945,observational_loss,-1.0,1.0,2.0,1.0,0.0,True
1.0,-0.9904402568805826,observational_loss,-1.0,1.0,2.0,1.0,0.0,True
1.0,-0.7214013813439157,observational_loss,-1.0,1.0,2.0,1.0,0.0,True
1.0,0.7158877279811191,observational_loss,-1.0,1.0,2.0,1.0,0.0,True
1.0,-0.5825335143095172,observational_loss,-1.0,1.0,2.0,1.0,0.0,True
1.0,-0.9122989114063498,observational_loss,-1.0,1.0,2.0,1.0,0.0,True
1.0,0.7826675562158611,observational_loss,-1.0,1.0,2.0,1.0,0.0,True
1.0,-0.8799352982242197,observational_loss,-1.0,1.0,2.0,1.0,0.0,True
1.0,-0.4590472113813513,observational_loss,-1.0,1.0,2.0,1.0,0.0,True
1.0,-0.3935274643408879,observational_loss,-1.0,1.0,2.0,1.0,0.0,True
1.0,-0.3050644130638338,observational_loss,-1.0,1.0,2.0,1.0,0.0,True
1.0,0.9756345000384372,observational_loss,-1.0,1.0,2.0,1.0,0.0,True
1.0,-0.4841436773691148,observational_loss,-1.0,1.0,2.0,1.0,0.0,True
1.0,0.6109333377560109,observational_loss,-1.0,1.0,2.0,1.0,0.0,True
1.0,-0.36112120211154464,observational_loss,-1.0,1.0,2.0,1.0,0.0,True
1.0,-0.9195593529954582,observational_loss,-1.0,1.0,2.0,1.0,0.0,True
1.0,-0.033591703755498026,observational_loss,-1.0,1.0,2.0,1.0,0.0,True
1.0,-0.7134608131887408,observational_loss,-1.0,1.0,2.0,1.0,0.0,True
1.0,0.5045738714096033,observational_loss,-1.0,1.0,2.0,1.0,0.0,True
1.0,-0.013195024974247183,observational_loss,-1.0,1.0,2.0,1.0,0.0,True
1.0,0.7467292662982177,observational_loss,-1.0,1.0,2.0,1.0,0.0,True
1.0,-0.9938471002681235,observational_loss,-1.0,1.0,2.0,1.0,0.0,True
1.0,-0.4537991983560139,observational_loss,-1.0,1.0,2.0,1.0,0.0,True
1.0,-0.20361823692398828,observational_loss,-1.0,1.0,2.0,1.0,0.0,True
1.0,0.6174436848319538,observational_loss,-1.0,1.0,2.0,1.0,0.0,True
1.0,0.6535812108539447,observational_loss,-1.0,1.0,2.0,1.0,0.0,True
1.0,0.7134506408033354,observational_loss,-1.0,1.0,2.0,1.0,0.0,True
1.0,0.6001290967526867,observational_loss,-1.0,1.0,2.0,1.0,0.0,True
1.0,-0.49025711800940064,observational_loss,-1.0,1.0,2.0,1.0,0.0,True
1.0,0.7559692744334419,observational_loss,-1.0,1.0,2.0,1.0,0.0,True
1.0,-0.8647693131039396,observational_loss,-1.0,1.0,2.0,1.0,0.0,True
1.0,-0.8782127225733025,observational_loss,-1.0,1.0,2.0,1.0,0.0,True
1.0,-0.74220958377971,observational_loss,-1.0,1.0,2.0,1.0,0.0,True
1.0,0.5546801620039938,observational_loss,-1.0,1.0,2.0,1.0,0.0,True
1.0,-0.13226387804147488,observational_loss,-1.0,1.0,2.0,1.0,0.0,True
1.0,-0.054637333139272215,observational_loss,-1.0,1.0,2.0,1.0,0.0,True
1.0,-0.8471425585027148,observational_loss,-1.0,1.0,2.0,1.0,0.0,True
1.0,-0.41417475019221817,observational_loss,-1.0,1.0,2.0,1.0,0.0,True
1.0,-0.8159955098194414,observational_loss,-1.0,1.0,2.0,1.0,0.0,True
1.0,-0.25532141547635634,observational_loss,-1.0,1.0,2.0,1.0,0.0,True
1.0,-0.9314839282301115,observational_loss,-1.0,1.0,2.0,1.0,0.0,True
1.0,0.5803536740897037,observational_loss,-1.0,1.0,2.0,1.0,0.0,True
1.0,0.16057808325633105,observational_loss,-1.0,1.0,2.0,1.0,0.0,True
1.0,0.8085196289216001,observational_loss,-1.0,1.0,2.0,1.0,0.0,True
1.0,-0.5195919303586216,observational_loss,-1.0,1.0,2.0,1.0,0.0,True
1.0,0.614769128149063,observational_loss,-1.0,1.0,2.0,1.0,0.0,True
1.0,0.3467240960619664,observational_loss,-1.0,1.0,2.0,1.0,0.0,True
1.0,-0.8738694721656846,observational_loss,-1.0,1.0,2.0,1.0,0.0,True
1.0,-0.8768980984371233,observational_loss,-1.0,1.0,2.0,1.0,0.0,True
1.0,-0.9426190194911324,observational_loss,-1.0,1.0,2.0,1.0,0.0,True
1.0,-0.11762990382534722,observational_loss,-1.0,1.0,2.0,1.0,0.0,True
1.0,0.03590730176805246,observational_loss,-1.0,1.0,2.0,1.0,0.0,True
1.0,0.5292639486415975,observational_loss,-1.0,1.0,2.0,1.0,0.0,True
1.0,-0.03456627661583922,observational_loss,-1.0,1.0,2.0,1.0,0.0,True
1.0,0.33123964606971623,observational_loss,-1.0,1.0,2.0,1.0,0.0,True
1.0,0.9462100436622727,observational_loss,-1.0,1.0,2.0,1.0,0.0,True
1.0,-0.883919432009695,observational_loss,-1.0,1.0,2.0,1.0,0.0,True
1.0,0.206602639749909,observational_loss,-1.0,1.0,2.0,1.0,0.0,True
1.0,0.7004356166108925,observational_loss,-1.0,1.0,2.0,1.0,0.0,True
1.0,0.2987045559516097,observational_loss,-1.0,1.0,2.0,1.0,0.0,True
1.0,0.8723432550569736,observational_loss,-1.0,1.0,2.0,1.0,0.0,True
1.0,0.04872954790486239,observational_loss,-1.0,1.0,2.0,1.0,0.0,True
1.0,-0.4183664237889042,observational_loss,-1.0,1.0,2.0,1.0,0.0,True
1.0,-0.04330574634974571,observational_loss,-1.0,1.0,2.0,1.0,0.0,True
1.0,0.2277508176649099,observational_loss,-1.0,1.0,2.0,1.0,0.0,True
1.0,0.20316868026963708,observational_loss,-1.0,1.0,2.0,1.0,0.0,True
1.0,-0.5370325830982052,observational_loss,-1.0,1.0,2.0,1.0,0.0,True
1.0,0.7809305990709567,observational_loss,-1.0,1.0,2.0,1.0,0.0,True
1.0,0.586432210198709,observational_loss,-1.0,1.0,2.0,1.0,0.0,True
1.0,-0.5250904950416022,observational_loss,-1.0,1.0,2.0,1.0,0.0,True
1.0,-0.4953333563000242,observational_loss,-1.0,1.0,2.0,1.0,0.0,True
1.0,0.6286607263860395,observational_loss,-1.0,1.0,2.0,1.0,0.0,True
1.0,-0.4262885984918767,observational_loss,-1.0,1.0,2.0,1.0,0.0,True
1.0,-0.9630091196168555,observational_loss,-1.0,1.0,2.0,1.0,0.0,True
1.0,-0.3472563717483239,observational_loss,-1.0,1.0,2.0,1.0,0.0,True
1.0,-0.12097876525694007,observational_loss,-1.0,1.0,2.0,1.0,0.0,True
1.0,-0.3797544670221964,observational_loss,-1.0,1.0,2.0,1.0,0.0,True
1.0,-0.8092690605049111,observational_loss,-1.0,1.0,2.0,1.0,0.0,True
1.0,-0.514989824020978,observational_loss,-1.0,1.0,2.0,1.0,0.0,True
1.0,0.03563477429771034,observational_loss,-1.0,1.0,2.0,1.0,0.0,True
1.0,0.06790706752885267,observational_loss,-1.0,1.0,2.0,1.0,0.0,True
1.0,0.11399133373762682,observational_loss,-1.0,1.0,2.0,1.0,0.0,True
1.0,0.9034141116908814,observational_loss,-1.0,1.0,2.0,1.0,0.0,True
1.0,0.03693266424853525,observational_loss,-1.0,1.0,2.0,1.0,0.0,True
1.0,0.8023900279333802,observational_loss,-1.0,1.0,2.0,1.0,0.0,True
1.0,0.30332077058887075,observational_loss,-1.0,1.0,2.0,1.0,0.0,True
1.0,-0.65565811811642,observational_loss,-1.0,1.0,2.0,1.0,0.0,True
1.0,0.44551241129406716,observational_loss,-1.0,1.0,2.0,1.0,0.0,True
1.0,0.18630459900989127,observational_loss,-1.0,1.0,2.0,1.0,0.0,True
1.0,0.8545851709413168,observational_loss,-1.0,1.0,2.0,1.0,0.0,True
1.0,0.8704090045858732,observational_loss,-1.0,1.0,2.0,1.0,0.0,True
1.0,0.8842770298225675,observational_loss,-1.0,1.0,2.0,1.0,0.0,True
1.0,-0.37084973350439254,observational_loss,-1.0,1.0,2.0,1.0,0.0,True
1.0,0.301070576940242,observational_loss,-1.0,1.0,2.0,1.0,0.0,True
1.0,0.3768921766266313,observational_loss,-1.0,1.0,2.0,1.0,0.0,True
1.0,0.6600142485340506,observational_loss,-1.0,1.0,2.0,1.0,0.0,True
1.0,0.6612689553188362,observational_loss,-1.0,1.0,2.0,1.0,0.0,True
1.0,-0.8293240255494574,observational_loss,-1.0,1.0,2.0,1.0,0.0,True
1.0,0.2449057967075028,observational_loss,-1.0,1.0,2.0,1.0,0.0,True
1.0,-0.7745749305068252,observational_loss,-1.0,1.0,2.0,1.0,0.0,True
1.0,-0.4619195149725499,observational_loss,-1.0,1.0,2.0,1.0,0.0,True
1.0,0.6565658815214626,observational_loss,-1.0,1.0,2.0,1.0,0.0,True
1.0,-0.8430084594333682,observational_loss,-1.0,1.0,2.0,1.0,0.0,True
1.0,-0.3351958301963558,observational_loss,-1.0,1.0,2.0,1.0,0.0,True
1.0,0.32887026483899384,observational_loss,-1.0,1.0,2.0,1.0,0.0,True
1.0,-0.830543583804974,observational_loss,-1.0,1.0,2.0,1.0,0.0,True
1.0,-0.6302570442964723,observational_loss,-1.0,1.0,2.0,1.0,0.0,True
1.0,0.7784696488506186,observational_loss,-1.0,1.0,2.0,1.0,0.0,True
1.0,-0.4279548184801911,observational_loss,-1.0,1.0,2.0,1.0,0.0,True
1.0,0.9120793438807098,observational_loss,-1.0,1.0,2.0,1.0,0.0,True
1.0,-0.07583080840905687,observational_loss,-1.0,1.0,2.0,1.0,0.0,True
1.0,-0.6550116994131285,observational_loss,-1.0,1.0,2.0,1.0,0.0,True
1.0,-0.13219114935368648,observational_loss,-1.0,1.0,2.0,1.0,0.0,True
1.0,-0.8972825827465538,observational_loss,-1.0,1.0,2.0,1.0,0.0,True
1.0,-0.2896797115832579,observational_loss,-1.0,1.0,2.0,1.0,0.0,True
1.0,0.4099059260200266,observational_loss,-1.0,1.0,2.0,1.0,0.0,True
1.0,-0.17836041025844174,observational_loss,-1.0,1.0,2.0,1.0,0.0,True
1.0,0.25612427607838995,observational_loss,-1.0,1.0,2.0,1.0,0.0,True
1.0,-0.4121547920740345,observational_loss,-1.0,1.0,2.0,1.0,0.0,True
1.0,0.6969316347102041,observational_loss,-1.0,1.0,2.0,1.0,0.0,True
1.0,-0.6618327826471604,observational_loss,-1.0,1.0,2.0,1.0,0.0,True
1.0,-0.5935810306368945,observational_loss,-1.0,1.0,2.0,1.0,0.0,True
1.0,-0.107613280944308,observational_loss,-1.0,1.0,2.0,1.0,0.0,True
1.0,-0.3709318872037015,observational_loss,-1.0,1.0,2.0,1.0,0.0,True
1.0,-0.4162961281524351,observational_loss,-1.0,1.0,2.0,1.0,0.0,True
1.0,0.7819777882107342,observational_loss,-1.0,1.0,2.0,1.0,0.0,True
1.0,0.7553200969203957,observational_loss,-1.0,1.0,2.0,1.0,0.0,True
1.0,0.08323407740455457,observational_loss,-1.0,1.0,2.0,1.0,0.0,True
1.0,0.6064435820788143,observational_loss,-1.0,1.0,2.0,1.0,0.0,True
1.0,-0.48612357931526695,observational_loss,-1.0,1.0,2.0,1.0,0.0,True
1.0,0.284729981605103,observational_loss,-1.0,1.0,2.0,1.0,0.0,True
1.0,0.3058778108174631,observational_loss,-1.0,1.0,2.0,1.0,0.0,True
1.0,0.8678178717640825,observational_loss,-1.0,1.0,2.0,1.0,0.0,True
1.0,-0.01848727101563763,observational_loss,-1.0,1.0,2.0,1.0,0.0,True
1.0,-0.2276537482813017,observational_loss,-1.0,1.0,2.0,1.0,0.0,True
1.0,-0.8052048965516636,observational_loss,-1.0,1.0,2.0,1.0,0.0,True
1.0,-0.3119805227243675,observational_loss,-1.0,1.0,2.0,1.0,0.0,True
1.0,0.5565122423765823,observational_loss,-1.0,1.0,2.0,1.0,0.0,True
1.0,-0.6923098378931098,observational_loss,-1.0,1.0,2.0,1.0,0.0,True
1.0,-0.046267127149039355,observational_loss,-1.0,1.0,2.0,1.0,0.0,True
1.0,0.9434739060646882,observational_loss,-1.0,1.0,2.0,1.0,0.0,True
1.0,-0.22580205066451797,observational_loss,-1.0,1.0,2.0,1.0,0.0,True
1.0,0.5631620328276021,observational_loss,-1.0,1.0,2.0,1.0,0.0,True
1.0,-0.39505446160689317,observational_loss,-1.0,1.0,2.0,1.0,0.0,True
1.0,-0.5552558292672138,observational_loss,-1.0,1.0,2.0,1.0,0.0,True
1.0,0.40620545282353104,observational_loss,-1.0,1.0,2.0,1.0,0.0,True
1.0,0.40441464633524693,observational_loss,-1.0,1.0,2.0,1.0,0.0,True
1.0,-0.5382343899971982,observational_loss,-1.0,1.0,2.0,1.0,0.0,True
1.0,-0.6115790685108822,observational_loss,-1.0,1.0,2.0,1.0,0.0,True
1.0,0.6776846008471311,observational_loss,-1.0,1.0,2.0,1.0,0.0,True
1.0,0.8182435444764,observational_loss,-1.0,1.0,2.0,1.0,0.0,True
1.0,-0.6435235607786318,observational_loss,-1.0,1.0,2.0,1.0,0.0,True
1.0,0.1627938536119744,observational_loss,-1.0,1.0,2.0,1.0,0.0,True
1.0,0.7961019877456432,observational_loss,-1.0,1.0,2.0,1.0,0.0,True
1.0,0.34613121665971436,observational_loss,-1.0,1.0,2.0,1.0,0.0,True
1.0,0.0477400764146827,observational_loss,-1.0,1.0,2.0,1.0,0.0,True
1.0,-0.3631160167695553,observational_loss,-1.0,1.0,2.0,1.0,0.0,True
1.0,-0.58863204247367,observational_loss,-1.0,1.0,2.0,1.0,0.0,True
1.0,-0.40008712849565065,observational_loss,-1.0,1.0,2.0,1.0,0.0,True
1.0,0.19559149824914335,observational_loss,-1.0,1.0,2.0,1.0,0.0,True
1.0,-0.9893605537964882,observational_loss,-1.0,1.0,2.0,1.0,0.0,True
1.0,-0.977908487846685,observational_loss,-1.0,1.0,2.0,1.0,0.0,True
1.0,0.9723573385014295,observational_loss,-1.0,1.0,2.0,1.0,0.0,True
1.0,0.1391384004195173,observational_loss,-1.0,1.0,2.0,1.0,0.0,True
1.0,-0.4887582780537536,observational_loss,-1.0,1.0,2.0,1.0,0.0,True
1.0,-0.6770123231190006,observational_loss,-1.0,1.0,2.0,1.0,0.0,True
1.0,-0.2865175537241236,observational_loss,-1.0,1.0,2.0,1.0,0.0,True
1.0,0.983998848406159,observational_loss,-1.0,1.0,2.0,1.0,0.0,True
1.0,-0.9351387260434085,observational_loss,-1.0,1.0,2.0,1.0,0.0,True
1.0,-0.16034104875501876,observational_loss,-1.0,1.0,2.0,1.0,0.0,True
1.0,-0.07216292192203322,observational_loss,-1.0,1.0,2.0,1.0,0.0,True
1.0,-0.7371418121535225,observational_loss,-1.0,1.0,2.0,1.0,0.0,True
1.0,0.31049579472307687,representational_loss,-1.0,1.0,2.0,1.0,0.0,True
1.0,-0.0544783025156117,representational_loss,-1.0,1.0,2.0,1.0,0.0,True
1.0,-0.12781138912279855,representational_loss,-1.0,1.0,2.0,1.0,0.0,True
1.0,0.5299350613134177,representational_loss,-1.0,1.0,2.0,1.0,0.0,True
1.0,0.38682739000250366,representational_loss,-1.0,1.0,2.0,1.0,0.0,True
1.0,-0.19045053559397296,representational_loss,-1.0,1.0,2.0,1.0,0.0,True
1.0,0.70823724353804,representational_loss,-1.0,1.0,2.0,1.0,0.0,True
1.0,0.8590777916043291,representational_loss,-1.0,1.0,2.0,1.0,0.0,True
1.0,-0.16224522718974566,representational_loss,-1.0,1.0,2.0,1.0,0.0,True
1.0,0.8311837747437014,representational_loss,-1.0,1.0,2.0,1.0,0.0,True
1.0,-0.8310538229127051,representational_loss,-1.0,1.0,2.0,1.0,0.0,True
1.0,0.6116406539533468,representational_loss,-1.0,1.0,2.0,1.0,0.0,True
1.0,-0.41945563763473737,representational_loss,-1.0,1.0,2.0,1.0,0.0,True
1.0,0.6204050729196233,representational_loss,-1.0,1.0,2.0,1.0,0.0,True
1.0,-0.7189943149675428,representational_loss,-1.0,1.0,2.0,1.0,0.0,True
1.0,-0.33178555171797397,representational_loss,-1.0,1.0,2.0,1.0,0.0,True
1.0,0.9051423788519595,representational_loss,-1.0,1.0,2.0,1.0,0.0,True
1.0,0.056915519521514746,representational_loss,-1.0,1.0,2.0,1.0,0.0,True
1.0,0.649876102332339,representational_loss,-1.0,1.0,2.0,1.0,0.0,True
1.0,-0.3622554796800377,representational_loss,-1.0,1.0,2.0,1.0,0.0,True
1.0,-0.02757930366150152,representational_loss,-1.0,1.0,2.0,1.0,0.0,True
1.0,0.9062959550759366,representational_loss,-1.0,1.0,2.0,1.0,0.0,True
1.0,0.08979263473561305,representational_loss,-1.0,1.0,2.0,1.0,0.0,True
1.0,0.5810436969343922,representational_loss,-1.0,1.0,2.0,1.0,0.0,True
1.0,0.33351277528201106,representational_loss,-1.0,1.0,2.0,1.0,0.0,True
1.0,0.50021045803603,representational_loss,-1.0,1.0,2.0,1.0,0.0,True
1.0,0.647829676283949,representational_loss,-1.0,1.0,2.0,1.0,0.0,True
1.0,0.2532301034366604,representational_loss,-1.0,1.0,2.0,1.0,0.0,True
1.0,-0.45731192417320954,representational_loss,-1.0,1.0,2.0,1.0,0.0,True
1.0,0.9656692799074889,representational_loss,-1.0,1.0,2.0,1.0,0.0,True
1.0,0.7956682782658702,representational_loss,-1.0,1.0,2.0,1.0,0.0,True
1.0,-0.870113418836362,representational_loss,-1.0,1.0,2.0,1.0,0.0,True
1.0,0.6471733576066463,representational_loss,-1.0,1.0,2.0,1.0,0.0,True
1.0,-0.12258281205750432,representational_loss,-1.0,1.0,2.0,1.0,0.0,True
1.0,-0.7924659681337014,representational_loss,-1.0,1.0,2.0,1.0,0.0,True
1.0,-0.9614538437044982,representational_loss,-1.0,1.0,2.0,1.0,0.0,True
1.0,0.31204629970955255,representational_loss,-1.0,1.0,2.0,1.0,0.0,True
1.0,-0.14035420870731552,representational_loss,-1.0,1.0,2.0,1.0,0.0,True
1.0,-0.03808592435085645,representational_loss,-1.0,1.0,2.0,1.0,0.0,True
1.0,-0.031001603913969555,representational_loss,-1.0,1.0,2.0,1.0,0.0,True
1.0,-0.8829243891653982,representational_loss,-1.0,1.0,2.0,1.0,0.0,True
1.0,0.28145074654754487,representational_loss,-1.0,1.0,2.0,1.0,0.0,True
1.0,0.17575530208529533,representational_loss,-1.0,1.0,2.0,1.0,0.0,True
1.0,0.5869151184415577,representational_loss,-1.0,1.0,2.0,1.0,0.0,True
1.0,-0.5263150616207499,representational_loss,-1.0,1.0,2.0,1.0,0.0,True
1.0,0.12658518870624014,representational_loss,-1.0,1.0,2.0,1.0,0.0,True
1.0,-0.05105663381821013,representational_loss,-1.0,1.0,2.0,1.0,0.0,True
1.0,-0.8536492355351997,representational_loss,-1.0,1.0,2.0,1.0,0.0,True
1.0,0.5910251531573292,representational_loss,-1.0,1.0,2.0,1.0,0.0,True
1.0,0.7152698353286933,representational_loss,-1.0,1.0,2.0,1.0,0.0,True
1.0,-0.15599102732261771,representational_loss,-1.0,1.0,2.0,1.0,0.0,True
1.0,-0.8452088463348866,representational_loss,-1.0,1.0,2.0,1.0,0.0,True
1.0,-0.214495034172401,representational_loss,-1.0,1.0,2.0,1.0,0.0,True
1.0,0.4127483393911855,representational_loss,-1.0,1.0,2.0,1.0,0.0,True
1.0,-0.4137604310991858,representational_loss,-1.0,1.0,2.0,1.0,0.0,True
1.0,0.04633768978265618,representational_loss,-1.0,1.0,2.0,1.0,0.0,True
1.0,-0.9049904282084853,representational_loss,-1.0,1.0,2.0,1.0,0.0,True
1.0,-0.9468006466011301,representational_loss,-1.0,1.0,2.0,1.0,0.0,True
1.0,0.2865572848647602,representational_loss,-1.0,1.0,2.0,1.0,0.0,True
1.0,-0.49246765247474134,representational_loss,-1.0,1.0,2.0,1.0,0.0,True
1.0,0.8039372838760315,representational_loss,-1.0,1.0,2.0,1.0,0.0,True
1.0,0.23854233913248857,representational_loss,-1.0,1.0,2.0,1.0,0.0,True
1.0,-0.22877562371946514,representational_loss,-1.0,1.0,2.0,1.0,0.0,True
1.0,-0.4592651872471767,representational_loss,-1.0,1.0,2.0,1.0,0.0,True
1.0,-0.7334459835031455,representational_loss,-1.0,1.0,2.0,1.0,0.0,True
1.0,0.7849792272104572,representational_loss,-1.0,1.0,2.0,1.0,0.0,True
1.0,0.9963682238696876,representational_loss,-1.0,1.0,2.0,1.0,0.0,True
1.0,0.5255374282782288,representational_loss,-1.0,1.0,2.0,1.0,0.0,True
1.0,0.6189325177054181,representational_loss,-1.0,1.0,2.0,1.0,0.0,True
1.0,0.2784174392851164,representational_loss,-1.0,1.0,2.0,1.0,0.0,True
1.0,-0.5449187503356108,representational_loss,-1.0,1.0,2.0,1.0,0.0,True
1.0,0.5821306509718223,representational_loss,-1.0,1.0,2.0,1.0,0.0,True
1.0,0.8169298964431191,representational_loss,-1.0,1.0,2.0,1.0,0.0,True
1.0,0.6344540015152722,representational_loss,-1.0,1.0,2.0,1.0,0.0,True
1.0,-0.0679971724109083,representational_loss,-1.0,1.0,2.0,1.0,0.0,True
1.0,0.4797205691252253,representational_loss,-1.0,1.0,2.0,1.0,0.0,True
1.0,0.7458717976560796,representational_loss,-1.0,1.0,2.0,1.0,0.0,True
1.0,0.8928117786822543,representational_loss,-1.0,1.0,2.0,1.0,0.0,True
1.0,-0.605839376454282,representational_loss,-1.0,1.0,2.0,1.0,0.0,True
1.0,0.35641051629417264,representational_loss,-1.0,1.0,2.0,1.0,0.0,True
1.0,-0.07828174675552124,representational_loss,-1.0,1.0,2.0,1.0,0.0,True
1.0,0.04802168304651522,representational_loss,-1.0,1.0,2.0,1.0,0.0,True
1.0,-0.08759571965009272,representational_loss,-1.0,1.0,2.0,1.0,0.0,True
1.0,-0.4592879410994537,representational_loss,-1.0,1.0,2.0,1.0,0.0,True
1.0,-0.4791975823807606,representational_loss,-1.0,1.0,2.0,1.0,0.0,True
1.0,-0.46088016473893445,representational_loss,-1.0,1.0,2.0,1.0,0.0,True
1.0,0.13025123921138504,representational_loss,-1.0,1.0,2.0,1.0,0.0,True
1.0,0.9357666605760042,representational_loss,-1.0,1.0,2.0,1.0,0.0,True
1.0,0.7992196548412991,representational_loss,-1.0,1.0,2.0,1.0,0.0,True
1.0,0.48812365962949245,representational_loss,-1.0,1.0,2.0,1.0,0.0,True
1.0,0.5577525197458773,representational_loss,-1.0,1.0,2.0,1.0,0.0,True
1.0,-0.6607378978230116,representational_loss,-1.0,1.0,2.0,1.0,0.0,True
1.0,0.47164107896492813,representational_loss,-1.0,1.0,2.0,1.0,0.0,True
1.0,-0.30950064143013334,representational_loss,-1.0,1.0,2.0,1.0,0.0,True
1.0,0.006150742417380561,representational_loss,-1.0,1.0,2.0,1.0,0.0,True
1.0,-0.4043130656082028,representational_loss,-1.0,1.0,2.0,1.0,0.0,True
1.0,-0.9888145923654321,representational_loss,-1.0,1.0,2.0,1.0,0.0,True
1.0,0.5865227529641686,representational_loss,-1.0,1.0,2.0,1.0,0.0,True
1.0,0.9014214844330504,representational_loss,-1.0,1.0,2.0,1.0,0.0,True
1.0,-0.9072770127610534,representational_loss,-1.0,1.0,2.0,1.0,0.0,True
1.0,-0.22743319749475832,representational_loss,-1.0,1.0,2.0,1.0,0.0,True
1.0,0.04912431712130805,representational_loss,-1.0,1.0,2.0,1.0,0.0,True
1.0,0.8282574348692169,representational_loss,-1.0,1.0,2.0,1.0,0.0,True
1.0,-0.00839759326178946,representational_loss,-1.0,1.0,2.0,1.0,0.0,True
1.0,-0.4534342640622766,representational_loss,-1.0,1.0,2.0,1.0,0.0,True
1.0,0.15866354285373863,representational_loss,-1.0,1.0,2.0,1.0,0.0,True
1.0,0.8471249917027401,representational_loss,-1.0,1.0,2.0,1.0,0.0,True
1.0,0.4341712990684854,representational_loss,-1.0,1.0,2.0,1.0,0.0,True
1.0,-0.5579245254168461,representational_loss,-1.0,1.0,2.0,1.0,0.0,True
1.0,0.8874979969348114,representational_loss,-1.0,1.0,2.0,1.0,0.0,True
1.0,0.45878462494768923,representational_loss,-1.0,1.0,2.0,1.0,0.0,True
1.0,-0.22918533573857847,representational_loss,-1.0,1.0,2.0,1.0,0.0,True
1.0,0.7060350861125313,representational_loss,-1.0,1.0,2.0,1.0,0.0,True
1.0,0.013691044061096669,representational_loss,-1.0,1.0,2.0,1.0,0.0,True
1.0,-0.6679307363934819,representational_loss,-1.0,1.0,2.0,1.0,0.0,True
1.0,0.47627692737809557,representational_loss,-1.0,1.0,2.0,1.0,0.0,True
1.0,-0.8132460696686934,representational_loss,-1.0,1.0,2.0,1.0,0.0,True
1.0,-0.4630246056374723,representational_loss,-1.0,1.0,2.0,1.0,0.0,True
1.0,0.13159075331795367,representational_loss,-1.0,1.0,2.0,1.0,0.0,True
1.0,0.628041926397312,representational_loss,-1.0,1.0,2.0,1.0,0.0,True
1.0,0.3175909861569175,representational_loss,-1.0,1.0,2.0,1.0,0.0,True
1.0,-0.6452120471825318,representational_loss,-1.0,1.0,2.0,1.0,0.0,True
1.0,0.7997939791519331,representational_loss,-1.0,1.0,2.0,1.0,0.0,True
1.0,-0.399954880488093,representational_loss,-1.0,1.0,2.0,1.0,0.0,True
1.0,-0.6150584205536416,representational_loss,-1.0,1.0,2.0,1.0,0.0,True
1.0,0.7551450057242699,representational_loss,-1.0,1.0,2.0,1.0,0.0,True
1.0,0.34391080908622573,representational_loss,-1.0,1.0,2.0,1.0,0.0,True
1.0,-0.07539281140034193,representational_loss,-1.0,1.0,2.0,1.0,0.0,True
1.0,0.3337412174692349,representational_loss,-1.0,1.0,2.0,1.0,0.0,True
1.0,-0.11317642222437074,representational_loss,-1.0,1.0,2.0,1.0,0.0,True
1.0,-0.17109794556340163,representational_loss,-1.0,1.0,2.0,1.0,0.0,True
1.0,0.5085950572324311,representational_loss,-1.0,1.0,2.0,1.0,0.0,True
1.0,-0.861384204995375,representational_loss,-1.0,1.0,2.0,1.0,0.0,True
1.0,0.3811822324470917,representational_loss,-1.0,1.0,2.0,1.0,0.0,True
1.0,-0.905392452819151,representational_loss,-1.0,1.0,2.0,1.0,0.0,True
1.0,0.8898059822179134,representational_loss,-1.0,1.0,2.0,1.0,0.0,True
1.0,-0.5763859333395975,representational_loss,-1.0,1.0,2.0,1.0,0.0,True
1.0,-0.964407319465105,representational_loss,-1.0,1.0,2.0,1.0,0.0,True
1.0,0.26058124299304897,representational_loss,-1.0,1.0,2.0,1.0,0.0,True
1.0,-0.64549181166322,representational_loss,-1.0,1.0,2.0,1.0,0.0,True
1.0,-0.2977129604360824,representational_loss,-1.0,1.0,2.0,1.0,0.0,True
1.0,0.6066154207899217,representational_loss,-1.0,1.0,2.0,1.0,0.0,True
1.0,0.9409205436385051,representational_loss,-1.0,1.0,2.0,1.0,0.0,True
1.0,0.6764918378562408,representational_loss,-1.0,1.0,2.0,1.0,0.0,True
1.0,-0.4894497934337676,representational_loss,-1.0,1.0,2.0,1.0,0.0,True
1.0,-0.218689766073624,representational_loss,-1.0,1.0,2.0,1.0,0.0,True
1.0,0.9103464518063316,representational_loss,-1.0,1.0,2.0,1.0,0.0,True
1.0,0.7634253391195944,representational_loss,-1.0,1.0,2.0,1.0,0.0,True
1.0,-0.6469552796028921,representational_loss,-1.0,1.0,2.0,1.0,0.0,True
1.0,0.3471389638919997,representational_loss,-1.0,1.0,2.0,1.0,0.0,True
1.0,-0.1905422132180956,representational_loss,-1.0,1.0,2.0,1.0,0.0,True
1.0,0.9280162454270979,representational_loss,-1.0,1.0,2.0,1.0,0.0,True
1.0,0.21049316865814816,representational_loss,-1.0,1.0,2.0,1.0,0.0,True
1.0,0.588180909994884,representational_loss,-1.0,1.0,2.0,1.0,0.0,True
1.0,0.8884597191285108,representational_loss,-1.0,1.0,2.0,1.0,0.0,True
1.0,-0.7217947798934423,representational_loss,-1.0,1.0,2.0,1.0,0.0,True
1.0,0.3866736219255136,representational_loss,-1.0,1.0,2.0,1.0,0.0,True
1.0,-0.8417916323476329,representational_loss,-1.0,1.0,2.0,1.0,0.0,True
1.0,0.04359429669335335,representational_loss,-1.0,1.0,2.0,1.0,0.0,True
1.0,0.6804354125476306,representational_loss,-1.0,1.0,2.0,1.0,0.0,True
1.0,-0.7769751930153768,representational_loss,-1.0,1.0,2.0,1.0,0.0,True
1.0,0.09688425474414486,representational_loss,-1.0,1.0,2.0,1.0,0.0,True
1.0,0.4429915850273789,representational_loss,-1.0,1.0,2.0,1.0,0.0,True
1.0,0.22557220497124408,representational_loss,-1.0,1.0,2.0,1.0,0.0,True
1.0,-0.8755892952698585,representational_loss,-1.0,1.0,2.0,1.0,0.0,True
1.0,0.23036258171248747,representational_loss,-1.0,1.0,2.0,1.0,0.0,True
1.0,0.366564605909824,representational_loss,-1.0,1.0,2.0,1.0,0.0,True
1.0,0.6575705868014277,representational_loss,-1.0,1.0,2.0,1.0,0.0,True
1.0,-0.25114894519639175,representational_loss,-1.0,1.0,2.0,1.0,0.0,True
1.0,0.44486449900321423,representational_loss,-1.0,1.0,2.0,1.0,0.0,True
1.0,0.3562118114481079,representational_loss,-1.0,1.0,2.0,1.0,0.0,True
1.0,-0.7738593471613402,representational_loss,-1.0,1.0,2.0,1.0,0.0,True
1.0,-0.23774158185681382,representational_loss,-1.0,1.0,2.0,1.0,0.0,True
1.0,-0.6244029760163261,representational_loss,-1.0,1.0,2.0,1.0,0.0,True
1.0,0.12817241266453872,representational_loss,-1.0,1.0,2.0,1.0,0.0,True
1.0,0.63694827377485,representational_loss,-1.0,1.0,2.0,1.0,0.0,True
1.0,0.850989642710668,representational_loss,-1.0,1.0,2.0,1.0,0.0,True
1.0,-0.42520433839566185,representational_loss,-1.0,1.0,2.0,1.0,0.0,True
1.0,0.42059323090714007,representational_loss,-1.0,1.0,2.0,1.0,0.0,True
1.0,-0.7704036097936089,representational_loss,-1.0,1.0,2.0,1.0,0.0,True
1.0,0.08334815590326605,representational_loss,-1.0,1.0,2.0,1.0,0.0,True
1.0,-0.7997120578711134,representational_loss,-1.0,1.0,2.0,1.0,0.0,True
1.0,0.852233204579931,representational_loss,-1.0,1.0,2.0,1.0,0.0,True
1.0,-0.08098571903154661,representational_loss,-1.0,1.0,2.0,1.0,0.0,True
1.0,0.0313234654596255,representational_loss,-1.0,1.0,2.0,1.0,0.0,True
1.0,-0.7673848403253414,representational_loss,-1.0,1.0,2.0,1.0,0.0,True
1.0,0.8095800026625144,representational_loss,-1.0,1.0,2.0,1.0,0.0,True
1.0,0.8924407449849374,representational_loss,-1.0,1.0,2.0,1.0,0.0,True
1.0,0.41731625073671164,representational_loss,-1.0,1.0,2.0,1.0,0.0,True
1.0,0.9671058225924811,representational_loss,-1.0,1.0,2.0,1.0,0.0,True
1.0,0.49924912547425393,representational_loss,-1.0,1.0,2.0,1.0,0.0,True
1.0,-0.4081600594637209,representational_loss,-1.0,1.0,2.0,1.0,0.0,True
1.0,0.12733306640424824,representational_loss,-1.0,1.0,2.0,1.0,0.0,True
1.0,-0.6994847909970212,representational_loss,-1.0,1.0,2.0,1.0,0.0,True
1.0,0.7453874988261173,representational_loss,-1.0,1.0,2.0,1.0,0.0,True
1.0,-0.39934225455299255,representational_loss,-1.0,1.0,2.0,1.0,0.0,True
1.0,-0.37106524114965,representational_loss,-1.0,1.0,2.0,1.0,0.0,True
1.0,-0.3571446153375304,representational_loss,-1.0,1.0,2.0,1.0,0.0,True
1.0,-0.4875327977896633,representational_loss,-1.0,1.0,2.0,1.0,0.0,True
1.0,-0.32273704677186443,representational_loss,-1.0,1.0,2.0,1.0,0.0,True
1.0,-0.7362649934033727,representational_loss,-1.0,1.0,2.0,1.0,0.0,True
1.0,-0.9412894956554045,representational_loss,-1.0,1.0,2.0,1.0,0.0,True
1.0,0.949399966465097,representational_loss,-1.0,1.0,2.0,1.0,0.0,True
1.0,-0.2733239512178338,representational_loss,-1.0,1.0,2.0,1.0,0.0,True
1.0,0.9832286287329699,representational_loss,-1.0,1.0,2.0,1.0,0.0,True
1.0,0.3754439151517126,representational_loss,-1.0,1.0,2.0,1.0,0.0,True
1.0,0.6312802355192311,representational_loss,-1.0,1.0,2.0,1.0,0.0,True
1.0,-0.7603765281526325,representational_loss,-1.0,1.0,2.0,1.0,0.0,True
1.0,-0.05535833868556783,representational_loss,-1.0,1.0,2.0,1.0,0.0,True
1.0,-0.6925309283603391,representational_loss,-1.0,1.0,2.0,1.0,0.0,True
1.0,-0.17411408655593763,representational_loss,-1.0,1.0,2.0,1.0,0.0,True
1.0,-0.7958049962626723,representational_loss,-1.0,1.0,2.0,1.0,0.0,True
1.0,0.04765784277307872,representational_loss,-1.0,1.0,2.0,1.0,0.0,True
1.0,0.6191924548505301,representational_loss,-1.0,1.0,2.0,1.0,0.0,True
1.0,0.7977561645815587,representational_loss,-1.0,1.0,2.0,1.0,0.0,True
1.0,0.7928248796583686,representational_loss,-1.0,1.0,2.0,1.0,0.0,True
1.0,0.6112099965971571,representational_loss,-1.0,1.0,2.0,1.0,0.0,True
1.0,0.38201691095848567,representational_loss,-1.0,1.0,2.0,1.0,0.0,True
1.0,-0.35291483651274436,representational_loss,-1.0,1.0,2.0,1.0,0.0,True
1.0,-0.7636674087551842,representational_loss,-1.0,1.0,2.0,1.0,0.0,True
1.0,0.2052439862300759,representational_loss,-1.0,1.0,2.0,1.0,0.0,True
1.0,-0.6789095345535539,representational_loss,-1.0,1.0,2.0,1.0,0.0,True
1.0,0.3760127744590034,representational_loss,-1.0,1.0,2.0,1.0,0.0,True
1.0,-0.929645204974815,representational_loss,-1.0,1.0,2.0,1.0,0.0,True
1.0,0.9764288325282982,representational_loss,-1.0,1.0,2.0,1.0,0.0,True
1.0,0.4630115882449697,representational_loss,-1.0,1.0,2.0,1.0,0.0,True
1.0,-0.6449326440940126,representational_loss,-1.0,1.0,2.0,1.0,0.0,True
1.0,-0.6625333869505821,representational_loss,-1.0,1.0,2.0,1.0,0.0,True
1.0,-0.9561146194240329,representational_loss,-1.0,1.0,2.0,1.0,0.0,True
1.0,-0.8786167140913206,representational_loss,-1.0,1.0,2.0,1.0,0.0,True
1.0,0.26025557277455635,representational_loss,-1.0,1.0,2.0,1.0,0.0,True
1.0,0.8875272581262805,representational_loss,-1.0,1.0,2.0,1.0,0.0,True
1.0,0.8357910311198082,representational_loss,-1.0,1.0,2.0,1.0,0.0,True
1.0,0.8716453143174834,representational_loss,-1.0,1.0,2.0,1.0,0.0,True
1.0,-0.9421740852283209,representational_loss,-1.0,1.0,2.0,1.0,0.0,True
1.0,0.4992893000910221,representational_loss,-1.0,1.0,2.0,1.0,0.0,True
1.0,0.056483498876022775,representational_loss,-1.0,1.0,2.0,1.0,0.0,True
1.0,-0.5542594545316981,representational_loss,-1.0,1.0,2.0,1.0,0.0,True
1.0,0.4527163386220667,representational_loss,-1.0,1.0,2.0,1.0,0.0,True
1.0,-0.09124005371828181,representational_loss,-1.0,1.0,2.0,1.0,0.0,True
1.0,-0.9723280882765233,representational_loss,-1.0,1.0,2.0,1.0,0.0,True
1.0,-0.9595965600016509,representational_loss,-1.0,1.0,2.0,1.0,0.0,True
1.0,0.6811286228637581,representational_loss,-1.0,1.0,2.0,1.0,0.0,True
1.0,-0.6305426582080407,representational_loss,-1.0,1.0,2.0,1.0,0.0,True
1.0,0.27751928673165605,representational_loss,-1.0,1.0,2.0,1.0,0.0,True
1.0,-0.43799329170498935,representational_loss,-1.0,1.0,2.0,1.0,0.0,True
1.0,0.7407965863974528,representational_loss,-1.0,1.0,2.0,1.0,0.0,True
1.0,-0.5050683075077049,representational_loss,-1.0,1.0,2.0,1.0,0.0,True
1.0,0.17518316972415682,representational_loss,-1.0,1.0,2.0,1.0,0.0,True
1.0,0.15634082984207964,representational_loss,-1.0,1.0,2.0,1.0,0.0,True
1.0,-0.3313452221469564,representational_loss,-1.0,1.0,2.0,1.0,0.0,True
1.0,-0.060836377829430965,representational_loss,-1.0,1.0,2.0,1.0,0.0,True
1.0,0.6149836815194409,representational_loss,-1.0,1.0,2.0,1.0,0.0,True
1.0,-0.3799394874654398,representational_loss,-1.0,1.0,2.0,1.0,0.0,True
1.0,-0.5998178362496549,representational_loss,-1.0,1.0,2.0,1.0,0.0,True
1.0,-0.05388956507324738,representational_loss,-1.0,1.0,2.0,1.0,0.0,True
1.0,-0.4296790841221696,representational_loss,-1.0,1.0,2.0,1.0,0.0,True
1.0,0.8689320215151528,representational_loss,-1.0,1.0,2.0,1.0,0.0,True
1.0,0.4015159674383897,representational_loss,-1.0,1.0,2.0,1.0,0.0,True
1.0,0.47968333099846316,representational_loss,-1.0,1.0,2.0,1.0,0.0,True
1.0,-0.9584047822053783,representational_loss,-1.0,1.0,2.0,1.0,0.0,True
1.0,-0.9252374598718902,representational_loss,-1.0,1.0,2.0,1.0,0.0,True
1.0,-0.989298996773726,representational_loss,-1.0,1.0,2.0,1.0,0.0,True
1.0,0.6023595526594803,representational_loss,-1.0,1.0,2.0,1.0,0.0,True
1.0,0.50112674891195,representational_loss,-1.0,1.0,2.0,1.0,0.0,True
1.0,-0.34301449230510705,representational_loss,-1.0,1.0,2.0,1.0,0.0,True
1.0,-0.9678456411950984,representational_loss,-1.0,1.0,2.0,1.0,0.0,True
1.0,0.013842838957736303,representational_loss,-1.0,1.0,2.0,1.0,0.0,True
1.0,-0.5756454273521052,representational_loss,-1.0,1.0,2.0,1.0,0.0,True
1.0,-0.36061337417963935,representational_loss,-1.0,1.0,2.0,1.0,0.0,True
1.0,-0.5041963236166997,representational_loss,-1.0,1.0,2.0,1.0,0.0,True
1.0,0.48285046000332743,representational_loss,-1.0,1.0,2.0,1.0,0.0,True
1.0,0.7464557795245894,representational_loss,-1.0,1.0,2.0,1.0,0.0,True
1.0,0.30620170540079217,representational_loss,-1.0,1.0,2.0,1.0,0.0,True
1.0,0.3039364571559997,representational_loss,-1.0,1.0,2.0,1.0,0.0,True
1.0,0.09259095037883447,representational_loss,-1.0,1.0,2.0,1.0,0.0,True
1.0,0.23558652599215324,representational_loss,-1.0,1.0,2.0,1.0,0.0,True
1.0,-0.862069360652139,representational_loss,-1.0,1.0,2.0,1.0,0.0,True
1.0,0.3707328221673134,representational_loss,-1.0,1.0,2.0,1.0,0.0,True
1.0,-0.791727534157705,representational_loss,-1.0,1.0,2.0,1.0,0.0,True
1.0,-0.13735888748983616,representational_loss,-1.0,1.0,2.0,1.0,0.0,True
1.0,0.15485034001520592,representational_loss,-1.0,1.0,2.0,1.0,0.0,True
1.0,0.5012253339975778,representational_loss,-1.0,1.0,2.0,1.0,0.0,True
1.0,0.7739052260105901,representational_loss,-1.0,1.0,2.0,1.0,0.0,True
1.0,0.46236524230627474,representational_loss,-1.0,1.0,2.0,1.0,0.0,True
1.0,0.6155228312052421,representational_loss,-1.0,1.0,2.0,1.0,0.0,True
1.0,0.1484836835988692,representational_loss,-1.0,1.0,2.0,1.0,0.0,True
1.0,-0.7791859424571712,representational_loss,-1.0,1.0,2.0,1.0,0.0,True
1.0,0.9779579986164688,representational_loss,-1.0,1.0,2.0,1.0,0.0,True
1.0,-0.9055581133516195,representational_loss,-1.0,1.0,2.0,1.0,0.0,True
1.0,-0.34501955726892186,representational_loss,-1.0,1.0,2.0,1.0,0.0,True
1.0,0.33429119879228564,representational_loss,-1.0,1.0,2.0,1.0,0.0,True
1.0,0.1822361587399839,representational_loss,-1.0,1.0,2.0,1.0,0.0,True
1.0,0.38814373102906474,representational_loss,-1.0,1.0,2.0,1.0,0.0,True
1.0,-0.04383334144119866,representational_loss,-1.0,1.0,2.0,1.0,0.0,True
1.0,0.4489084697508863,representational_loss,-1.0,1.0,2.0,1.0,0.0,True
1.0,0.20867536968170053,representational_loss,-1.0,1.0,2.0,1.0,0.0,True
1.0,0.9570180071418772,representational_loss,-1.0,1.0,2.0,1.0,0.0,True
1.0,-0.6593357511484534,representational_loss,-1.0,1.0,2.0,1.0,0.0,True
1.0,-0.4882448635448178,representational_loss,-1.0,1.0,2.0,1.0,0.0,True
1.0,-0.9376303373764001,representational_loss,-1.0,1.0,2.0,1.0,0.0,True
1.0,-0.12881517729272995,representational_loss,-1.0,1.0,2.0,1.0,0.0,True
1.0,-0.6510700574819994,representational_loss,-1.0,1.0,2.0,1.0,0.0,True
1.0,-0.10251441744672807,representational_loss,-1.0,1.0,2.0,1.0,0.0,True
1.0,0.959825575249114,representational_loss,-1.0,1.0,2.0,1.0,0.0,True
1.0,0.07418140961152409,representational_loss,-1.0,1.0,2.0,1.0,0.0,True
1.0,0.5291365758836162,representational_loss,-1.0,1.0,2.0,1.0,0.0,True
1.0,0.961965348254235,representational_loss,-1.0,1.0,2.0,1.0,0.0,True
1.0,0.9373125880619537,representational_loss,-1.0,1.0,2.0,1.0,0.0,True
1.0,0.9329693660055711,representational_loss,-1.0,1.0,2.0,1.0,0.0,True
1.0,-0.3604623549487125,representational_loss,-1.0,1.0,2.0,1.0,0.0,True
1.0,0.4553969551137096,representational_loss,-1.0,1.0,2.0,1.0,0.0,True
1.0,0.4023614249712628,representational_loss,-1.0,1.0,2.0,1.0,0.0,True
1.0,-0.6245530065190772,representational_loss,-1.0,1.0,2.0,1.0,0.0,True
1.0,-0.8830529746459226,representational_loss,-1.0,1.0,2.0,1.0,0.0,True
1.0,-0.94595268765798,representational_loss,-1.0,1.0,2.0,1.0,0.0,True
1.0,0.024679492901452216,representational_loss,-1.0,1.0,2.0,1.0,0.0,True
1.0,-0.088359890069025,representational_loss,-1.0,1.0,2.0,1.0,0.0,True
1.0,-0.7905920353695408,representational_loss,-1.0,1.0,2.0,1.0,0.0,True
1.0,0.023639382588547697,representational_loss,-1.0,1.0,2.0,1.0,0.0,True
1.0,0.982166459196181,representational_loss,-1.0,1.0,2.0,1.0,0.0,True
1.0,-0.1794978071694724,representational_loss,-1.0,1.0,2.0,1.0,0.0,True
1.0,0.05138513163268077,representational_loss,-1.0,1.0,2.0,1.0,0.0,True
1.0,0.21650207918539022,representational_loss,-1.0,1.0,2.0,1.0,0.0,True
1.0,0.1643578273965367,representational_loss,-1.0,1.0,2.0,1.0,0.0,True
1.0,-0.02975693595070772,representational_loss,-1.0,1.0,2.0,1.0,0.0,True
1.0,-0.5179147945713967,representational_loss,-1.0,1.0,2.0,1.0,0.0,True
1.0,-0.4659572306168702,representational_loss,-1.0,1.0,2.0,1.0,0.0,True
1.0,-0.8353093229547945,representational_loss,-1.0,1.0,2.0,1.0,0.0,True
1.0,-0.9904402568805826,representational_loss,-1.0,1.0,2.0,1.0,0.0,True
1.0,-0.7214013813439157,representational_loss,-1.0,1.0,2.0,1.0,0.0,True
1.0,0.7158877279811191,representational_loss,-1.0,1.0,2.0,1.0,0.0,True
1.0,-0.5825335143095172,representational_loss,-1.0,1.0,2.0,1.0,0.0,True
1.0,-0.9122989114063498,representational_loss,-1.0,1.0,2.0,1.0,0.0,True
1.0,0.7826675562158611,representational_loss,-1.0,1.0,2.0,1.0,0.0,True
1.0,-0.8799352982242197,representational_loss,-1.0,1.0,2.0,1.0,0.0,True
1.0,-0.4590472113813513,representational_loss,-1.0,1.0,2.0,1.0,0.0,True
1.0,-0.3935274643408879,representational_loss,-1.0,1.0,2.0,1.0,0.0,True
1.0,-0.3050644130638338,representational_loss,-1.0,1.0,2.0,1.0,0.0,True
1.0,0.9756345000384372,representational_loss,-1.0,1.0,2.0,1.0,0.0,True
1.0,-0.4841436773691148,representational_loss,-1.0,1.0,2.0,1.0,0.0,True
1.0,0.6109333377560109,representational_loss,-1.0,1.0,2.0,1.0,0.0,True
1.0,-0.36112120211154464,representational_loss,-1.0,1.0,2.0,1.0,0.0,True
1.0,-0.9195593529954582,representational_loss,-1.0,1.0,2.0,1.0,0.0,True
1.0,-0.033591703755498026,representational_loss,-1.0,1.0,2.0,1.0,0.0,True
1.0,-0.7134608131887408,representational_loss,-1.0,1.0,2.0,1.0,0.0,True
1.0,0.5045738714096033,representational_loss,-1.0,1.0,2.0,1.0,0.0,True
1.0,-0.013195024974247183,representational_loss,-1.0,1.0,2.0,1.0,0.0,True
1.0,0.7467292662982177,representational_loss,-1.0,1.0,2.0,1.0,0.0,True
1.0,-0.9938471002681235,representational_loss,-1.0,1.0,2.0,1.0,0.0,True
1.0,-0.4537991983560139,representational_loss,-1.0,1.0,2.0,1.0,0.0,True
1.0,-0.20361823692398828,representational_loss,-1.0,1.0,2.0,1.0,0.0,True
1.0,0.6174436848319538,representational_loss,-1.0,1.0,2.0,1.0,0.0,True
1.0,0.6535812108539447,representational_loss,-1.0,1.0,2.0,1.0,0.0,True
1.0,0.7134506408033354,representational_loss,-1.0,1.0,2.0,1.0,0.0,True
1.0,0.6001290967526867,representational_loss,-1.0,1.0,2.0,1.0,0.0,True
1.0,-0.49025711800940064,representational_loss,-1.0,1.0,2.0,1.0,0.0,True
1.0,0.7559692744334419,representational_loss,-1.0,1.0,2.0,1.0,0.0,True
1.0,-0.8647693131039396,representational_loss,-1.0,1.0,2.0,1.0,0.0,True
1.0,-0.8782127225733025,representational_loss,-1.0,1.0,2.0,1.0,0.0,True
1.0,-0.74220958377971,representational_loss,-1.0,1.0,2.0,1.0,0.0,True
1.0,0.5546801620039938,representational_loss,-1.0,1.0,2.0,1.0,0.0,True
1.0,-0.13226387804147488,representational_loss,-1.0,1.0,2.0,1.0,0.0,True
1.0,-0.054637333139272215,representational_loss,-1.0,1.0,2.0,1.0,0.0,True
1.0,-0.8471425585027148,representational_loss,-1.0,1.0,2.0,1.0,0.0,True
1.0,-0.41417475019221817,representational_loss,-1.0,1.0,2.0,1.0,0.0,True
1.0,-0.8159955098194414,representational_loss,-1.0,1.0,2.0,1.0,0.0,True
1.0,-0.25532141547635634,representational_loss,-1.0,1.0,2.0,1.0,0.0,True
1.0,-0.9314839282301115,representational_loss,-1.0,1.0,2.0,1.0,0.0,True
1.0,0.5803536740897037,representational_loss,-1.0,1.0,2.0,1.0,0.0,True
1.0,0.16057808325633105,representational_loss,-1.0,1.0,2.0,1.0,0.0,True
1.0,0.8085196289216001,representational_loss,-1.0,1.0,2.0,1.0,0.0,True
1.0,-0.5195919303586216,representational_loss,-1.0,1.0,2.0,1.0,0.0,True
1.0,0.614769128149063,representational_loss,-1.0,1.0,2.0,1.0,0.0,True
1.0,0.3467240960619664,representational_loss,-1.0,1.0,2.0,1.0,0.0,True
1.0,-0.8738694721656846,representational_loss,-1.0,1.0,2.0,1.0,0.0,True
1.0,-0.8768980984371233,representational_loss,-1.0,1.0,2.0,1.0,0.0,True
1.0,-0.9426190194911324,representational_loss,-1.0,1.0,2.0,1.0,0.0,True
1.0,-0.11762990382534722,representational_loss,-1.0,1.0,2.0,1.0,0.0,True
1.0,0.03590730176805246,representational_loss,-1.0,1.0,2.0,1.0,0.0,True
1.0,0.5292639486415975,representational_loss,-1.0,1.0,2.0,1.0,0.0,True
1.0,-0.03456627661583922,representational_loss,-1.0,1.0,2.0,1.0,0.0,True
1.0,0.33123964606971623,representational_loss,-1.0,1.0,2.0,1.0,0.0,True
1.0,0.9462100436622727,representational_loss,-1.0,1.0,2.0,1.0,0.0,True
1.0,-0.883919432009695,representational_loss,-1.0,1.0,2.0,1.0,0.0,True
1.0,0.206602639749909,representational_loss,-1.0,1.0,2.0,1.0,0.0,True
1.0,0.7004356166108925,representational_loss,-1.0,1.0,2.0,1.0,0.0,True
1.0,0.2987045559516097,representational_loss,-1.0,1.0,2.0,1.0,0.0,True
1.0,0.8723432550569736,representational_loss,-1.0,1.0,2.0,1.0,0.0,True
1.0,0.04872954790486239,representational_loss,-1.0,1.0,2.0,1.0,0.0,True
1.0,-0.4183664237889042,representational_loss,-1.0,1.0,2.0,1.0,0.0,True
1.0,-0.04330574634974571,representational_loss,-1.0,1.0,2.0,1.0,0.0,True
1.0,0.2277508176649099,representational_loss,-1.0,1.0,2.0,1.0,0.0,True
1.0,0.20316868026963708,representational_loss,-1.0,1.0,2.0,1.0,0.0,True
1.0,-0.5370325830982052,representational_loss,-1.0,1.0,2.0,1.0,0.0,True
1.0,0.7809305990709567,representational_loss,-1.0,1.0,2.0,1.0,0.0,True
1.0,0.586432210198709,representational_loss,-1.0,1.0,2.0,1.0,0.0,True
1.0,-0.5250904950416022,representational_loss,-1.0,1.0,2.0,1.0,0.0,True
1.0,-0.4953333563000242,representational_loss,-1.0,1.0,2.0,1.0,0.0,True
1.0,0.6286607263860395,representational_loss,-1.0,1.0,2.0,1.0,0.0,True
1.0,-0.4262885984918767,representational_loss,-1.0,1.0,2.0,1.0,0.0,True
1.0,-0.9630091196168555,representational_loss,-1.0,1.0,2.0,1.0,0.0,True
1.0,-0.3472563717483239,representational_loss,-1.0,1.0,2.0,1.0,0.0,True
1.0,-0.12097876525694007,representational_loss,-1.0,1.0,2.0,1.0,0.0,True
1.0,-0.3797544670221964,representational_loss,-1.0,1.0,2.0,1.0,0.0,True
1.0,-0.8092690605049111,representational_loss,-1.0,1.0,2.0,1.0,0.0,True
1.0,-0.514989824020978,representational_loss,-1.0,1.0,2.0,1.0,0.0,True
1.0,0.03563477429771034,representational_loss,-1.0,1.0,2.0,1.0,0.0,True
1.0,0.06790706752885267,representational_loss,-1.0,1.0,2.0,1.0,0.0,True
1.0,0.11399133373762682,representational_loss,-1.0,1.0,2.0,1.0,0.0,True
1.0,0.9034141116908814,representational_loss,-1.0,1.0,2.0,1.0,0.0,True
1.0,0.03693266424853525,representational_loss,-1.0,1.0,2.0,1.0,0.0,True
1.0,0.8023900279333802,representational_loss,-1.0,1.0,2.0,1.0,0.0,True
1.0,0.30332077058887075,representational_loss,-1.0,1.0,2.0,1.0,0.0,True
1.0,-0.65565811811642,representational_loss,-1.0,1.0,2.0,1.0,0.0,True
1.0,0.44551241129406716,representational_loss,-1.0,1.0,2.0,1.0,0.0,True
1.0,0.18630459900989127,representational_loss,-1.0,1.0,2.0,1.0,0.0,True
1.0,0.8545851709413168,representational_loss,-1.0,1.0,2.0,1.0,0.0,True
1.0,0.8704090045858732,representational_loss,-1.0,1.0,2.0,1.0,0.0,True
1.0,0.8842770298225675,representational_loss,-1.0,1.0,2.0,1.0,0.0,True
1.0,-0.37084973350439254,representational_loss,-1.0,1.0,2.0,1.0,0.0,True
1.0,0.301070576940242,representational_loss,-1.0,1.0,2.0,1.0,0.0,True
1.0,0.3768921766266313,representational_loss,-1.0,1.0,2.0,1.0,0.0,True
1.0,0.6600142485340506,representational_loss,-1.0,1.0,2.0,1.0,0.0,True
1.0,0.6612689553188362,representational_loss,-1.0,1.0,2.0,1.0,0.0,True
1.0,-0.8293240255494574,representational_loss,-1.0,1.0,2.0,1.0,0.0,True
1.0,0.2449057967075028,representational_loss,-1.0,1.0,2.0,1.0,0.0,True
1.0,-0.7745749305068252,representational_loss,-1.0,1.0,2.0,1.0,0.0,True
1.0,-0.4619195149725499,representational_loss,-1.0,1.0,2.0,1.0,0.0,True
1.0,0.6565658815214626,representational_loss,-1.0,1.0,2.0,1.0,0.0,True
1.0,-0.8430084594333682,representational_loss,-1.0,1.0,2.0,1.0,0.0,True
1.0,-0.3351958301963558,representational_loss,-1.0,1.0,2.0,1.0,0.0,True
1.0,0.32887026483899384,representational_loss,-1.0,1.0,2.0,1.0,0.0,True
1.0,-0.830543583804974,representational_loss,-1.0,1.0,2.0,1.0,0.0,True
1.0,-0.6302570442964723,representational_loss,-1.0,1.0,2.0,1.0,0.0,True
1.0,0.7784696488506186,representational_loss,-1.0,1.0,2.0,1.0,0.0,True
1.0,-0.4279548184801911,representational_loss,-1.0,1.0,2.0,1.0,0.0,True
1.0,0.9120793438807098,representational_loss,-1.0,1.0,2.0,1.0,0.0,True
1.0,-0.07583080840905687,representational_loss,-1.0,1.0,2.0,1.0,0.0,True
1.0,-0.6550116994131285,representational_loss,-1.0,1.0,2.0,1.0,0.0,True
1.0,-0.13219114935368648,representational_loss,-1.0,1.0,2.0,1.0,0.0,True
1.0,-0.8972825827465538,representational_loss,-1.0,1.0,2.0,1.0,0.0,True
1.0,-0.2896797115832579,representational_loss,-1.0,1.0,2.0,1.0,0.0,True
1.0,0.4099059260200266,representational_loss,-1.0,1.0,2.0,1.0,0.0,True
1.0,-0.17836041025844174,representational_loss,-1.0,1.0,2.0,1.0,0.0,True
1.0,0.25612427607838995,representational_loss,-1.0,1.0,2.0,1.0,0.0,True
1.0,-0.4121547920740345,representational_loss,-1.0,1.0,2.0,1.0,0.0,True
1.0,0.6969316347102041,representational_loss,-1.0,1.0,2.0,1.0,0.0,True
1.0,-0.6618327826471604,representational_loss,-1.0,1.0,2.0,1.0,0.0,True
1.0,-0.5935810306368945,representational_loss,-1.0,1.0,2.0,1.0,0.0,True
1.0,-0.107613280944308,representational_loss,-1.0,1.0,2.0,1.0,0.0,True
1.0,-0.3709318872037015,representational_loss,-1.0,1.0,2.0,1.0,0.0,True
1.0,-0.4162961281524351,representational_loss,-1.0,1.0,2.0,1.0,0.0,True
1.0,0.7819777882107342,representational_loss,-1.0,1.0,2.0,1.0,0.0,True
1.0,0.7553200969203957,representational_loss,-1.0,1.0,2.0,1.0,0.0,True
1.0,0.08323407740455457,representational_loss,-1.0,1.0,2.0,1.0,0.0,True
1.0,0.6064435820788143,representational_loss,-1.0,1.0,2.0,1.0,0.0,True
1.0,-0.48612357931526695,representational_loss,-1.0,1.0,2.0,1.0,0.0,True
1.0,0.284729981605103,representational_loss,-1.0,1.0,2.0,1.0,0.0,True
1.0,0.3058778108174631,representational_loss,-1.0,1.0,2.0,1.0,0.0,True
1.0,0.8678178717640825,representational_loss,-1.0,1.0,2.0,1.0,0.0,True
1.0,-0.01848727101563763,representational_loss,-1.0,1.0,2.0,1.0,0.0,True
1.0,-0.2276537482813017,representational_loss,-1.0,1.0,2.0,1.0,0.0,True
1.0,-0.8052048965516636,representational_loss,-1.0,1.0,2.0,1.0,0.0,True
1.0,-0.3119805227243675,representational_loss,-1.0,1.0,2.0,1.0,0.0,True
1.0,0.5565122423765823,representational_loss,-1.0,1.0,2.0,1.0,0.0,True
1.0,-0.6923098378931098,representational_loss,-1.0,1.0,2.0,1.0,0.0,True
1.0,-0.046267127149039355,representational_loss,-1.0,1.0,2.0,1.0,0.0,True
1.0,0.9434739060646882,representational_loss,-1.0,1.0,2.0,1.0,0.0,True
1.0,-0.22580205066451797,representational_loss,-1.0,1.0,2.0,1.0,0.0,True
1.0,0.5631620328276021,representational_loss,-1.0,1.0,2.0,1.0,0.0,True
1.0,-0.39505446160689317,representational_loss,-1.0,1.0,2.0,1.0,0.0,True
1.0,-0.5552558292672138,representational_loss,-1.0,1.0,2.0,1.0,0.0,True
1.0,0.40620545282353104,representational_loss,-1.0,1.0,2.0,1.0,0.0,True
1.0,0.40441464633524693,representational_loss,-1.0,1.0,2.0,1.0,0.0,True
1.0,-0.5382343899971982,representational_loss,-1.0,1.0,2.0,1.0,0.0,True
1.0,-0.6115790685108822,representational_loss,-1.0,1.0,2.0,1.0,0.0,True
1.0,0.6776846008471311,representational_loss,-1.0,1.0,2.0,1.0,0.0,True
1.0,0.8182435444764,representational_loss,-1.0,1.0,2.0,1.0,0.0,True
1.0,-0.6435235607786318,representational_loss,-1.0,1.0,2.0,1.0,0.0,True
1.0,0.1627938536119744,representational_loss,-1.0,1.0,2.0,1.0,0.0,True
1.0,0.7961019877456432,representational_loss,-1.0,1.0,2.0,1.0,0.0,True
1.0,0.34613121665971436,representational_loss,-1.0,1.0,2.0,1.0,0.0,True
1.0,0.0477400764146827,representational_loss,-1.0,1.0,2.0,1.0,0.0,True
1.0,-0.3631160167695553,representational_loss,-1.0,1.0,2.0,1.0,0.0,True
1.0,-0.58863204247367,representational_loss,-1.0,1.0,2.0,1.0,0.0,True
1.0,-0.40008712849565065,representational_loss,-1.0,1.0,2.0,1.0,0.0,True
1.0,0.19559149824914335,representational_loss,-1.0,1.0,2.0,1.0,0.0,True
1.0,-0.9893605537964882,representational_loss,-1.0,1.0,2.0,1.0,0.0,True
1.0,-0.977908487846685,representational_loss,-1.0,1.0,2.0,1.0,0.0,True
1.0,0.9723573385014295,representational_loss,-1.0,1.0,2.0,1.0,0.0,True
1.0,0.1391384004195173,representational_loss,-1.0,1.0,2.0,1.0,0.0,True
1.0,-0.4887582780537536,representational_loss,-1.0,1.0,2.0,1.0,0.0,True
1.0,-0.6770123231190006,representational_loss,-1.0,1.0,2.0,1.0,0.0,True
1.0,-0.2865175537241236,representational_loss,-1.0,1.0,2.0,1.0,0.0,True
1.0,0.983998848406159,representational_loss,-1.0,1.0,2.0,1.0,0.0,True
1.0,-0.9351387260434085,representational_loss,-1.0,1.0,2.0,1.0,0.0,True
1.0,-0.16034104875501876,representational_loss,-1.0,1.0,2.0,1.0,0.0,True
1.0,-0.07216292192203322,representational_loss,-1.0,1.0,2.0,1.0,0.0,True
1.0,-0.7371418121535225,representational_loss,-1.0,1.0,2.0,1.0,0.0,True
